monitor,family,kind,outcome,hazard,margin_ms
deadline,dos_flood,attack,FN,False,-inf
deadline,dos_flood,benign,TN,False,
deadline_oracle,dos_flood,attack,FN,False,-inf
deadline_oracle,dos_flood,benign,TN,False,
frequency,dos_flood,attack,TP,False,104.56414700431085
frequency,dos_flood,benign,TN,False,
plausibility,dos_flood,attack,FN,False,-inf
plausibility,dos_flood,benign,TN,False,
timing_only,dos_flood,attack,TP,False,104.56414700431085
timing_only,dos_flood,benign,TN,False,
fused,dos_flood,attack,TP,False,104.56414700431085
fused,dos_flood,benign,TN,False,
deadline,dos_flood,attack,FN,False,-inf
deadline,dos_flood,benign,TN,False,
deadline_oracle,dos_flood,attack,FN,False,-inf
deadline_oracle,dos_flood,benign,TN,False,
frequency,dos_flood,attack,TP,False,25.51697506163046
frequency,dos_flood,benign,TN,False,
plausibility,dos_flood,attack,FN,False,-inf
plausibility,dos_flood,benign,TN,False,
timing_only,dos_flood,attack,TP,False,25.51697506163046
timing_only,dos_flood,benign,TN,False,
fused,dos_flood,attack,TP,False,25.51697506163046
fused,dos_flood,benign,TN,False,
deadline,dos_flood,attack,FN,False,-inf
deadline,dos_flood,benign,TN,False,
deadline_oracle,dos_flood,attack,FN,False,-inf
deadline_oracle,dos_flood,benign,TN,False,
frequency,dos_flood,attack,TP,False,39.45307105503959
frequency,dos_flood,benign,TN,False,
plausibility,dos_flood,attack,FN,False,-inf
plausibility,dos_flood,benign,TN,False,
timing_only,dos_flood,attack,TP,False,39.45307105503959
timing_only,dos_flood,benign,TN,False,
fused,dos_flood,attack,TP,False,39.45307105503959
fused,dos_flood,benign,TN,False,
deadline,dos_flood,attack,FN,False,-inf
deadline,dos_flood,benign,TN,False,
deadline_oracle,dos_flood,attack,FN,False,-inf
deadline_oracle,dos_flood,benign,TN,False,
frequency,dos_flood,attack,TP,False,100.19569398431373
frequency,dos_flood,benign,TN,False,
plausibility,dos_flood,attack,FN,False,-inf
plausibility,dos_flood,benign,TN,False,
timing_only,dos_flood,attack,TP,False,100.19569398431373
timing_only,dos_flood,benign,TN,False,
fused,dos_flood,attack,TP,False,100.19569398431373
fused,dos_flood,benign,TN,False,
deadline,dos_flood,attack,TP,True,126.11445614747451
deadline,dos_flood,benign,TN,False,
deadline_oracle,dos_flood,attack,TP,True,119.53845614747452
deadline_oracle,dos_flood,benign,TN,False,
frequency,dos_flood,attack,TP,True,174.9424561474745
frequency,dos_flood,benign,TN,False,
plausibility,dos_flood,attack,FN,True,-inf
plausibility,dos_flood,benign,TN,False,
timing_only,dos_flood,attack,TP,True,174.9424561474745
timing_only,dos_flood,benign,TN,False,
fused,dos_flood,attack,TP,True,174.9424561474745
fused,dos_flood,benign,TN,False,
deadline,dos_flood,attack,FN,True,-inf
deadline,dos_flood,benign,TN,False,
deadline_oracle,dos_flood,attack,TP,True,20.460804998518057
deadline_oracle,dos_flood,benign,TN,False,
frequency,dos_flood,attack,TP,True,177.70380499851805
frequency,dos_flood,benign,TN,False,
plausibility,dos_flood,attack,FN,True,-inf
plausibility,dos_flood,benign,TN,False,
timing_only,dos_flood,attack,TP,True,177.70380499851805
timing_only,dos_flood,benign,TN,False,
fused,dos_flood,attack,TP,True,177.70380499851805
fused,dos_flood,benign,TN,False,
deadline,dos_flood,attack,FN,False,-inf
deadline,dos_flood,benign,TN,False,
deadline_oracle,dos_flood,attack,FN,False,-inf
deadline_oracle,dos_flood,benign,TN,False,
frequency,dos_flood,attack,TP,False,177.10833459520643
frequency,dos_flood,benign,TN,False,
plausibility,dos_flood,attack,FN,False,-inf
plausibility,dos_flood,benign,TN,False,
timing_only,dos_flood,attack,TP,False,177.10833459520643
timing_only,dos_flood,benign,TN,False,
fused,dos_flood,attack,TP,False,177.10833459520643
fused,dos_flood,benign,TN,False,
deadline,dos_flood,attack,FN,False,-inf
deadline,dos_flood,benign,TN,False,
deadline_oracle,dos_flood,attack,TP,False,90.89674617801525
deadline_oracle,dos_flood,benign,TN,False,
frequency,dos_flood,attack,TP,False,166.78874617801523
frequency,dos_flood,benign,TN,False,
plausibility,dos_flood,attack,FN,False,-inf
plausibility,dos_flood,benign,TN,False,
timing_only,dos_flood,attack,TP,False,166.78874617801523
timing_only,dos_flood,benign,TN,False,
fused,dos_flood,attack,TP,False,166.78874617801523
fused,dos_flood,benign,TN,False,
deadline,dos_flood,attack,FN,False,-inf
deadline,dos_flood,benign,TN,False,
deadline_oracle,dos_flood,attack,FN,False,-inf
deadline_oracle,dos_flood,benign,TN,False,
frequency,dos_flood,attack,TP,False,180.38970665978314
frequency,dos_flood,benign,TN,False,
plausibility,dos_flood,attack,FN,False,-inf
plausibility,dos_flood,benign,TN,False,
timing_only,dos_flood,attack,TP,False,180.38970665978314
timing_only,dos_flood,benign,TN,False,
fused,dos_flood,attack,TP,False,180.38970665978314
fused,dos_flood,benign,TN,False,
deadline,dos_flood,attack,TP,True,30.92886637684171
deadline,dos_flood,benign,TN,False,
deadline_oracle,dos_flood,attack,TP,True,22.64586637684171
deadline_oracle,dos_flood,benign,TN,False,
frequency,dos_flood,attack,TP,True,92.1118663768417
frequency,dos_flood,benign,TN,False,
plausibility,dos_flood,attack,FN,True,-inf
plausibility,dos_flood,benign,TN,False,
timing_only,dos_flood,attack,TP,True,92.1118663768417
timing_only,dos_flood,benign,TN,False,
fused,dos_flood,attack,TP,True,92.1118663768417
fused,dos_flood,benign,TN,False,
deadline,dos_flood,attack,FN,True,-inf
deadline,dos_flood,benign,TN,False,
deadline_oracle,dos_flood,attack,TP,True,93.27769750317565
deadline_oracle,dos_flood,benign,TN,False,
frequency,dos_flood,attack,TP,True,220.81069750317565
frequency,dos_flood,benign,TN,False,
plausibility,dos_flood,attack,FN,True,-inf
plausibility,dos_flood,benign,TN,False,
timing_only,dos_flood,attack,TP,True,220.81069750317565
timing_only,dos_flood,benign,TN,False,
fused,dos_flood,attack,TP,True,220.81069750317565
fused,dos_flood,benign,TN,False,
deadline,dos_flood,attack,FN,False,-inf
deadline,dos_flood,benign,TN,False,
deadline_oracle,dos_flood,attack,FN,False,-inf
deadline_oracle,dos_flood,benign,TN,False,
frequency,dos_flood,attack,TP,False,234.78292423777643
frequency,dos_flood,benign,TN,False,
plausibility,dos_flood,attack,FN,False,-inf
plausibility,dos_flood,benign,TN,False,
timing_only,dos_flood,attack,TP,False,234.78292423777643
timing_only,dos_flood,benign,TN,False,
fused,dos_flood,attack,TP,False,234.78292423777643
fused,dos_flood,benign,TN,False,
deadline,dos_flood,attack,TP,False,75.9369756113774
deadline,dos_flood,benign,FP,False,
deadline_oracle,dos_flood,attack,FN,False,-inf
deadline_oracle,dos_flood,benign,TN,False,
frequency,dos_flood,attack,TP,False,175.0929756113774
frequency,dos_flood,benign,TN,False,
plausibility,dos_flood,attack,FN,False,-inf
plausibility,dos_flood,benign,TN,False,
timing_only,dos_flood,attack,TP,False,175.0929756113774
timing_only,dos_flood,benign,FP,False,
fused,dos_flood,attack,TP,False,175.0929756113774
fused,dos_flood,benign,FP,False,
deadline,dos_flood,attack,FN,False,-inf
deadline,dos_flood,benign,TN,False,
deadline_oracle,dos_flood,attack,FN,False,-inf
deadline_oracle,dos_flood,benign,TN,False,
frequency,dos_flood,attack,TP,False,166.9626853481972
frequency,dos_flood,benign,TN,False,
plausibility,dos_flood,attack,FN,False,-inf
plausibility,dos_flood,benign,TN,False,
timing_only,dos_flood,attack,TP,False,166.9626853481972
timing_only,dos_flood,benign,TN,False,
fused,dos_flood,attack,TP,False,166.9626853481972
fused,dos_flood,benign,TN,False,
deadline,dos_flood,attack,TP,True,13.488592029862431
deadline,dos_flood,benign,TN,False,
deadline_oracle,dos_flood,attack,TP,True,10.613592029862431
deadline_oracle,dos_flood,benign,TN,False,
frequency,dos_flood,attack,TP,True,56.14559202986243
frequency,dos_flood,benign,TN,False,
plausibility,dos_flood,attack,FN,True,-inf
plausibility,dos_flood,benign,TN,False,
timing_only,dos_flood,attack,TP,True,56.14559202986243
timing_only,dos_flood,benign,TN,False,
fused,dos_flood,attack,TP,True,56.14559202986243
fused,dos_flood,benign,TN,False,
deadline,dos_flood,attack,FN,False,-inf
deadline,dos_flood,benign,TN,False,
deadline_oracle,dos_flood,attack,FN,False,-inf
deadline_oracle,dos_flood,benign,TN,False,
frequency,dos_flood,attack,TP,False,126.68415035131008
frequency,dos_flood,benign,TN,False,
plausibility,dos_flood,attack,FN,False,-inf
plausibility,dos_flood,benign,TN,False,
timing_only,dos_flood,attack,TP,False,126.68415035131008
timing_only,dos_flood,benign,TN,False,
fused,dos_flood,attack,TP,False,126.68415035131008
fused,dos_flood,benign,TN,False,
deadline,dos_flood,attack,FN,False,-inf
deadline,dos_flood,benign,TN,False,
deadline_oracle,dos_flood,attack,FN,False,-inf
deadline_oracle,dos_flood,benign,TN,False,
frequency,dos_flood,attack,TP,False,206.00801434124057
frequency,dos_flood,benign,TN,False,
plausibility,dos_flood,attack,FN,False,-inf
plausibility,dos_flood,benign,TN,False,
timing_only,dos_flood,attack,TP,False,206.00801434124057
timing_only,dos_flood,benign,TN,False,
fused,dos_flood,attack,TP,False,206.00801434124057
fused,dos_flood,benign,TN,False,
deadline,dos_flood,attack,FN,False,-inf
deadline,dos_flood,benign,TN,False,
deadline_oracle,dos_flood,attack,FN,False,-inf
deadline_oracle,dos_flood,benign,TN,False,
frequency,dos_flood,attack,TP,False,105.01237060171222
frequency,dos_flood,benign,TN,False,
plausibility,dos_flood,attack,FN,False,-inf
plausibility,dos_flood,benign,TN,False,
timing_only,dos_flood,attack,TP,False,105.01237060171222
timing_only,dos_flood,benign,TN,False,
fused,dos_flood,attack,TP,False,105.01237060171222
fused,dos_flood,benign,TN,False,
deadline,dos_flood,attack,FN,True,-inf
deadline,dos_flood,benign,TN,False,
deadline_oracle,dos_flood,attack,TP,True,16.152909728529536
deadline_oracle,dos_flood,benign,TN,False,
frequency,dos_flood,attack,TP,True,135.38190972852954
frequency,dos_flood,benign,TN,False,
plausibility,dos_flood,attack,FN,True,-inf
plausibility,dos_flood,benign,TN,False,
timing_only,dos_flood,attack,TP,True,135.38190972852954
timing_only,dos_flood,benign,TN,False,
fused,dos_flood,attack,TP,True,135.38190972852954
fused,dos_flood,benign,TN,False,
deadline,dos_flood,attack,FN,True,-inf
deadline,dos_flood,benign,TN,False,
deadline_oracle,dos_flood,attack,TP,True,77.81828055431755
deadline_oracle,dos_flood,benign,TN,False,
frequency,dos_flood,attack,TP,True,246.59928055431755
frequency,dos_flood,benign,TN,False,
plausibility,dos_flood,attack,FN,True,-inf
plausibility,dos_flood,benign,TN,False,
timing_only,dos_flood,attack,TP,True,246.59928055431755
timing_only,dos_flood,benign,TN,False,
fused,dos_flood,attack,TP,True,246.59928055431755
fused,dos_flood,benign,TN,False,
deadline,dos_flood,attack,FN,False,-inf
deadline,dos_flood,benign,TN,False,
deadline_oracle,dos_flood,attack,FN,False,-inf
deadline_oracle,dos_flood,benign,TN,False,
frequency,dos_flood,attack,TP,False,89.36041644761067
frequency,dos_flood,benign,TN,False,
plausibility,dos_flood,attack,FN,False,-inf
plausibility,dos_flood,benign,TN,False,
timing_only,dos_flood,attack,TP,False,89.36041644761067
timing_only,dos_flood,benign,TN,False,
fused,dos_flood,attack,TP,False,89.36041644761067
fused,dos_flood,benign,TN,False,
deadline,dos_flood,attack,FN,False,-inf
deadline,dos_flood,benign,TN,False,
deadline_oracle,dos_flood,attack,FN,False,-inf
deadline_oracle,dos_flood,benign,TN,False,
frequency,dos_flood,attack,TP,False,104.48403151130091
frequency,dos_flood,benign,TN,False,
plausibility,dos_flood,attack,FN,False,-inf
plausibility,dos_flood,benign,TN,False,
timing_only,dos_flood,attack,TP,False,104.48403151130091
timing_only,dos_flood,benign,TN,False,
fused,dos_flood,attack,TP,False,104.48403151130091
fused,dos_flood,benign,TN,False,
deadline,dos_flood,attack,FN,False,-inf
deadline,dos_flood,benign,TN,False,
deadline_oracle,dos_flood,attack,FN,False,-inf
deadline_oracle,dos_flood,benign,TN,False,
frequency,dos_flood,attack,TP,False,232.23789242311992
frequency,dos_flood,benign,TN,False,
plausibility,dos_flood,attack,FN,False,-inf
plausibility,dos_flood,benign,TN,False,
timing_only,dos_flood,attack,TP,False,232.23789242311992
timing_only,dos_flood,benign,TN,False,
fused,dos_flood,attack,TP,False,232.23789242311992
fused,dos_flood,benign,TN,False,
deadline,dos_flood,attack,FN,False,-inf
deadline,dos_flood,benign,TN,False,
deadline_oracle,dos_flood,attack,TP,False,36.75160976300664
deadline_oracle,dos_flood,benign,TN,False,
frequency,dos_flood,attack,TP,False,110.05760976300664
frequency,dos_flood,benign,TN,False,
plausibility,dos_flood,attack,FN,False,-inf
plausibility,dos_flood,benign,TN,False,
timing_only,dos_flood,attack,TP,False,110.05760976300664
timing_only,dos_flood,benign,TN,False,
fused,dos_flood,attack,TP,False,110.05760976300664
fused,dos_flood,benign,TN,False,
deadline,dos_flood,attack,FN,False,-inf
deadline,dos_flood,benign,TN,False,
deadline_oracle,dos_flood,attack,FN,False,-inf
deadline_oracle,dos_flood,benign,TN,False,
frequency,dos_flood,attack,TP,False,114.1755561323664
frequency,dos_flood,benign,TN,False,
plausibility,dos_flood,attack,FN,False,-inf
plausibility,dos_flood,benign,TN,False,
timing_only,dos_flood,attack,TP,False,114.1755561323664
timing_only,dos_flood,benign,TN,False,
fused,dos_flood,attack,TP,False,114.1755561323664
fused,dos_flood,benign,TN,False,
deadline,dos_flood,attack,FN,False,-inf
deadline,dos_flood,benign,TN,False,
deadline_oracle,dos_flood,attack,FN,False,-inf
deadline_oracle,dos_flood,benign,TN,False,
frequency,dos_flood,attack,TP,False,81.17310062129494
frequency,dos_flood,benign,TN,False,
plausibility,dos_flood,attack,FN,False,-inf
plausibility,dos_flood,benign,TN,False,
timing_only,dos_flood,attack,TP,False,81.17310062129494
timing_only,dos_flood,benign,TN,False,
fused,dos_flood,attack,TP,False,81.17310062129494
fused,dos_flood,benign,TN,False,
deadline,dos_flood,attack,FN,False,-inf
deadline,dos_flood,benign,TN,False,
deadline_oracle,dos_flood,attack,FN,False,-inf
deadline_oracle,dos_flood,benign,TN,False,
frequency,dos_flood,attack,TP,False,185.3646502202206
frequency,dos_flood,benign,TN,False,
plausibility,dos_flood,attack,FN,False,-inf
plausibility,dos_flood,benign,TN,False,
timing_only,dos_flood,attack,TP,False,185.3646502202206
timing_only,dos_flood,benign,TN,False,
fused,dos_flood,attack,TP,False,185.3646502202206
fused,dos_flood,benign,TN,False,
deadline,dos_flood,attack,FN,False,-inf
deadline,dos_flood,benign,TN,False,
deadline_oracle,dos_flood,attack,FN,False,-inf
deadline_oracle,dos_flood,benign,TN,False,
frequency,dos_flood,attack,TP,False,199.17733001961437
frequency,dos_flood,benign,TN,False,
plausibility,dos_flood,attack,FN,False,-inf
plausibility,dos_flood,benign,TN,False,
timing_only,dos_flood,attack,TP,False,199.17733001961437
timing_only,dos_flood,benign,TN,False,
fused,dos_flood,attack,TP,False,199.17733001961437
fused,dos_flood,benign,TN,False,
deadline,dos_flood,attack,FN,True,-inf
deadline,dos_flood,benign,TN,False,
deadline_oracle,dos_flood,attack,TP,True,2.8695832847752314
deadline_oracle,dos_flood,benign,TN,False,
frequency,dos_flood,attack,TP,True,123.55558328477522
frequency,dos_flood,benign,TN,False,
plausibility,dos_flood,attack,FN,True,-inf
plausibility,dos_flood,benign,TN,False,
timing_only,dos_flood,attack,TP,True,123.55558328477522
timing_only,dos_flood,benign,TN,False,
fused,dos_flood,attack,TP,True,123.55558328477522
fused,dos_flood,benign,TN,False,
deadline,dos_flood,attack,TP,True,126.82289274222265
deadline,dos_flood,benign,TN,False,
deadline_oracle,dos_flood,attack,TP,True,125.17289274222266
deadline_oracle,dos_flood,benign,TN,False,
frequency,dos_flood,attack,TP,True,169.46489274222264
frequency,dos_flood,benign,TN,False,
plausibility,dos_flood,attack,FN,True,-inf
plausibility,dos_flood,benign,TN,False,
timing_only,dos_flood,attack,TP,True,169.46489274222264
timing_only,dos_flood,benign,TN,False,
fused,dos_flood,attack,TP,True,169.46489274222264
fused,dos_flood,benign,TN,False,
deadline,dos_flood,attack,FN,False,-inf
deadline,dos_flood,benign,TN,False,
deadline_oracle,dos_flood,attack,FN,False,-inf
deadline_oracle,dos_flood,benign,TN,False,
frequency,dos_flood,attack,TP,False,177.27029159814515
frequency,dos_flood,benign,TN,False,
plausibility,dos_flood,attack,FN,False,-inf
plausibility,dos_flood,benign,TN,False,
timing_only,dos_flood,attack,TP,False,177.27029159814515
timing_only,dos_flood,benign,TN,False,
fused,dos_flood,attack,TP,False,177.27029159814515
fused,dos_flood,benign,TN,False,
deadline,dos_flood,attack,FN,False,-inf
deadline,dos_flood,benign,TN,False,
deadline_oracle,dos_flood,attack,FN,False,-inf
deadline_oracle,dos_flood,benign,TN,False,
frequency,dos_flood,attack,TP,False,262.67217860795876
frequency,dos_flood,benign,TN,False,
plausibility,dos_flood,attack,FN,False,-inf
plausibility,dos_flood,benign,TN,False,
timing_only,dos_flood,attack,TP,False,262.67217860795876
timing_only,dos_flood,benign,TN,False,
fused,dos_flood,attack,TP,False,262.67217860795876
fused,dos_flood,benign,TN,False,
deadline,dos_flood,attack,FN,False,-inf
deadline,dos_flood,benign,TN,False,
deadline_oracle,dos_flood,attack,FN,False,-inf
deadline_oracle,dos_flood,benign,TN,False,
frequency,dos_flood,attack,TP,False,85.65086317461575
frequency,dos_flood,benign,TN,False,
plausibility,dos_flood,attack,FN,False,-inf
plausibility,dos_flood,benign,TN,False,
timing_only,dos_flood,attack,TP,False,85.65086317461575
timing_only,dos_flood,benign,TN,False,
fused,dos_flood,attack,TP,False,85.65086317461575
fused,dos_flood,benign,TN,False,
deadline,dos_flood,attack,FN,False,-inf
deadline,dos_flood,benign,TN,False,
deadline_oracle,dos_flood,attack,FN,False,-inf
deadline_oracle,dos_flood,benign,TN,False,
frequency,dos_flood,attack,TP,False,37.95746890694912
frequency,dos_flood,benign,TN,False,
plausibility,dos_flood,attack,FN,False,-inf
plausibility,dos_flood,benign,TN,False,
timing_only,dos_flood,attack,TP,False,37.95746890694912
timing_only,dos_flood,benign,TN,False,
fused,dos_flood,attack,TP,False,37.95746890694912
fused,dos_flood,benign,TN,False,
deadline,dos_flood,attack,FN,False,-inf
deadline,dos_flood,benign,TN,False,
deadline_oracle,dos_flood,attack,FN,False,-inf
deadline_oracle,dos_flood,benign,TN,False,
frequency,dos_flood,attack,TP,False,68.1378714394838
frequency,dos_flood,benign,TN,False,
plausibility,dos_flood,attack,FN,False,-inf
plausibility,dos_flood,benign,TN,False,
timing_only,dos_flood,attack,TP,False,68.1378714394838
timing_only,dos_flood,benign,TN,False,
fused,dos_flood,attack,TP,False,68.1378714394838
fused,dos_flood,benign,TN,False,
deadline,dos_flood,attack,TP,True,128.2920093825665
deadline,dos_flood,benign,TN,False,
deadline_oracle,dos_flood,attack,TP,True,129.05800938256652
deadline_oracle,dos_flood,benign,TN,False,
frequency,dos_flood,attack,TP,True,164.5060093825665
frequency,dos_flood,benign,TN,False,
plausibility,dos_flood,attack,FN,True,-inf
plausibility,dos_flood,benign,TN,False,
timing_only,dos_flood,attack,TP,True,164.5060093825665
timing_only,dos_flood,benign,TN,False,
fused,dos_flood,attack,TP,True,164.5060093825665
fused,dos_flood,benign,TN,False,
deadline,dos_flood,attack,TP,True,107.3677624985088
deadline,dos_flood,benign,TN,False,
deadline_oracle,dos_flood,attack,TP,True,107.5547624985088
deadline_oracle,dos_flood,benign,TN,False,
frequency,dos_flood,attack,TP,True,142.3967624985088
frequency,dos_flood,benign,TN,False,
plausibility,dos_flood,attack,FN,True,-inf
plausibility,dos_flood,benign,TN,False,
timing_only,dos_flood,attack,TP,True,142.3967624985088
timing_only,dos_flood,benign,TN,False,
fused,dos_flood,attack,TP,True,142.3967624985088
fused,dos_flood,benign,TN,False,
deadline,dos_flood,attack,FN,False,-inf
deadline,dos_flood,benign,TN,False,
deadline_oracle,dos_flood,attack,FN,False,-inf
deadline_oracle,dos_flood,benign,TN,False,
frequency,dos_flood,attack,TP,False,262.872153201689
frequency,dos_flood,benign,TN,False,
plausibility,dos_flood,attack,FN,False,-inf
plausibility,dos_flood,benign,TN,False,
timing_only,dos_flood,attack,TP,False,262.872153201689
timing_only,dos_flood,benign,TN,False,
fused,dos_flood,attack,TP,False,262.872153201689
fused,dos_flood,benign,TN,False,
deadline,dos_flood,attack,FN,False,-inf
deadline,dos_flood,benign,TN,False,
deadline_oracle,dos_flood,attack,FN,False,-inf
deadline_oracle,dos_flood,benign,TN,False,
frequency,dos_flood,attack,TP,False,222.24916467784152
frequency,dos_flood,benign,TN,False,
plausibility,dos_flood,attack,FN,False,-inf
plausibility,dos_flood,benign,TN,False,
timing_only,dos_flood,attack,TP,False,222.24916467784152
timing_only,dos_flood,benign,TN,False,
fused,dos_flood,attack,TP,False,222.24916467784152
fused,dos_flood,benign,TN,False,
deadline,dos_flood,attack,FN,False,-inf
deadline,dos_flood,benign,TN,False,
deadline_oracle,dos_flood,attack,FN,False,-inf
deadline_oracle,dos_flood,benign,TN,False,
frequency,dos_flood,attack,TP,False,164.0073034486245
frequency,dos_flood,benign,TN,False,
plausibility,dos_flood,attack,FN,False,-inf
plausibility,dos_flood,benign,TN,False,
timing_only,dos_flood,attack,TP,False,164.0073034486245
timing_only,dos_flood,benign,TN,False,
fused,dos_flood,attack,TP,False,164.0073034486245
fused,dos_flood,benign,TN,False,
deadline,priority_abuse,attack,FN,False,-inf
deadline,priority_abuse,benign,TN,False,
deadline_oracle,priority_abuse,attack,FN,False,-inf
deadline_oracle,priority_abuse,benign,TN,False,
frequency,priority_abuse,attack,TP,False,207.19024261840156
frequency,priority_abuse,benign,TN,False,
plausibility,priority_abuse,attack,FN,False,-inf
plausibility,priority_abuse,benign,TN,False,
timing_only,priority_abuse,attack,TP,False,207.19024261840156
timing_only,priority_abuse,benign,TN,False,
fused,priority_abuse,attack,TP,False,207.19024261840156
fused,priority_abuse,benign,TN,False,
deadline,priority_abuse,attack,FN,False,-inf
deadline,priority_abuse,benign,TN,False,
deadline_oracle,priority_abuse,attack,FN,False,-inf
deadline_oracle,priority_abuse,benign,TN,False,
frequency,priority_abuse,attack,TP,False,20.62014964828748
frequency,priority_abuse,benign,TN,False,
plausibility,priority_abuse,attack,FN,False,-inf
plausibility,priority_abuse,benign,TN,False,
timing_only,priority_abuse,attack,TP,False,20.62014964828748
timing_only,priority_abuse,benign,TN,False,
fused,priority_abuse,attack,TP,False,20.62014964828748
fused,priority_abuse,benign,TN,False,
deadline,priority_abuse,attack,FN,False,-inf
deadline,priority_abuse,benign,TN,False,
deadline_oracle,priority_abuse,attack,FN,False,-inf
deadline_oracle,priority_abuse,benign,TN,False,
frequency,priority_abuse,attack,TP,False,170.16087009616808
frequency,priority_abuse,benign,TN,False,
plausibility,priority_abuse,attack,FN,False,-inf
plausibility,priority_abuse,benign,TN,False,
timing_only,priority_abuse,attack,TP,False,170.16087009616808
timing_only,priority_abuse,benign,TN,False,
fused,priority_abuse,attack,TP,False,170.16087009616808
fused,priority_abuse,benign,TN,False,
deadline,priority_abuse,attack,FN,False,-inf
deadline,priority_abuse,benign,TN,False,
deadline_oracle,priority_abuse,attack,FN,False,-inf
deadline_oracle,priority_abuse,benign,TN,False,
frequency,priority_abuse,attack,TP,False,88.68768878386734
frequency,priority_abuse,benign,TN,False,
plausibility,priority_abuse,attack,FN,False,-inf
plausibility,priority_abuse,benign,TN,False,
timing_only,priority_abuse,attack,TP,False,88.68768878386734
timing_only,priority_abuse,benign,TN,False,
fused,priority_abuse,attack,TP,False,88.68768878386734
fused,priority_abuse,benign,TN,False,
deadline,priority_abuse,attack,FN,False,-inf
deadline,priority_abuse,benign,TN,False,
deadline_oracle,priority_abuse,attack,FN,False,-inf
deadline_oracle,priority_abuse,benign,TN,False,
frequency,priority_abuse,attack,TP,False,18.604699253053
frequency,priority_abuse,benign,TN,False,
plausibility,priority_abuse,attack,FN,False,-inf
plausibility,priority_abuse,benign,TN,False,
timing_only,priority_abuse,attack,TP,False,18.604699253053
timing_only,priority_abuse,benign,TN,False,
fused,priority_abuse,attack,TP,False,18.604699253053
fused,priority_abuse,benign,TN,False,
deadline,priority_abuse,attack,FN,False,-inf
deadline,priority_abuse,benign,TN,False,
deadline_oracle,priority_abuse,attack,FN,False,-inf
deadline_oracle,priority_abuse,benign,TN,False,
frequency,priority_abuse,attack,TP,False,183.81661700688892
frequency,priority_abuse,benign,TN,False,
plausibility,priority_abuse,attack,FN,False,-inf
plausibility,priority_abuse,benign,TN,False,
timing_only,priority_abuse,attack,TP,False,183.81661700688892
timing_only,priority_abuse,benign,TN,False,
fused,priority_abuse,attack,TP,False,183.81661700688892
fused,priority_abuse,benign,TN,False,
deadline,priority_abuse,attack,FN,False,-inf
deadline,priority_abuse,benign,TN,False,
deadline_oracle,priority_abuse,attack,FN,False,-inf
deadline_oracle,priority_abuse,benign,TN,False,
frequency,priority_abuse,attack,TP,False,45.3834309155945
frequency,priority_abuse,benign,TN,False,
plausibility,priority_abuse,attack,FN,False,-inf
plausibility,priority_abuse,benign,TN,False,
timing_only,priority_abuse,attack,TP,False,45.3834309155945
timing_only,priority_abuse,benign,TN,False,
fused,priority_abuse,attack,TP,False,45.3834309155945
fused,priority_abuse,benign,TN,False,
deadline,priority_abuse,attack,FN,False,-inf
deadline,priority_abuse,benign,TN,False,
deadline_oracle,priority_abuse,attack,FN,False,-inf
deadline_oracle,priority_abuse,benign,TN,False,
frequency,priority_abuse,attack,TP,False,194.96500406241123
frequency,priority_abuse,benign,TN,False,
plausibility,priority_abuse,attack,FN,False,-inf
plausibility,priority_abuse,benign,TN,False,
timing_only,priority_abuse,attack,TP,False,194.96500406241123
timing_only,priority_abuse,benign,TN,False,
fused,priority_abuse,attack,TP,False,194.96500406241123
fused,priority_abuse,benign,TN,False,
deadline,priority_abuse,attack,FN,False,-inf
deadline,priority_abuse,benign,TN,False,
deadline_oracle,priority_abuse,attack,FN,False,-inf
deadline_oracle,priority_abuse,benign,TN,False,
frequency,priority_abuse,attack,TP,False,169.82947075223092
frequency,priority_abuse,benign,TN,False,
plausibility,priority_abuse,attack,FN,False,-inf
plausibility,priority_abuse,benign,TN,False,
timing_only,priority_abuse,attack,TP,False,169.82947075223092
timing_only,priority_abuse,benign,TN,False,
fused,priority_abuse,attack,TP,False,169.82947075223092
fused,priority_abuse,benign,TN,False,
deadline,priority_abuse,attack,FN,False,-inf
deadline,priority_abuse,benign,TN,False,
deadline_oracle,priority_abuse,attack,FN,False,-inf
deadline_oracle,priority_abuse,benign,TN,False,
frequency,priority_abuse,attack,TP,False,190.42821506212763
frequency,priority_abuse,benign,TN,False,
plausibility,priority_abuse,attack,FN,False,-inf
plausibility,priority_abuse,benign,TN,False,
timing_only,priority_abuse,attack,TP,False,190.42821506212763
timing_only,priority_abuse,benign,TN,False,
fused,priority_abuse,attack,TP,False,190.42821506212763
fused,priority_abuse,benign,TN,False,
deadline,priority_abuse,attack,FN,False,-inf
deadline,priority_abuse,benign,TN,False,
deadline_oracle,priority_abuse,attack,FN,False,-inf
deadline_oracle,priority_abuse,benign,TN,False,
frequency,priority_abuse,attack,TP,False,182.79441167798169
frequency,priority_abuse,benign,TN,False,
plausibility,priority_abuse,attack,FN,False,-inf
plausibility,priority_abuse,benign,TN,False,
timing_only,priority_abuse,attack,TP,False,182.79441167798169
timing_only,priority_abuse,benign,TN,False,
fused,priority_abuse,attack,TP,False,182.79441167798169
fused,priority_abuse,benign,TN,False,
deadline,priority_abuse,attack,FN,False,-inf
deadline,priority_abuse,benign,TN,False,
deadline_oracle,priority_abuse,attack,FN,False,-inf
deadline_oracle,priority_abuse,benign,TN,False,
frequency,priority_abuse,attack,TP,False,65.39449784296251
frequency,priority_abuse,benign,TN,False,
plausibility,priority_abuse,attack,FN,False,-inf
plausibility,priority_abuse,benign,TN,False,
timing_only,priority_abuse,attack,TP,False,65.39449784296251
timing_only,priority_abuse,benign,TN,False,
fused,priority_abuse,attack,TP,False,65.39449784296251
fused,priority_abuse,benign,TN,False,
deadline,priority_abuse,attack,FN,False,-inf
deadline,priority_abuse,benign,TN,False,
deadline_oracle,priority_abuse,attack,FN,False,-inf
deadline_oracle,priority_abuse,benign,TN,False,
frequency,priority_abuse,attack,TP,False,55.106727563172015
frequency,priority_abuse,benign,TN,False,
plausibility,priority_abuse,attack,FN,False,-inf
plausibility,priority_abuse,benign,TN,False,
timing_only,priority_abuse,attack,TP,False,55.106727563172015
timing_only,priority_abuse,benign,TN,False,
fused,priority_abuse,attack,TP,False,55.106727563172015
fused,priority_abuse,benign,TN,False,
deadline,priority_abuse,attack,FN,False,-inf
deadline,priority_abuse,benign,TN,False,
deadline_oracle,priority_abuse,attack,FN,False,-inf
deadline_oracle,priority_abuse,benign,TN,False,
frequency,priority_abuse,attack,TP,False,77.04333916438665
frequency,priority_abuse,benign,TN,False,
plausibility,priority_abuse,attack,FN,False,-inf
plausibility,priority_abuse,benign,TN,False,
timing_only,priority_abuse,attack,TP,False,77.04333916438665
timing_only,priority_abuse,benign,TN,False,
fused,priority_abuse,attack,TP,False,77.04333916438665
fused,priority_abuse,benign,TN,False,
deadline,priority_abuse,attack,FN,False,-inf
deadline,priority_abuse,benign,TN,False,
deadline_oracle,priority_abuse,attack,FN,False,-inf
deadline_oracle,priority_abuse,benign,TN,False,
frequency,priority_abuse,attack,TP,False,165.0083403143044
frequency,priority_abuse,benign,TN,False,
plausibility,priority_abuse,attack,FN,False,-inf
plausibility,priority_abuse,benign,TN,False,
timing_only,priority_abuse,attack,TP,False,165.0083403143044
timing_only,priority_abuse,benign,TN,False,
fused,priority_abuse,attack,TP,False,165.0083403143044
fused,priority_abuse,benign,TN,False,
deadline,priority_abuse,attack,FN,False,-inf
deadline,priority_abuse,benign,TN,False,
deadline_oracle,priority_abuse,attack,FN,False,-inf
deadline_oracle,priority_abuse,benign,TN,False,
frequency,priority_abuse,attack,TP,False,158.2877894131802
frequency,priority_abuse,benign,TN,False,
plausibility,priority_abuse,attack,FN,False,-inf
plausibility,priority_abuse,benign,TN,False,
timing_only,priority_abuse,attack,TP,False,158.2877894131802
timing_only,priority_abuse,benign,TN,False,
fused,priority_abuse,attack,TP,False,158.2877894131802
fused,priority_abuse,benign,TN,False,
deadline,priority_abuse,attack,FN,False,-inf
deadline,priority_abuse,benign,TN,False,
deadline_oracle,priority_abuse,attack,FN,False,-inf
deadline_oracle,priority_abuse,benign,TN,False,
frequency,priority_abuse,attack,TP,False,113.5722415246729
frequency,priority_abuse,benign,TN,False,
plausibility,priority_abuse,attack,FN,False,-inf
plausibility,priority_abuse,benign,TN,False,
timing_only,priority_abuse,attack,TP,False,113.5722415246729
timing_only,priority_abuse,benign,TN,False,
fused,priority_abuse,attack,TP,False,113.5722415246729
fused,priority_abuse,benign,TN,False,
deadline,priority_abuse,attack,FN,False,-inf
deadline,priority_abuse,benign,TN,False,
deadline_oracle,priority_abuse,attack,FN,False,-inf
deadline_oracle,priority_abuse,benign,TN,False,
frequency,priority_abuse,attack,TP,False,94.17214758081442
frequency,priority_abuse,benign,TN,False,
plausibility,priority_abuse,attack,FN,False,-inf
plausibility,priority_abuse,benign,TN,False,
timing_only,priority_abuse,attack,TP,False,94.17214758081442
timing_only,priority_abuse,benign,TN,False,
fused,priority_abuse,attack,TP,False,94.17214758081442
fused,priority_abuse,benign,TN,False,
deadline,priority_abuse,attack,FN,False,-inf
deadline,priority_abuse,benign,TN,False,
deadline_oracle,priority_abuse,attack,FN,False,-inf
deadline_oracle,priority_abuse,benign,TN,False,
frequency,priority_abuse,attack,TP,False,135.67152389715943
frequency,priority_abuse,benign,TN,False,
plausibility,priority_abuse,attack,FN,False,-inf
plausibility,priority_abuse,benign,TN,False,
timing_only,priority_abuse,attack,TP,False,135.67152389715943
timing_only,priority_abuse,benign,TN,False,
fused,priority_abuse,attack,TP,False,135.67152389715943
fused,priority_abuse,benign,TN,False,
deadline,priority_abuse,attack,FN,False,-inf
deadline,priority_abuse,benign,TN,False,
deadline_oracle,priority_abuse,attack,FN,False,-inf
deadline_oracle,priority_abuse,benign,TN,False,
frequency,priority_abuse,attack,TP,False,196.54110816514415
frequency,priority_abuse,benign,TN,False,
plausibility,priority_abuse,attack,FN,False,-inf
plausibility,priority_abuse,benign,TN,False,
timing_only,priority_abuse,attack,TP,False,196.54110816514415
timing_only,priority_abuse,benign,TN,False,
fused,priority_abuse,attack,TP,False,196.54110816514415
fused,priority_abuse,benign,TN,False,
deadline,priority_abuse,attack,FN,False,-inf
deadline,priority_abuse,benign,TN,False,
deadline_oracle,priority_abuse,attack,FN,False,-inf
deadline_oracle,priority_abuse,benign,TN,False,
frequency,priority_abuse,attack,TP,False,247.72636394827896
frequency,priority_abuse,benign,TN,False,
plausibility,priority_abuse,attack,FN,False,-inf
plausibility,priority_abuse,benign,TN,False,
timing_only,priority_abuse,attack,TP,False,247.72636394827896
timing_only,priority_abuse,benign,TN,False,
fused,priority_abuse,attack,TP,False,247.72636394827896
fused,priority_abuse,benign,TN,False,
deadline,priority_abuse,attack,FN,False,-inf
deadline,priority_abuse,benign,TN,False,
deadline_oracle,priority_abuse,attack,FN,False,-inf
deadline_oracle,priority_abuse,benign,TN,False,
frequency,priority_abuse,attack,TP,False,295.09814055039516
frequency,priority_abuse,benign,TN,False,
plausibility,priority_abuse,attack,FN,False,-inf
plausibility,priority_abuse,benign,TN,False,
timing_only,priority_abuse,attack,TP,False,295.09814055039516
timing_only,priority_abuse,benign,TN,False,
fused,priority_abuse,attack,TP,False,295.09814055039516
fused,priority_abuse,benign,TN,False,
deadline,priority_abuse,attack,FN,False,-inf
deadline,priority_abuse,benign,TN,False,
deadline_oracle,priority_abuse,attack,FN,False,-inf
deadline_oracle,priority_abuse,benign,TN,False,
frequency,priority_abuse,attack,TP,False,46.03131631956609
frequency,priority_abuse,benign,TN,False,
plausibility,priority_abuse,attack,FN,False,-inf
plausibility,priority_abuse,benign,TN,False,
timing_only,priority_abuse,attack,TP,False,46.03131631956609
timing_only,priority_abuse,benign,TN,False,
fused,priority_abuse,attack,TP,False,46.03131631956609
fused,priority_abuse,benign,TN,False,
deadline,priority_abuse,attack,FN,False,-inf
deadline,priority_abuse,benign,TN,False,
deadline_oracle,priority_abuse,attack,FN,False,-inf
deadline_oracle,priority_abuse,benign,TN,False,
frequency,priority_abuse,attack,TP,False,0.5230447264182772
frequency,priority_abuse,benign,TN,False,
plausibility,priority_abuse,attack,FN,False,-inf
plausibility,priority_abuse,benign,TN,False,
timing_only,priority_abuse,attack,TP,False,0.5230447264182772
timing_only,priority_abuse,benign,TN,False,
fused,priority_abuse,attack,TP,False,0.5230447264182772
fused,priority_abuse,benign,TN,False,
deadline,priority_abuse,attack,FN,False,-inf
deadline,priority_abuse,benign,TN,False,
deadline_oracle,priority_abuse,attack,FN,False,-inf
deadline_oracle,priority_abuse,benign,TN,False,
frequency,priority_abuse,attack,TP,False,249.92664792802105
frequency,priority_abuse,benign,TN,False,
plausibility,priority_abuse,attack,FN,False,-inf
plausibility,priority_abuse,benign,TN,False,
timing_only,priority_abuse,attack,TP,False,249.92664792802105
timing_only,priority_abuse,benign,TN,False,
fused,priority_abuse,attack,TP,False,249.92664792802105
fused,priority_abuse,benign,TN,False,
deadline,priority_abuse,attack,FN,False,-inf
deadline,priority_abuse,benign,TN,False,
deadline_oracle,priority_abuse,attack,FN,False,-inf
deadline_oracle,priority_abuse,benign,TN,False,
frequency,priority_abuse,attack,TP,False,144.71788751045474
frequency,priority_abuse,benign,TN,False,
plausibility,priority_abuse,attack,FN,False,-inf
plausibility,priority_abuse,benign,TN,False,
timing_only,priority_abuse,attack,TP,False,144.71788751045474
timing_only,priority_abuse,benign,TN,False,
fused,priority_abuse,attack,TP,False,144.71788751045474
fused,priority_abuse,benign,TN,False,
deadline,priority_abuse,attack,FN,False,-inf
deadline,priority_abuse,benign,TN,False,
deadline_oracle,priority_abuse,attack,FN,False,-inf
deadline_oracle,priority_abuse,benign,TN,False,
frequency,priority_abuse,attack,TP,False,243.1831856316074
frequency,priority_abuse,benign,TN,False,
plausibility,priority_abuse,attack,FN,False,-inf
plausibility,priority_abuse,benign,TN,False,
timing_only,priority_abuse,attack,TP,False,243.1831856316074
timing_only,priority_abuse,benign,TN,False,
fused,priority_abuse,attack,TP,False,243.1831856316074
fused,priority_abuse,benign,TN,False,
deadline,priority_abuse,attack,FN,False,-inf
deadline,priority_abuse,benign,TN,False,
deadline_oracle,priority_abuse,attack,FN,False,-inf
deadline_oracle,priority_abuse,benign,TN,False,
frequency,priority_abuse,attack,TP,False,131.4570648639073
frequency,priority_abuse,benign,TN,False,
plausibility,priority_abuse,attack,FN,False,-inf
plausibility,priority_abuse,benign,TN,False,
timing_only,priority_abuse,attack,TP,False,131.4570648639073
timing_only,priority_abuse,benign,TN,False,
fused,priority_abuse,attack,TP,False,131.4570648639073
fused,priority_abuse,benign,TN,False,
deadline,priority_abuse,attack,FN,False,-inf
deadline,priority_abuse,benign,TN,False,
deadline_oracle,priority_abuse,attack,FN,False,-inf
deadline_oracle,priority_abuse,benign,TN,False,
frequency,priority_abuse,attack,TP,False,96.62968906520035
frequency,priority_abuse,benign,TN,False,
plausibility,priority_abuse,attack,FN,False,-inf
plausibility,priority_abuse,benign,TN,False,
timing_only,priority_abuse,attack,TP,False,96.62968906520035
timing_only,priority_abuse,benign,TN,False,
fused,priority_abuse,attack,TP,False,96.62968906520035
fused,priority_abuse,benign,TN,False,
deadline,priority_abuse,attack,FN,False,-inf
deadline,priority_abuse,benign,TN,False,
deadline_oracle,priority_abuse,attack,FN,False,-inf
deadline_oracle,priority_abuse,benign,TN,False,
frequency,priority_abuse,attack,TP,False,115.08981275295864
frequency,priority_abuse,benign,TN,False,
plausibility,priority_abuse,attack,FN,False,-inf
plausibility,priority_abuse,benign,TN,False,
timing_only,priority_abuse,attack,TP,False,115.08981275295864
timing_only,priority_abuse,benign,TN,False,
fused,priority_abuse,attack,TP,False,115.08981275295864
fused,priority_abuse,benign,TN,False,
deadline,priority_abuse,attack,FN,False,-inf
deadline,priority_abuse,benign,TN,False,
deadline_oracle,priority_abuse,attack,FN,False,-inf
deadline_oracle,priority_abuse,benign,TN,False,
frequency,priority_abuse,attack,TP,False,172.93277375423264
frequency,priority_abuse,benign,TN,False,
plausibility,priority_abuse,attack,FN,False,-inf
plausibility,priority_abuse,benign,TN,False,
timing_only,priority_abuse,attack,TP,False,172.93277375423264
timing_only,priority_abuse,benign,TN,False,
fused,priority_abuse,attack,TP,False,172.93277375423264
fused,priority_abuse,benign,TN,False,
deadline,priority_abuse,attack,FN,False,-inf
deadline,priority_abuse,benign,TN,False,
deadline_oracle,priority_abuse,attack,FN,False,-inf
deadline_oracle,priority_abuse,benign,TN,False,
frequency,priority_abuse,attack,TP,False,155.47392091465696
frequency,priority_abuse,benign,TN,False,
plausibility,priority_abuse,attack,FN,False,-inf
plausibility,priority_abuse,benign,TN,False,
timing_only,priority_abuse,attack,TP,False,155.47392091465696
timing_only,priority_abuse,benign,TN,False,
fused,priority_abuse,attack,TP,False,155.47392091465696
fused,priority_abuse,benign,TN,False,
deadline,priority_abuse,attack,FN,False,-inf
deadline,priority_abuse,benign,TN,False,
deadline_oracle,priority_abuse,attack,FN,False,-inf
deadline_oracle,priority_abuse,benign,TN,False,
frequency,priority_abuse,attack,TP,False,163.41810211932807
frequency,priority_abuse,benign,TN,False,
plausibility,priority_abuse,attack,FN,False,-inf
plausibility,priority_abuse,benign,TN,False,
timing_only,priority_abuse,attack,TP,False,163.41810211932807
timing_only,priority_abuse,benign,TN,False,
fused,priority_abuse,attack,TP,False,163.41810211932807
fused,priority_abuse,benign,TN,False,
deadline,priority_abuse,attack,FN,False,-inf
deadline,priority_abuse,benign,TN,False,
deadline_oracle,priority_abuse,attack,FN,False,-inf
deadline_oracle,priority_abuse,benign,TN,False,
frequency,priority_abuse,attack,TP,False,37.491381557299
frequency,priority_abuse,benign,TN,False,
plausibility,priority_abuse,attack,FN,False,-inf
plausibility,priority_abuse,benign,TN,False,
timing_only,priority_abuse,attack,TP,False,37.491381557299
timing_only,priority_abuse,benign,TN,False,
fused,priority_abuse,attack,TP,False,37.491381557299
fused,priority_abuse,benign,TN,False,
deadline,priority_abuse,attack,FN,False,-inf
deadline,priority_abuse,benign,TN,False,
deadline_oracle,priority_abuse,attack,FN,False,-inf
deadline_oracle,priority_abuse,benign,TN,False,
frequency,priority_abuse,attack,TP,False,175.73485577891518
frequency,priority_abuse,benign,TN,False,
plausibility,priority_abuse,attack,FN,False,-inf
plausibility,priority_abuse,benign,TN,False,
timing_only,priority_abuse,attack,TP,False,175.73485577891518
timing_only,priority_abuse,benign,TN,False,
fused,priority_abuse,attack,TP,False,175.73485577891518
fused,priority_abuse,benign,TN,False,
deadline,priority_abuse,attack,FN,False,-inf
deadline,priority_abuse,benign,TN,False,
deadline_oracle,priority_abuse,attack,FN,False,-inf
deadline_oracle,priority_abuse,benign,TN,False,
frequency,priority_abuse,attack,TP,False,74.56654319105819
frequency,priority_abuse,benign,TN,False,
plausibility,priority_abuse,attack,FN,False,-inf
plausibility,priority_abuse,benign,TN,False,
timing_only,priority_abuse,attack,TP,False,74.56654319105819
timing_only,priority_abuse,benign,TN,False,
fused,priority_abuse,attack,TP,False,74.56654319105819
fused,priority_abuse,benign,TN,False,
deadline,priority_abuse,attack,FN,False,-inf
deadline,priority_abuse,benign,TN,False,
deadline_oracle,priority_abuse,attack,FN,False,-inf
deadline_oracle,priority_abuse,benign,TN,False,
frequency,priority_abuse,attack,TP,False,100.10097809350611
frequency,priority_abuse,benign,TN,False,
plausibility,priority_abuse,attack,FN,False,-inf
plausibility,priority_abuse,benign,TN,False,
timing_only,priority_abuse,attack,TP,False,100.10097809350611
timing_only,priority_abuse,benign,TN,False,
fused,priority_abuse,attack,TP,False,100.10097809350611
fused,priority_abuse,benign,TN,False,
deadline,priority_abuse,attack,FN,False,-inf
deadline,priority_abuse,benign,TN,False,
deadline_oracle,priority_abuse,attack,FN,False,-inf
deadline_oracle,priority_abuse,benign,TN,False,
frequency,priority_abuse,attack,TP,False,79.73420358380623
frequency,priority_abuse,benign,TN,False,
plausibility,priority_abuse,attack,FN,False,-inf
plausibility,priority_abuse,benign,TN,False,
timing_only,priority_abuse,attack,TP,False,79.73420358380623
timing_only,priority_abuse,benign,TN,False,
fused,priority_abuse,attack,TP,False,79.73420358380623
fused,priority_abuse,benign,TN,False,
deadline,priority_abuse,attack,FN,False,-inf
deadline,priority_abuse,benign,TN,False,
deadline_oracle,priority_abuse,attack,FN,False,-inf
deadline_oracle,priority_abuse,benign,TN,False,
frequency,priority_abuse,attack,TP,False,178.05387617381825
frequency,priority_abuse,benign,TN,False,
plausibility,priority_abuse,attack,FN,False,-inf
plausibility,priority_abuse,benign,TN,False,
timing_only,priority_abuse,attack,TP,False,178.05387617381825
timing_only,priority_abuse,benign,TN,False,
fused,priority_abuse,attack,TP,False,178.05387617381825
fused,priority_abuse,benign,TN,False,
deadline,priority_abuse,attack,FN,False,-inf
deadline,priority_abuse,benign,TN,False,
deadline_oracle,priority_abuse,attack,FN,False,-inf
deadline_oracle,priority_abuse,benign,TN,False,
frequency,priority_abuse,attack,TP,False,229.10686958522282
frequency,priority_abuse,benign,TN,False,
plausibility,priority_abuse,attack,FN,False,-inf
plausibility,priority_abuse,benign,TN,False,
timing_only,priority_abuse,attack,TP,False,229.10686958522282
timing_only,priority_abuse,benign,TN,False,
fused,priority_abuse,attack,TP,False,229.10686958522282
fused,priority_abuse,benign,TN,False,
deadline,low_slow_dos,attack,FN,False,-inf
deadline,low_slow_dos,benign,TN,False,
deadline_oracle,low_slow_dos,attack,FN,False,-inf
deadline_oracle,low_slow_dos,benign,TN,False,
frequency,low_slow_dos,attack,TP,False,274.7554679973
frequency,low_slow_dos,benign,TN,False,
plausibility,low_slow_dos,attack,FN,False,-inf
plausibility,low_slow_dos,benign,TN,False,
timing_only,low_slow_dos,attack,TP,False,274.7554679973
timing_only,low_slow_dos,benign,TN,False,
fused,low_slow_dos,attack,TP,False,274.7554679973
fused,low_slow_dos,benign,TN,False,
deadline,low_slow_dos,attack,FN,False,-inf
deadline,low_slow_dos,benign,TN,False,
deadline_oracle,low_slow_dos,attack,FN,False,-inf
deadline_oracle,low_slow_dos,benign,TN,False,
frequency,low_slow_dos,attack,TP,False,165.17149199057957
frequency,low_slow_dos,benign,TN,False,
plausibility,low_slow_dos,attack,FN,False,-inf
plausibility,low_slow_dos,benign,TN,False,
timing_only,low_slow_dos,attack,TP,False,165.17149199057957
timing_only,low_slow_dos,benign,TN,False,
fused,low_slow_dos,attack,TP,False,165.17149199057957
fused,low_slow_dos,benign,TN,False,
deadline,low_slow_dos,attack,FN,False,-inf
deadline,low_slow_dos,benign,TN,False,
deadline_oracle,low_slow_dos,attack,FN,False,-inf
deadline_oracle,low_slow_dos,benign,TN,False,
frequency,low_slow_dos,attack,TP,False,247.22310413109022
frequency,low_slow_dos,benign,TN,False,
plausibility,low_slow_dos,attack,FN,False,-inf
plausibility,low_slow_dos,benign,TN,False,
timing_only,low_slow_dos,attack,TP,False,247.22310413109022
timing_only,low_slow_dos,benign,TN,False,
fused,low_slow_dos,attack,TP,False,247.22310413109022
fused,low_slow_dos,benign,TN,False,
deadline,low_slow_dos,attack,FN,False,-inf
deadline,low_slow_dos,benign,TN,False,
deadline_oracle,low_slow_dos,attack,FN,False,-inf
deadline_oracle,low_slow_dos,benign,TN,False,
frequency,low_slow_dos,attack,TP,False,218.79855820170934
frequency,low_slow_dos,benign,TN,False,
plausibility,low_slow_dos,attack,FN,False,-inf
plausibility,low_slow_dos,benign,TN,False,
timing_only,low_slow_dos,attack,TP,False,218.79855820170934
timing_only,low_slow_dos,benign,TN,False,
fused,low_slow_dos,attack,TP,False,218.79855820170934
fused,low_slow_dos,benign,TN,False,
deadline,low_slow_dos,attack,FN,False,-inf
deadline,low_slow_dos,benign,TN,False,
deadline_oracle,low_slow_dos,attack,FN,False,-inf
deadline_oracle,low_slow_dos,benign,TN,False,
frequency,low_slow_dos,attack,TP,False,65.45521083783805
frequency,low_slow_dos,benign,TN,False,
plausibility,low_slow_dos,attack,FN,False,-inf
plausibility,low_slow_dos,benign,TN,False,
timing_only,low_slow_dos,attack,TP,False,65.45521083783805
timing_only,low_slow_dos,benign,TN,False,
fused,low_slow_dos,attack,TP,False,65.45521083783805
fused,low_slow_dos,benign,TN,False,
deadline,low_slow_dos,attack,FN,False,-inf
deadline,low_slow_dos,benign,TN,False,
deadline_oracle,low_slow_dos,attack,FN,False,-inf
deadline_oracle,low_slow_dos,benign,TN,False,
frequency,low_slow_dos,attack,TP,False,223.51106556603915
frequency,low_slow_dos,benign,TN,False,
plausibility,low_slow_dos,attack,FN,False,-inf
plausibility,low_slow_dos,benign,TN,False,
timing_only,low_slow_dos,attack,TP,False,223.51106556603915
timing_only,low_slow_dos,benign,TN,False,
fused,low_slow_dos,attack,TP,False,223.51106556603915
fused,low_slow_dos,benign,TN,False,
deadline,low_slow_dos,attack,FN,False,-inf
deadline,low_slow_dos,benign,TN,False,
deadline_oracle,low_slow_dos,attack,FN,False,-inf
deadline_oracle,low_slow_dos,benign,TN,False,
frequency,low_slow_dos,attack,TP,False,178.8571969669352
frequency,low_slow_dos,benign,TN,False,
plausibility,low_slow_dos,attack,FN,False,-inf
plausibility,low_slow_dos,benign,TN,False,
timing_only,low_slow_dos,attack,TP,False,178.8571969669352
timing_only,low_slow_dos,benign,TN,False,
fused,low_slow_dos,attack,TP,False,178.8571969669352
fused,low_slow_dos,benign,TN,False,
deadline,low_slow_dos,attack,FN,False,-inf
deadline,low_slow_dos,benign,TN,False,
deadline_oracle,low_slow_dos,attack,FN,False,-inf
deadline_oracle,low_slow_dos,benign,TN,False,
frequency,low_slow_dos,attack,TP,False,80.5388052419829
frequency,low_slow_dos,benign,TN,False,
plausibility,low_slow_dos,attack,FN,False,-inf
plausibility,low_slow_dos,benign,TN,False,
timing_only,low_slow_dos,attack,TP,False,80.5388052419829
timing_only,low_slow_dos,benign,TN,False,
fused,low_slow_dos,attack,TP,False,80.5388052419829
fused,low_slow_dos,benign,TN,False,
deadline,low_slow_dos,attack,FN,False,-inf
deadline,low_slow_dos,benign,TN,False,
deadline_oracle,low_slow_dos,attack,FN,False,-inf
deadline_oracle,low_slow_dos,benign,TN,False,
frequency,low_slow_dos,attack,TP,False,147.21262157768504
frequency,low_slow_dos,benign,TN,False,
plausibility,low_slow_dos,attack,FN,False,-inf
plausibility,low_slow_dos,benign,TN,False,
timing_only,low_slow_dos,attack,TP,False,147.21262157768504
timing_only,low_slow_dos,benign,TN,False,
fused,low_slow_dos,attack,TP,False,147.21262157768504
fused,low_slow_dos,benign,TN,False,
deadline,low_slow_dos,attack,FN,False,-inf
deadline,low_slow_dos,benign,TN,False,
deadline_oracle,low_slow_dos,attack,FN,False,-inf
deadline_oracle,low_slow_dos,benign,TN,False,
frequency,low_slow_dos,attack,TP,False,140.71195047269364
frequency,low_slow_dos,benign,TN,False,
plausibility,low_slow_dos,attack,FN,False,-inf
plausibility,low_slow_dos,benign,TN,False,
timing_only,low_slow_dos,attack,TP,False,140.71195047269364
timing_only,low_slow_dos,benign,TN,False,
fused,low_slow_dos,attack,TP,False,140.71195047269364
fused,low_slow_dos,benign,TN,False,
deadline,low_slow_dos,attack,FN,False,-inf
deadline,low_slow_dos,benign,TN,False,
deadline_oracle,low_slow_dos,attack,FN,False,-inf
deadline_oracle,low_slow_dos,benign,TN,False,
frequency,low_slow_dos,attack,TP,False,263.6408011146162
frequency,low_slow_dos,benign,TN,False,
plausibility,low_slow_dos,attack,FN,False,-inf
plausibility,low_slow_dos,benign,TN,False,
timing_only,low_slow_dos,attack,TP,False,263.6408011146162
timing_only,low_slow_dos,benign,TN,False,
fused,low_slow_dos,attack,TP,False,263.6408011146162
fused,low_slow_dos,benign,TN,False,
deadline,low_slow_dos,attack,FN,False,-inf
deadline,low_slow_dos,benign,TN,False,
deadline_oracle,low_slow_dos,attack,FN,False,-inf
deadline_oracle,low_slow_dos,benign,TN,False,
frequency,low_slow_dos,attack,TP,False,144.46420391386752
frequency,low_slow_dos,benign,TN,False,
plausibility,low_slow_dos,attack,FN,False,-inf
plausibility,low_slow_dos,benign,TN,False,
timing_only,low_slow_dos,attack,TP,False,144.46420391386752
timing_only,low_slow_dos,benign,TN,False,
fused,low_slow_dos,attack,TP,False,144.46420391386752
fused,low_slow_dos,benign,TN,False,
deadline,low_slow_dos,attack,FN,False,-inf
deadline,low_slow_dos,benign,TN,False,
deadline_oracle,low_slow_dos,attack,FN,False,-inf
deadline_oracle,low_slow_dos,benign,TN,False,
frequency,low_slow_dos,attack,TP,False,143.0544087417221
frequency,low_slow_dos,benign,TN,False,
plausibility,low_slow_dos,attack,FN,False,-inf
plausibility,low_slow_dos,benign,TN,False,
timing_only,low_slow_dos,attack,TP,False,143.0544087417221
timing_only,low_slow_dos,benign,TN,False,
fused,low_slow_dos,attack,TP,False,143.0544087417221
fused,low_slow_dos,benign,TN,False,
deadline,low_slow_dos,attack,FN,False,-inf
deadline,low_slow_dos,benign,TN,False,
deadline_oracle,low_slow_dos,attack,FN,False,-inf
deadline_oracle,low_slow_dos,benign,TN,False,
frequency,low_slow_dos,attack,TP,False,99.12025092107412
frequency,low_slow_dos,benign,TN,False,
plausibility,low_slow_dos,attack,FN,False,-inf
plausibility,low_slow_dos,benign,TN,False,
timing_only,low_slow_dos,attack,TP,False,99.12025092107412
timing_only,low_slow_dos,benign,TN,False,
fused,low_slow_dos,attack,TP,False,99.12025092107412
fused,low_slow_dos,benign,TN,False,
deadline,low_slow_dos,attack,FN,False,-inf
deadline,low_slow_dos,benign,TN,False,
deadline_oracle,low_slow_dos,attack,FN,False,-inf
deadline_oracle,low_slow_dos,benign,TN,False,
frequency,low_slow_dos,attack,TP,False,52.6503215806314
frequency,low_slow_dos,benign,TN,False,
plausibility,low_slow_dos,attack,FN,False,-inf
plausibility,low_slow_dos,benign,TN,False,
timing_only,low_slow_dos,attack,TP,False,52.6503215806314
timing_only,low_slow_dos,benign,TN,False,
fused,low_slow_dos,attack,TP,False,52.6503215806314
fused,low_slow_dos,benign,TN,False,
deadline,low_slow_dos,attack,FN,False,-inf
deadline,low_slow_dos,benign,TN,False,
deadline_oracle,low_slow_dos,attack,FN,False,-inf
deadline_oracle,low_slow_dos,benign,TN,False,
frequency,low_slow_dos,attack,TP,False,195.5396776105291
frequency,low_slow_dos,benign,TN,False,
plausibility,low_slow_dos,attack,FN,False,-inf
plausibility,low_slow_dos,benign,TN,False,
timing_only,low_slow_dos,attack,TP,False,195.5396776105291
timing_only,low_slow_dos,benign,TN,False,
fused,low_slow_dos,attack,TP,False,195.5396776105291
fused,low_slow_dos,benign,TN,False,
deadline,low_slow_dos,attack,FN,False,-inf
deadline,low_slow_dos,benign,TN,False,
deadline_oracle,low_slow_dos,attack,FN,False,-inf
deadline_oracle,low_slow_dos,benign,TN,False,
frequency,low_slow_dos,attack,TP,False,157.52018794039725
frequency,low_slow_dos,benign,TN,False,
plausibility,low_slow_dos,attack,FN,False,-inf
plausibility,low_slow_dos,benign,TN,False,
timing_only,low_slow_dos,attack,TP,False,157.52018794039725
timing_only,low_slow_dos,benign,TN,False,
fused,low_slow_dos,attack,TP,False,157.52018794039725
fused,low_slow_dos,benign,TN,False,
deadline,low_slow_dos,attack,FN,False,-inf
deadline,low_slow_dos,benign,TN,False,
deadline_oracle,low_slow_dos,attack,FN,False,-inf
deadline_oracle,low_slow_dos,benign,TN,False,
frequency,low_slow_dos,attack,TP,False,153.67753514491847
frequency,low_slow_dos,benign,TN,False,
plausibility,low_slow_dos,attack,FN,False,-inf
plausibility,low_slow_dos,benign,TN,False,
timing_only,low_slow_dos,attack,TP,False,153.67753514491847
timing_only,low_slow_dos,benign,TN,False,
fused,low_slow_dos,attack,TP,False,153.67753514491847
fused,low_slow_dos,benign,TN,False,
deadline,low_slow_dos,attack,FN,False,-inf
deadline,low_slow_dos,benign,TN,False,
deadline_oracle,low_slow_dos,attack,FN,False,-inf
deadline_oracle,low_slow_dos,benign,TN,False,
frequency,low_slow_dos,attack,TP,False,266.0741329459394
frequency,low_slow_dos,benign,TN,False,
plausibility,low_slow_dos,attack,FN,False,-inf
plausibility,low_slow_dos,benign,TN,False,
timing_only,low_slow_dos,attack,TP,False,266.0741329459394
timing_only,low_slow_dos,benign,TN,False,
fused,low_slow_dos,attack,TP,False,266.0741329459394
fused,low_slow_dos,benign,TN,False,
deadline,low_slow_dos,attack,FN,False,-inf
deadline,low_slow_dos,benign,TN,False,
deadline_oracle,low_slow_dos,attack,FN,False,-inf
deadline_oracle,low_slow_dos,benign,TN,False,
frequency,low_slow_dos,attack,TP,False,89.36018878520346
frequency,low_slow_dos,benign,TN,False,
plausibility,low_slow_dos,attack,FN,False,-inf
plausibility,low_slow_dos,benign,TN,False,
timing_only,low_slow_dos,attack,TP,False,89.36018878520346
timing_only,low_slow_dos,benign,TN,False,
fused,low_slow_dos,attack,TP,False,89.36018878520346
fused,low_slow_dos,benign,TN,False,
deadline,low_slow_dos,attack,FN,False,-inf
deadline,low_slow_dos,benign,TN,False,
deadline_oracle,low_slow_dos,attack,FN,False,-inf
deadline_oracle,low_slow_dos,benign,TN,False,
frequency,low_slow_dos,attack,TP,False,162.6662705455034
frequency,low_slow_dos,benign,TN,False,
plausibility,low_slow_dos,attack,FN,False,-inf
plausibility,low_slow_dos,benign,TN,False,
timing_only,low_slow_dos,attack,TP,False,162.6662705455034
timing_only,low_slow_dos,benign,TN,False,
fused,low_slow_dos,attack,TP,False,162.6662705455034
fused,low_slow_dos,benign,TN,False,
deadline,low_slow_dos,attack,FN,False,-inf
deadline,low_slow_dos,benign,TN,False,
deadline_oracle,low_slow_dos,attack,FN,False,-inf
deadline_oracle,low_slow_dos,benign,TN,False,
frequency,low_slow_dos,attack,TP,False,172.2674319906945
frequency,low_slow_dos,benign,TN,False,
plausibility,low_slow_dos,attack,FN,False,-inf
plausibility,low_slow_dos,benign,TN,False,
timing_only,low_slow_dos,attack,TP,False,172.2674319906945
timing_only,low_slow_dos,benign,TN,False,
fused,low_slow_dos,attack,TP,False,172.2674319906945
fused,low_slow_dos,benign,TN,False,
deadline,low_slow_dos,attack,FN,False,-inf
deadline,low_slow_dos,benign,TN,False,
deadline_oracle,low_slow_dos,attack,FN,False,-inf
deadline_oracle,low_slow_dos,benign,TN,False,
frequency,low_slow_dos,attack,TP,False,69.404481728869
frequency,low_slow_dos,benign,TN,False,
plausibility,low_slow_dos,attack,FN,False,-inf
plausibility,low_slow_dos,benign,TN,False,
timing_only,low_slow_dos,attack,TP,False,69.404481728869
timing_only,low_slow_dos,benign,TN,False,
fused,low_slow_dos,attack,TP,False,69.404481728869
fused,low_slow_dos,benign,TN,False,
deadline,low_slow_dos,attack,FN,False,-inf
deadline,low_slow_dos,benign,TN,False,
deadline_oracle,low_slow_dos,attack,FN,False,-inf
deadline_oracle,low_slow_dos,benign,TN,False,
frequency,low_slow_dos,attack,TP,False,86.21269542594209
frequency,low_slow_dos,benign,TN,False,
plausibility,low_slow_dos,attack,FN,False,-inf
plausibility,low_slow_dos,benign,TN,False,
timing_only,low_slow_dos,attack,TP,False,86.21269542594209
timing_only,low_slow_dos,benign,TN,False,
fused,low_slow_dos,attack,TP,False,86.21269542594209
fused,low_slow_dos,benign,TN,False,
deadline,low_slow_dos,attack,FN,False,-inf
deadline,low_slow_dos,benign,TN,False,
deadline_oracle,low_slow_dos,attack,FN,False,-inf
deadline_oracle,low_slow_dos,benign,TN,False,
frequency,low_slow_dos,attack,TP,False,139.07753490176884
frequency,low_slow_dos,benign,TN,False,
plausibility,low_slow_dos,attack,FN,False,-inf
plausibility,low_slow_dos,benign,TN,False,
timing_only,low_slow_dos,attack,TP,False,139.07753490176884
timing_only,low_slow_dos,benign,TN,False,
fused,low_slow_dos,attack,TP,False,139.07753490176884
fused,low_slow_dos,benign,TN,False,
deadline,low_slow_dos,attack,FN,False,-inf
deadline,low_slow_dos,benign,TN,False,
deadline_oracle,low_slow_dos,attack,FN,False,-inf
deadline_oracle,low_slow_dos,benign,TN,False,
frequency,low_slow_dos,attack,TP,False,289.2760374382856
frequency,low_slow_dos,benign,TN,False,
plausibility,low_slow_dos,attack,FN,False,-inf
plausibility,low_slow_dos,benign,TN,False,
timing_only,low_slow_dos,attack,TP,False,289.2760374382856
timing_only,low_slow_dos,benign,TN,False,
fused,low_slow_dos,attack,TP,False,289.2760374382856
fused,low_slow_dos,benign,TN,False,
deadline,low_slow_dos,attack,FN,False,-inf
deadline,low_slow_dos,benign,TN,False,
deadline_oracle,low_slow_dos,attack,FN,False,-inf
deadline_oracle,low_slow_dos,benign,TN,False,
frequency,low_slow_dos,attack,TP,False,87.60045168412154
frequency,low_slow_dos,benign,TN,False,
plausibility,low_slow_dos,attack,FN,False,-inf
plausibility,low_slow_dos,benign,TN,False,
timing_only,low_slow_dos,attack,TP,False,87.60045168412154
timing_only,low_slow_dos,benign,TN,False,
fused,low_slow_dos,attack,TP,False,87.60045168412154
fused,low_slow_dos,benign,TN,False,
deadline,low_slow_dos,attack,FN,False,-inf
deadline,low_slow_dos,benign,TN,False,
deadline_oracle,low_slow_dos,attack,FN,False,-inf
deadline_oracle,low_slow_dos,benign,TN,False,
frequency,low_slow_dos,attack,TP,False,97.0409592179568
frequency,low_slow_dos,benign,TN,False,
plausibility,low_slow_dos,attack,FN,False,-inf
plausibility,low_slow_dos,benign,TN,False,
timing_only,low_slow_dos,attack,TP,False,97.0409592179568
timing_only,low_slow_dos,benign,TN,False,
fused,low_slow_dos,attack,TP,False,97.0409592179568
fused,low_slow_dos,benign,TN,False,
deadline,low_slow_dos,attack,FN,False,-inf
deadline,low_slow_dos,benign,TN,False,
deadline_oracle,low_slow_dos,attack,FN,False,-inf
deadline_oracle,low_slow_dos,benign,TN,False,
frequency,low_slow_dos,attack,TP,False,29.224174852192988
frequency,low_slow_dos,benign,TN,False,
plausibility,low_slow_dos,attack,FN,False,-inf
plausibility,low_slow_dos,benign,TN,False,
timing_only,low_slow_dos,attack,TP,False,29.224174852192988
timing_only,low_slow_dos,benign,TN,False,
fused,low_slow_dos,attack,TP,False,29.224174852192988
fused,low_slow_dos,benign,TN,False,
deadline,low_slow_dos,attack,FN,False,-inf
deadline,low_slow_dos,benign,TN,False,
deadline_oracle,low_slow_dos,attack,FN,False,-inf
deadline_oracle,low_slow_dos,benign,TN,False,
frequency,low_slow_dos,attack,TP,False,112.35776186755176
frequency,low_slow_dos,benign,TN,False,
plausibility,low_slow_dos,attack,FN,False,-inf
plausibility,low_slow_dos,benign,TN,False,
timing_only,low_slow_dos,attack,TP,False,112.35776186755176
timing_only,low_slow_dos,benign,TN,False,
fused,low_slow_dos,attack,TP,False,112.35776186755176
fused,low_slow_dos,benign,TN,False,
deadline,low_slow_dos,attack,FN,False,-inf
deadline,low_slow_dos,benign,TN,False,
deadline_oracle,low_slow_dos,attack,FN,False,-inf
deadline_oracle,low_slow_dos,benign,TN,False,
frequency,low_slow_dos,attack,TP,False,77.90170488873906
frequency,low_slow_dos,benign,TN,False,
plausibility,low_slow_dos,attack,FN,False,-inf
plausibility,low_slow_dos,benign,TN,False,
timing_only,low_slow_dos,attack,TP,False,77.90170488873906
timing_only,low_slow_dos,benign,TN,False,
fused,low_slow_dos,attack,TP,False,77.90170488873906
fused,low_slow_dos,benign,TN,False,
deadline,low_slow_dos,attack,FN,False,-inf
deadline,low_slow_dos,benign,TN,False,
deadline_oracle,low_slow_dos,attack,FN,False,-inf
deadline_oracle,low_slow_dos,benign,TN,False,
frequency,low_slow_dos,attack,TP,False,166.06846189163005
frequency,low_slow_dos,benign,TN,False,
plausibility,low_slow_dos,attack,FN,False,-inf
plausibility,low_slow_dos,benign,TN,False,
timing_only,low_slow_dos,attack,TP,False,166.06846189163005
timing_only,low_slow_dos,benign,TN,False,
fused,low_slow_dos,attack,TP,False,166.06846189163005
fused,low_slow_dos,benign,TN,False,
deadline,low_slow_dos,attack,FN,False,-inf
deadline,low_slow_dos,benign,TN,False,
deadline_oracle,low_slow_dos,attack,FN,False,-inf
deadline_oracle,low_slow_dos,benign,TN,False,
frequency,low_slow_dos,attack,TP,False,193.0294214842622
frequency,low_slow_dos,benign,TN,False,
plausibility,low_slow_dos,attack,FN,False,-inf
plausibility,low_slow_dos,benign,TN,False,
timing_only,low_slow_dos,attack,TP,False,193.0294214842622
timing_only,low_slow_dos,benign,TN,False,
fused,low_slow_dos,attack,TP,False,193.0294214842622
fused,low_slow_dos,benign,TN,False,
deadline,low_slow_dos,attack,FN,False,-inf
deadline,low_slow_dos,benign,TN,False,
deadline_oracle,low_slow_dos,attack,FN,False,-inf
deadline_oracle,low_slow_dos,benign,TN,False,
frequency,low_slow_dos,attack,TP,False,-15.365116698334816
frequency,low_slow_dos,benign,TN,False,
plausibility,low_slow_dos,attack,FN,False,-inf
plausibility,low_slow_dos,benign,TN,False,
timing_only,low_slow_dos,attack,TP,False,-15.365116698334816
timing_only,low_slow_dos,benign,TN,False,
fused,low_slow_dos,attack,TP,False,-15.365116698334816
fused,low_slow_dos,benign,TN,False,
deadline,low_slow_dos,attack,FN,False,-inf
deadline,low_slow_dos,benign,TN,False,
deadline_oracle,low_slow_dos,attack,FN,False,-inf
deadline_oracle,low_slow_dos,benign,TN,False,
frequency,low_slow_dos,attack,TP,False,230.5478620981476
frequency,low_slow_dos,benign,TN,False,
plausibility,low_slow_dos,attack,FN,False,-inf
plausibility,low_slow_dos,benign,TN,False,
timing_only,low_slow_dos,attack,TP,False,230.5478620981476
timing_only,low_slow_dos,benign,TN,False,
fused,low_slow_dos,attack,TP,False,230.5478620981476
fused,low_slow_dos,benign,TN,False,
deadline,low_slow_dos,attack,FN,False,-inf
deadline,low_slow_dos,benign,TN,False,
deadline_oracle,low_slow_dos,attack,FN,False,-inf
deadline_oracle,low_slow_dos,benign,TN,False,
frequency,low_slow_dos,attack,TP,False,137.43120914889914
frequency,low_slow_dos,benign,TN,False,
plausibility,low_slow_dos,attack,FN,False,-inf
plausibility,low_slow_dos,benign,TN,False,
timing_only,low_slow_dos,attack,TP,False,137.43120914889914
timing_only,low_slow_dos,benign,TN,False,
fused,low_slow_dos,attack,TP,False,137.43120914889914
fused,low_slow_dos,benign,TN,False,
deadline,low_slow_dos,attack,FN,False,-inf
deadline,low_slow_dos,benign,TN,False,
deadline_oracle,low_slow_dos,attack,FN,False,-inf
deadline_oracle,low_slow_dos,benign,TN,False,
frequency,low_slow_dos,attack,TP,False,163.28362461976945
frequency,low_slow_dos,benign,TN,False,
plausibility,low_slow_dos,attack,FN,False,-inf
plausibility,low_slow_dos,benign,TN,False,
timing_only,low_slow_dos,attack,TP,False,163.28362461976945
timing_only,low_slow_dos,benign,TN,False,
fused,low_slow_dos,attack,TP,False,163.28362461976945
fused,low_slow_dos,benign,TN,False,
deadline,low_slow_dos,attack,FN,False,-inf
deadline,low_slow_dos,benign,TN,False,
deadline_oracle,low_slow_dos,attack,FN,False,-inf
deadline_oracle,low_slow_dos,benign,TN,False,
frequency,low_slow_dos,attack,TP,False,103.41992848297096
frequency,low_slow_dos,benign,TN,False,
plausibility,low_slow_dos,attack,FN,False,-inf
plausibility,low_slow_dos,benign,TN,False,
timing_only,low_slow_dos,attack,TP,False,103.41992848297096
timing_only,low_slow_dos,benign,TN,False,
fused,low_slow_dos,attack,TP,False,103.41992848297096
fused,low_slow_dos,benign,TN,False,
deadline,low_slow_dos,attack,TP,False,41.25499526225644
deadline,low_slow_dos,benign,FP,False,
deadline_oracle,low_slow_dos,attack,FN,False,-inf
deadline_oracle,low_slow_dos,benign,TN,False,
frequency,low_slow_dos,attack,TP,False,165.65599526225645
frequency,low_slow_dos,benign,TN,False,
plausibility,low_slow_dos,attack,FN,False,-inf
plausibility,low_slow_dos,benign,TN,False,
timing_only,low_slow_dos,attack,TP,False,165.65599526225645
timing_only,low_slow_dos,benign,FP,False,
fused,low_slow_dos,attack,TP,False,165.65599526225645
fused,low_slow_dos,benign,FP,False,
deadline,low_slow_dos,attack,FN,False,-inf
deadline,low_slow_dos,benign,TN,False,
deadline_oracle,low_slow_dos,attack,FN,False,-inf
deadline_oracle,low_slow_dos,benign,TN,False,
frequency,low_slow_dos,attack,TP,False,232.0166434638682
frequency,low_slow_dos,benign,TN,False,
plausibility,low_slow_dos,attack,FN,False,-inf
plausibility,low_slow_dos,benign,TN,False,
timing_only,low_slow_dos,attack,TP,False,232.0166434638682
timing_only,low_slow_dos,benign,TN,False,
fused,low_slow_dos,attack,TP,False,232.0166434638682
fused,low_slow_dos,benign,TN,False,
deadline,selective_suppression,attack,FN,False,-inf
deadline,selective_suppression,benign,TN,False,
deadline_oracle,selective_suppression,attack,FN,False,-inf
deadline_oracle,selective_suppression,benign,TN,False,
frequency,selective_suppression,attack,FN,False,-inf
frequency,selective_suppression,benign,TN,False,
plausibility,selective_suppression,attack,TP,False,16.55528779104344
plausibility,selective_suppression,benign,TN,False,
timing_only,selective_suppression,attack,FN,False,-inf
timing_only,selective_suppression,benign,TN,False,
fused,selective_suppression,attack,TP,False,16.55528779104344
fused,selective_suppression,benign,TN,False,
deadline,selective_suppression,attack,FN,False,-inf
deadline,selective_suppression,benign,TN,False,
deadline_oracle,selective_suppression,attack,FN,False,-inf
deadline_oracle,selective_suppression,benign,TN,False,
frequency,selective_suppression,attack,FN,False,-inf
frequency,selective_suppression,benign,TN,False,
plausibility,selective_suppression,attack,TP,False,136.9231280839787
plausibility,selective_suppression,benign,TN,False,
timing_only,selective_suppression,attack,FN,False,-inf
timing_only,selective_suppression,benign,TN,False,
fused,selective_suppression,attack,TP,False,136.9231280839787
fused,selective_suppression,benign,TN,False,
deadline,selective_suppression,attack,FN,False,-inf
deadline,selective_suppression,benign,TN,False,
deadline_oracle,selective_suppression,attack,FN,False,-inf
deadline_oracle,selective_suppression,benign,TN,False,
frequency,selective_suppression,attack,FN,False,-inf
frequency,selective_suppression,benign,TN,False,
plausibility,selective_suppression,attack,TP,False,144.11601230770322
plausibility,selective_suppression,benign,TN,False,
timing_only,selective_suppression,attack,FN,False,-inf
timing_only,selective_suppression,benign,TN,False,
fused,selective_suppression,attack,TP,False,144.11601230770322
fused,selective_suppression,benign,TN,False,
deadline,selective_suppression,attack,FN,False,-inf
deadline,selective_suppression,benign,TN,False,
deadline_oracle,selective_suppression,attack,FN,False,-inf
deadline_oracle,selective_suppression,benign,TN,False,
frequency,selective_suppression,attack,TP,False,67.58651466182863
frequency,selective_suppression,benign,TN,False,
plausibility,selective_suppression,attack,TP,False,147.58651466182863
plausibility,selective_suppression,benign,TN,False,
timing_only,selective_suppression,attack,TP,False,67.58651466182863
timing_only,selective_suppression,benign,TN,False,
fused,selective_suppression,attack,TP,False,147.58651466182863
fused,selective_suppression,benign,TN,False,
deadline,selective_suppression,attack,FN,False,-inf
deadline,selective_suppression,benign,TN,False,
deadline_oracle,selective_suppression,attack,FN,False,-inf
deadline_oracle,selective_suppression,benign,TN,False,
frequency,selective_suppression,attack,TP,False,118.579477269287
frequency,selective_suppression,benign,TN,False,
plausibility,selective_suppression,attack,TP,False,198.77747726928698
plausibility,selective_suppression,benign,TN,False,
timing_only,selective_suppression,attack,TP,False,118.579477269287
timing_only,selective_suppression,benign,TN,False,
fused,selective_suppression,attack,TP,False,198.77747726928698
fused,selective_suppression,benign,TN,False,
deadline,selective_suppression,attack,FN,False,-inf
deadline,selective_suppression,benign,TN,False,
deadline_oracle,selective_suppression,attack,FN,False,-inf
deadline_oracle,selective_suppression,benign,TN,False,
frequency,selective_suppression,attack,FN,False,-inf
frequency,selective_suppression,benign,TN,False,
plausibility,selective_suppression,attack,TP,False,37.07694596436713
plausibility,selective_suppression,benign,TN,False,
timing_only,selective_suppression,attack,FN,False,-inf
timing_only,selective_suppression,benign,TN,False,
fused,selective_suppression,attack,TP,False,37.07694596436713
fused,selective_suppression,benign,TN,False,
deadline,selective_suppression,attack,FN,False,-inf
deadline,selective_suppression,benign,TN,False,
deadline_oracle,selective_suppression,attack,FN,False,-inf
deadline_oracle,selective_suppression,benign,TN,False,
frequency,selective_suppression,attack,FN,False,-inf
frequency,selective_suppression,benign,TN,False,
plausibility,selective_suppression,attack,TP,False,-16.185802695271036
plausibility,selective_suppression,benign,TN,False,
timing_only,selective_suppression,attack,FN,False,-inf
timing_only,selective_suppression,benign,TN,False,
fused,selective_suppression,attack,TP,False,-16.185802695271036
fused,selective_suppression,benign,TN,False,
deadline,selective_suppression,attack,FN,False,-inf
deadline,selective_suppression,benign,TN,False,
deadline_oracle,selective_suppression,attack,FN,False,-inf
deadline_oracle,selective_suppression,benign,TN,False,
frequency,selective_suppression,attack,FN,False,-inf
frequency,selective_suppression,benign,TN,False,
plausibility,selective_suppression,attack,TP,False,37.697915413733085
plausibility,selective_suppression,benign,TN,False,
timing_only,selective_suppression,attack,FN,False,-inf
timing_only,selective_suppression,benign,TN,False,
fused,selective_suppression,attack,TP,False,37.697915413733085
fused,selective_suppression,benign,TN,False,
deadline,selective_suppression,attack,FN,False,-inf
deadline,selective_suppression,benign,TN,False,
deadline_oracle,selective_suppression,attack,FN,False,-inf
deadline_oracle,selective_suppression,benign,TN,False,
frequency,selective_suppression,attack,TP,False,-30.265661310797924
frequency,selective_suppression,benign,TN,False,
plausibility,selective_suppression,attack,TP,False,49.73433868920206
plausibility,selective_suppression,benign,TN,False,
timing_only,selective_suppression,attack,TP,False,-30.265661310797924
timing_only,selective_suppression,benign,TN,False,
fused,selective_suppression,attack,TP,False,49.73433868920206
fused,selective_suppression,benign,TN,False,
deadline,selective_suppression,attack,FN,False,-inf
deadline,selective_suppression,benign,TN,False,
deadline_oracle,selective_suppression,attack,TP,False,43.27029879359661
deadline_oracle,selective_suppression,benign,TN,False,
frequency,selective_suppression,attack,FN,False,-inf
frequency,selective_suppression,benign,TN,False,
plausibility,selective_suppression,attack,TP,False,104.84729879359661
plausibility,selective_suppression,benign,TN,False,
timing_only,selective_suppression,attack,FN,False,-inf
timing_only,selective_suppression,benign,TN,False,
fused,selective_suppression,attack,TP,False,104.84729879359661
fused,selective_suppression,benign,TN,False,
deadline,selective_suppression,attack,FN,False,-inf
deadline,selective_suppression,benign,TN,False,
deadline_oracle,selective_suppression,attack,FN,False,-inf
deadline_oracle,selective_suppression,benign,TN,False,
frequency,selective_suppression,attack,FN,False,-inf
frequency,selective_suppression,benign,TN,False,
plausibility,selective_suppression,attack,TP,False,175.10683147525083
plausibility,selective_suppression,benign,TN,False,
timing_only,selective_suppression,attack,FN,False,-inf
timing_only,selective_suppression,benign,TN,False,
fused,selective_suppression,attack,TP,False,175.10683147525083
fused,selective_suppression,benign,TN,False,
deadline,selective_suppression,attack,FN,False,-inf
deadline,selective_suppression,benign,TN,False,
deadline_oracle,selective_suppression,attack,FN,False,-inf
deadline_oracle,selective_suppression,benign,TN,False,
frequency,selective_suppression,attack,FN,False,-inf
frequency,selective_suppression,benign,TN,False,
plausibility,selective_suppression,attack,TP,False,-20.168632163802954
plausibility,selective_suppression,benign,TN,False,
timing_only,selective_suppression,attack,FN,False,-inf
timing_only,selective_suppression,benign,TN,False,
fused,selective_suppression,attack,TP,False,-20.168632163802954
fused,selective_suppression,benign,TN,False,
deadline,selective_suppression,attack,FN,False,-inf
deadline,selective_suppression,benign,TN,False,
deadline_oracle,selective_suppression,attack,FN,False,-inf
deadline_oracle,selective_suppression,benign,TN,False,
frequency,selective_suppression,attack,FN,False,-inf
frequency,selective_suppression,benign,TN,False,
plausibility,selective_suppression,attack,TP,False,-29.649362251128807
plausibility,selective_suppression,benign,TN,False,
timing_only,selective_suppression,attack,FN,False,-inf
timing_only,selective_suppression,benign,TN,False,
fused,selective_suppression,attack,TP,False,-29.649362251128807
fused,selective_suppression,benign,TN,False,
deadline,selective_suppression,attack,FN,False,-inf
deadline,selective_suppression,benign,TN,False,
deadline_oracle,selective_suppression,attack,FN,False,-inf
deadline_oracle,selective_suppression,benign,TN,False,
frequency,selective_suppression,attack,FN,False,-inf
frequency,selective_suppression,benign,TN,False,
plausibility,selective_suppression,attack,TP,False,118.05056631935065
plausibility,selective_suppression,benign,TN,False,
timing_only,selective_suppression,attack,FN,False,-inf
timing_only,selective_suppression,benign,TN,False,
fused,selective_suppression,attack,TP,False,118.05056631935065
fused,selective_suppression,benign,TN,False,
deadline,selective_suppression,attack,FN,False,-inf
deadline,selective_suppression,benign,TN,False,
deadline_oracle,selective_suppression,attack,FN,False,-inf
deadline_oracle,selective_suppression,benign,TN,False,
frequency,selective_suppression,attack,TP,False,107.6476602763158
frequency,selective_suppression,benign,TN,False,
plausibility,selective_suppression,attack,TP,False,92.6236602763158
plausibility,selective_suppression,benign,TN,False,
timing_only,selective_suppression,attack,TP,False,107.6476602763158
timing_only,selective_suppression,benign,TN,False,
fused,selective_suppression,attack,TP,False,107.6476602763158
fused,selective_suppression,benign,TN,False,
deadline,selective_suppression,attack,FN,False,-inf
deadline,selective_suppression,benign,TN,False,
deadline_oracle,selective_suppression,attack,FN,False,-inf
deadline_oracle,selective_suppression,benign,TN,False,
frequency,selective_suppression,attack,TP,False,127.89296205318115
frequency,selective_suppression,benign,TN,False,
plausibility,selective_suppression,attack,TP,False,207.89296205318115
plausibility,selective_suppression,benign,TN,False,
timing_only,selective_suppression,attack,TP,False,127.89296205318115
timing_only,selective_suppression,benign,TN,False,
fused,selective_suppression,attack,TP,False,207.89296205318115
fused,selective_suppression,benign,TN,False,
deadline,selective_suppression,attack,TP,False,80.89956627235689
deadline,selective_suppression,benign,FP,False,
deadline_oracle,selective_suppression,attack,TP,False,80.7275662723569
deadline_oracle,selective_suppression,benign,FP,False,
frequency,selective_suppression,attack,FN,False,-inf
frequency,selective_suppression,benign,TN,False,
plausibility,selective_suppression,attack,TP,False,76.6795662723569
plausibility,selective_suppression,benign,TN,False,
timing_only,selective_suppression,attack,TP,False,80.89956627235689
timing_only,selective_suppression,benign,FP,False,
fused,selective_suppression,attack,TP,False,80.89956627235689
fused,selective_suppression,benign,FP,False,
deadline,selective_suppression,attack,FN,False,-inf
deadline,selective_suppression,benign,TN,False,
deadline_oracle,selective_suppression,attack,FN,False,-inf
deadline_oracle,selective_suppression,benign,TN,False,
frequency,selective_suppression,attack,TP,False,90.03874522522136
frequency,selective_suppression,benign,TN,False,
plausibility,selective_suppression,attack,TP,False,-4.961254774778638
plausibility,selective_suppression,benign,TN,False,
timing_only,selective_suppression,attack,TP,False,90.03874522522136
timing_only,selective_suppression,benign,TN,False,
fused,selective_suppression,attack,TP,False,90.03874522522136
fused,selective_suppression,benign,TN,False,
deadline,selective_suppression,attack,FN,False,-inf
deadline,selective_suppression,benign,TN,False,
deadline_oracle,selective_suppression,attack,FN,False,-inf
deadline_oracle,selective_suppression,benign,TN,False,
frequency,selective_suppression,attack,FN,False,-inf
frequency,selective_suppression,benign,TN,False,
plausibility,selective_suppression,attack,TP,False,36.75356564071518
plausibility,selective_suppression,benign,TN,False,
timing_only,selective_suppression,attack,FN,False,-inf
timing_only,selective_suppression,benign,TN,False,
fused,selective_suppression,attack,TP,False,36.75356564071518
fused,selective_suppression,benign,TN,False,
deadline,selective_suppression,attack,FN,False,-inf
deadline,selective_suppression,benign,TN,False,
deadline_oracle,selective_suppression,attack,FN,False,-inf
deadline_oracle,selective_suppression,benign,TN,False,
frequency,selective_suppression,attack,FN,False,-inf
frequency,selective_suppression,benign,TN,False,
plausibility,selective_suppression,attack,TP,False,84.69002638744536
plausibility,selective_suppression,benign,TN,False,
timing_only,selective_suppression,attack,FN,False,-inf
timing_only,selective_suppression,benign,TN,False,
fused,selective_suppression,attack,TP,False,84.69002638744536
fused,selective_suppression,benign,TN,False,
deadline,selective_suppression,attack,FN,False,-inf
deadline,selective_suppression,benign,TN,False,
deadline_oracle,selective_suppression,attack,FN,False,-inf
deadline_oracle,selective_suppression,benign,TN,False,
frequency,selective_suppression,attack,TP,False,69.56553547191703
frequency,selective_suppression,benign,TN,False,
plausibility,selective_suppression,attack,TP,False,169.56553547191703
plausibility,selective_suppression,benign,TN,False,
timing_only,selective_suppression,attack,TP,False,69.56553547191703
timing_only,selective_suppression,benign,TN,False,
fused,selective_suppression,attack,TP,False,169.56553547191703
fused,selective_suppression,benign,TN,False,
deadline,selective_suppression,attack,FN,False,-inf
deadline,selective_suppression,benign,TN,False,
deadline_oracle,selective_suppression,attack,FN,False,-inf
deadline_oracle,selective_suppression,benign,TN,False,
frequency,selective_suppression,attack,FN,False,-inf
frequency,selective_suppression,benign,TN,False,
plausibility,selective_suppression,attack,TP,False,107.74586698950523
plausibility,selective_suppression,benign,TN,False,
timing_only,selective_suppression,attack,FN,False,-inf
timing_only,selective_suppression,benign,TN,False,
fused,selective_suppression,attack,TP,False,107.74586698950523
fused,selective_suppression,benign,TN,False,
deadline,selective_suppression,attack,FN,False,-inf
deadline,selective_suppression,benign,TN,False,
deadline_oracle,selective_suppression,attack,FN,False,-inf
deadline_oracle,selective_suppression,benign,TN,False,
frequency,selective_suppression,attack,TP,False,237.08491138153056
frequency,selective_suppression,benign,TN,False,
plausibility,selective_suppression,attack,TP,False,202.08491138153056
plausibility,selective_suppression,benign,TN,False,
timing_only,selective_suppression,attack,TP,False,237.08491138153056
timing_only,selective_suppression,benign,TN,False,
fused,selective_suppression,attack,TP,False,237.08491138153056
fused,selective_suppression,benign,TN,False,
deadline,selective_suppression,attack,FN,False,-inf
deadline,selective_suppression,benign,TN,False,
deadline_oracle,selective_suppression,attack,FN,False,-inf
deadline_oracle,selective_suppression,benign,TN,False,
frequency,selective_suppression,attack,FN,False,-inf
frequency,selective_suppression,benign,TN,False,
plausibility,selective_suppression,attack,TP,False,20.03081834517613
plausibility,selective_suppression,benign,TN,False,
timing_only,selective_suppression,attack,FN,False,-inf
timing_only,selective_suppression,benign,TN,False,
fused,selective_suppression,attack,TP,False,20.03081834517613
fused,selective_suppression,benign,TN,False,
deadline,selective_suppression,attack,FN,False,-inf
deadline,selective_suppression,benign,TN,False,
deadline_oracle,selective_suppression,attack,FN,False,-inf
deadline_oracle,selective_suppression,benign,TN,False,
frequency,selective_suppression,attack,FN,False,-inf
frequency,selective_suppression,benign,TN,False,
plausibility,selective_suppression,attack,TP,False,122.68688856835895
plausibility,selective_suppression,benign,TN,False,
timing_only,selective_suppression,attack,FN,False,-inf
timing_only,selective_suppression,benign,TN,False,
fused,selective_suppression,attack,TP,False,122.68688856835895
fused,selective_suppression,benign,TN,False,
deadline,selective_suppression,attack,FN,False,-inf
deadline,selective_suppression,benign,TN,False,
deadline_oracle,selective_suppression,attack,FN,False,-inf
deadline_oracle,selective_suppression,benign,TN,False,
frequency,selective_suppression,attack,FN,False,-inf
frequency,selective_suppression,benign,TN,False,
plausibility,selective_suppression,attack,TP,False,92.38404566385341
plausibility,selective_suppression,benign,TN,False,
timing_only,selective_suppression,attack,FN,False,-inf
timing_only,selective_suppression,benign,TN,False,
fused,selective_suppression,attack,TP,False,92.38404566385341
fused,selective_suppression,benign,TN,False,
deadline,selective_suppression,attack,FN,False,-inf
deadline,selective_suppression,benign,TN,False,
deadline_oracle,selective_suppression,attack,FN,False,-inf
deadline_oracle,selective_suppression,benign,TN,False,
frequency,selective_suppression,attack,FN,False,-inf
frequency,selective_suppression,benign,TN,False,
plausibility,selective_suppression,attack,TP,False,159.90008568712778
plausibility,selective_suppression,benign,TN,False,
timing_only,selective_suppression,attack,FN,False,-inf
timing_only,selective_suppression,benign,TN,False,
fused,selective_suppression,attack,TP,False,159.90008568712778
fused,selective_suppression,benign,TN,False,
deadline,selective_suppression,attack,FN,False,-inf
deadline,selective_suppression,benign,TN,False,
deadline_oracle,selective_suppression,attack,FN,False,-inf
deadline_oracle,selective_suppression,benign,TN,False,
frequency,selective_suppression,attack,FN,False,-inf
frequency,selective_suppression,benign,TN,False,
plausibility,selective_suppression,attack,TP,False,113.4179268308269
plausibility,selective_suppression,benign,TN,False,
timing_only,selective_suppression,attack,FN,False,-inf
timing_only,selective_suppression,benign,TN,False,
fused,selective_suppression,attack,TP,False,113.4179268308269
fused,selective_suppression,benign,TN,False,
deadline,selective_suppression,attack,FN,True,-inf
deadline,selective_suppression,benign,TN,False,
deadline_oracle,selective_suppression,attack,TP,True,26.919190916237156
deadline_oracle,selective_suppression,benign,TN,False,
frequency,selective_suppression,attack,TP,True,88.64219091623715
frequency,selective_suppression,benign,TN,False,
plausibility,selective_suppression,attack,TP,True,-466.35780908376285
plausibility,selective_suppression,benign,TN,False,
timing_only,selective_suppression,attack,TP,True,88.64219091623715
timing_only,selective_suppression,benign,TN,False,
fused,selective_suppression,attack,TP,True,88.64219091623715
fused,selective_suppression,benign,TN,False,
deadline,selective_suppression,attack,FN,False,-inf
deadline,selective_suppression,benign,TN,False,
deadline_oracle,selective_suppression,attack,FN,False,-inf
deadline_oracle,selective_suppression,benign,TN,False,
frequency,selective_suppression,attack,FN,False,-inf
frequency,selective_suppression,benign,TN,False,
plausibility,selective_suppression,attack,TP,False,180.00094884583777
plausibility,selective_suppression,benign,TN,False,
timing_only,selective_suppression,attack,FN,False,-inf
timing_only,selective_suppression,benign,TN,False,
fused,selective_suppression,attack,TP,False,180.00094884583777
fused,selective_suppression,benign,TN,False,
deadline,selective_suppression,attack,FN,False,-inf
deadline,selective_suppression,benign,TN,False,
deadline_oracle,selective_suppression,attack,FN,False,-inf
deadline_oracle,selective_suppression,benign,TN,False,
frequency,selective_suppression,attack,FN,False,-inf
frequency,selective_suppression,benign,TN,False,
plausibility,selective_suppression,attack,TP,False,-10.22911461101782
plausibility,selective_suppression,benign,TN,False,
timing_only,selective_suppression,attack,FN,False,-inf
timing_only,selective_suppression,benign,TN,False,
fused,selective_suppression,attack,TP,False,-10.22911461101782
fused,selective_suppression,benign,TN,False,
deadline,selective_suppression,attack,FN,False,-inf
deadline,selective_suppression,benign,TN,False,
deadline_oracle,selective_suppression,attack,FN,False,-inf
deadline_oracle,selective_suppression,benign,TN,False,
frequency,selective_suppression,attack,FN,False,-inf
frequency,selective_suppression,benign,TN,False,
plausibility,selective_suppression,attack,TP,False,126.12929041165057
plausibility,selective_suppression,benign,TN,False,
timing_only,selective_suppression,attack,FN,False,-inf
timing_only,selective_suppression,benign,TN,False,
fused,selective_suppression,attack,TP,False,126.12929041165057
fused,selective_suppression,benign,TN,False,
deadline,selective_suppression,attack,FN,False,-inf
deadline,selective_suppression,benign,TN,False,
deadline_oracle,selective_suppression,attack,FN,False,-inf
deadline_oracle,selective_suppression,benign,TN,False,
frequency,selective_suppression,attack,FN,False,-inf
frequency,selective_suppression,benign,TN,False,
plausibility,selective_suppression,attack,TP,False,63.5851268197942
plausibility,selective_suppression,benign,TN,False,
timing_only,selective_suppression,attack,FN,False,-inf
timing_only,selective_suppression,benign,TN,False,
fused,selective_suppression,attack,TP,False,63.5851268197942
fused,selective_suppression,benign,TN,False,
deadline,selective_suppression,attack,FN,False,-inf
deadline,selective_suppression,benign,TN,False,
deadline_oracle,selective_suppression,attack,FN,False,-inf
deadline_oracle,selective_suppression,benign,TN,False,
frequency,selective_suppression,attack,FN,False,-inf
frequency,selective_suppression,benign,TN,False,
plausibility,selective_suppression,attack,TP,False,103.92660808994171
plausibility,selective_suppression,benign,TN,False,
timing_only,selective_suppression,attack,FN,False,-inf
timing_only,selective_suppression,benign,TN,False,
fused,selective_suppression,attack,TP,False,103.92660808994171
fused,selective_suppression,benign,TN,False,
deadline,selective_suppression,attack,FN,False,-inf
deadline,selective_suppression,benign,TN,False,
deadline_oracle,selective_suppression,attack,FN,False,-inf
deadline_oracle,selective_suppression,benign,TN,False,
frequency,selective_suppression,attack,TP,False,-8.15535592710765
frequency,selective_suppression,benign,TN,False,
plausibility,selective_suppression,attack,TP,False,71.84464407289236
plausibility,selective_suppression,benign,TN,False,
timing_only,selective_suppression,attack,TP,False,-8.15535592710765
timing_only,selective_suppression,benign,TN,False,
fused,selective_suppression,attack,TP,False,71.84464407289236
fused,selective_suppression,benign,TN,False,
deadline,selective_suppression,attack,FN,False,-inf
deadline,selective_suppression,benign,TN,False,
deadline_oracle,selective_suppression,attack,FN,False,-inf
deadline_oracle,selective_suppression,benign,TN,False,
frequency,selective_suppression,attack,FN,False,-inf
frequency,selective_suppression,benign,TN,False,
plausibility,selective_suppression,attack,TP,False,126.0544833309765
plausibility,selective_suppression,benign,TN,False,
timing_only,selective_suppression,attack,FN,False,-inf
timing_only,selective_suppression,benign,TN,False,
fused,selective_suppression,attack,TP,False,126.0544833309765
fused,selective_suppression,benign,TN,False,
deadline,selective_suppression,attack,FN,False,-inf
deadline,selective_suppression,benign,TN,False,
deadline_oracle,selective_suppression,attack,FN,False,-inf
deadline_oracle,selective_suppression,benign,TN,False,
frequency,selective_suppression,attack,FN,False,-inf
frequency,selective_suppression,benign,TN,False,
plausibility,selective_suppression,attack,TP,False,-3.7461391680937624
plausibility,selective_suppression,benign,TN,False,
timing_only,selective_suppression,attack,FN,False,-inf
timing_only,selective_suppression,benign,TN,False,
fused,selective_suppression,attack,TP,False,-3.7461391680937624
fused,selective_suppression,benign,TN,False,
deadline,selective_suppression,attack,FN,False,-inf
deadline,selective_suppression,benign,TN,False,
deadline_oracle,selective_suppression,attack,FN,False,-inf
deadline_oracle,selective_suppression,benign,TN,False,
frequency,selective_suppression,attack,FN,False,-inf
frequency,selective_suppression,benign,TN,False,
plausibility,selective_suppression,attack,TP,False,183.1243309380678
plausibility,selective_suppression,benign,TN,False,
timing_only,selective_suppression,attack,FN,False,-inf
timing_only,selective_suppression,benign,TN,False,
fused,selective_suppression,attack,TP,False,183.1243309380678
fused,selective_suppression,benign,TN,False,
deadline,selective_suppression,attack,FN,False,-inf
deadline,selective_suppression,benign,TN,False,
deadline_oracle,selective_suppression,attack,FN,False,-inf
deadline_oracle,selective_suppression,benign,TN,False,
frequency,selective_suppression,attack,FN,False,-inf
frequency,selective_suppression,benign,TN,False,
plausibility,selective_suppression,attack,TP,False,-16.787023550304013
plausibility,selective_suppression,benign,TN,False,
timing_only,selective_suppression,attack,FN,False,-inf
timing_only,selective_suppression,benign,TN,False,
fused,selective_suppression,attack,TP,False,-16.787023550304013
fused,selective_suppression,benign,TN,False,
deadline,selective_suppression,attack,FN,False,-inf
deadline,selective_suppression,benign,TN,False,
deadline_oracle,selective_suppression,attack,FN,False,-inf
deadline_oracle,selective_suppression,benign,TN,False,
frequency,selective_suppression,attack,TP,False,84.16059169421169
frequency,selective_suppression,benign,TN,False,
plausibility,selective_suppression,attack,TP,False,164.1605916942117
plausibility,selective_suppression,benign,TN,False,
timing_only,selective_suppression,attack,TP,False,84.16059169421169
timing_only,selective_suppression,benign,TN,False,
fused,selective_suppression,attack,TP,False,164.1605916942117
fused,selective_suppression,benign,TN,False,
deadline,sensor_drift_spoof,attack,FN,False,-inf
deadline,sensor_drift_spoof,benign,TN,False,
deadline_oracle,sensor_drift_spoof,attack,FN,False,-inf
deadline_oracle,sensor_drift_spoof,benign,TN,False,
frequency,sensor_drift_spoof,attack,FN,False,-inf
frequency,sensor_drift_spoof,benign,TN,False,
plausibility,sensor_drift_spoof,attack,TP,False,75.35719092411254
plausibility,sensor_drift_spoof,benign,TN,False,
timing_only,sensor_drift_spoof,attack,FN,False,-inf
timing_only,sensor_drift_spoof,benign,TN,False,
fused,sensor_drift_spoof,attack,TP,False,75.35719092411254
fused,sensor_drift_spoof,benign,TN,False,
deadline,sensor_drift_spoof,attack,FN,False,-inf
deadline,sensor_drift_spoof,benign,TN,False,
deadline_oracle,sensor_drift_spoof,attack,FN,False,-inf
deadline_oracle,sensor_drift_spoof,benign,TN,False,
frequency,sensor_drift_spoof,attack,FN,False,-inf
frequency,sensor_drift_spoof,benign,TN,False,
plausibility,sensor_drift_spoof,attack,TP,False,-14.42802886371095
plausibility,sensor_drift_spoof,benign,TN,False,
timing_only,sensor_drift_spoof,attack,FN,False,-inf
timing_only,sensor_drift_spoof,benign,TN,False,
fused,sensor_drift_spoof,attack,TP,False,-14.42802886371095
fused,sensor_drift_spoof,benign,TN,False,
deadline,sensor_drift_spoof,attack,FN,False,-inf
deadline,sensor_drift_spoof,benign,TN,False,
deadline_oracle,sensor_drift_spoof,attack,FN,False,-inf
deadline_oracle,sensor_drift_spoof,benign,TN,False,
frequency,sensor_drift_spoof,attack,FN,False,-inf
frequency,sensor_drift_spoof,benign,TN,False,
plausibility,sensor_drift_spoof,attack,FN,False,-inf
plausibility,sensor_drift_spoof,benign,TN,False,
timing_only,sensor_drift_spoof,attack,FN,False,-inf
timing_only,sensor_drift_spoof,benign,TN,False,
fused,sensor_drift_spoof,attack,FN,False,-inf
fused,sensor_drift_spoof,benign,TN,False,
deadline,sensor_drift_spoof,attack,FN,False,-inf
deadline,sensor_drift_spoof,benign,TN,False,
deadline_oracle,sensor_drift_spoof,attack,FN,False,-inf
deadline_oracle,sensor_drift_spoof,benign,TN,False,
frequency,sensor_drift_spoof,attack,FN,False,-inf
frequency,sensor_drift_spoof,benign,TN,False,
plausibility,sensor_drift_spoof,attack,FN,False,-inf
plausibility,sensor_drift_spoof,benign,TN,False,
timing_only,sensor_drift_spoof,attack,FN,False,-inf
timing_only,sensor_drift_spoof,benign,TN,False,
fused,sensor_drift_spoof,attack,FN,False,-inf
fused,sensor_drift_spoof,benign,TN,False,
deadline,sensor_drift_spoof,attack,FN,False,-inf
deadline,sensor_drift_spoof,benign,TN,False,
deadline_oracle,sensor_drift_spoof,attack,FN,False,-inf
deadline_oracle,sensor_drift_spoof,benign,TN,False,
frequency,sensor_drift_spoof,attack,FN,False,-inf
frequency,sensor_drift_spoof,benign,TN,False,
plausibility,sensor_drift_spoof,attack,FN,False,-inf
plausibility,sensor_drift_spoof,benign,TN,False,
timing_only,sensor_drift_spoof,attack,FN,False,-inf
timing_only,sensor_drift_spoof,benign,TN,False,
fused,sensor_drift_spoof,attack,FN,False,-inf
fused,sensor_drift_spoof,benign,TN,False,
deadline,sensor_drift_spoof,attack,FN,False,-inf
deadline,sensor_drift_spoof,benign,TN,False,
deadline_oracle,sensor_drift_spoof,attack,FN,False,-inf
deadline_oracle,sensor_drift_spoof,benign,TN,False,
frequency,sensor_drift_spoof,attack,FN,False,-inf
frequency,sensor_drift_spoof,benign,TN,False,
plausibility,sensor_drift_spoof,attack,TP,False,80.75292390477883
plausibility,sensor_drift_spoof,benign,TN,False,
timing_only,sensor_drift_spoof,attack,FN,False,-inf
timing_only,sensor_drift_spoof,benign,TN,False,
fused,sensor_drift_spoof,attack,TP,False,80.75292390477883
fused,sensor_drift_spoof,benign,TN,False,
deadline,sensor_drift_spoof,attack,FN,False,-inf
deadline,sensor_drift_spoof,benign,TN,False,
deadline_oracle,sensor_drift_spoof,attack,FN,False,-inf
deadline_oracle,sensor_drift_spoof,benign,TN,False,
frequency,sensor_drift_spoof,attack,FN,False,-inf
frequency,sensor_drift_spoof,benign,TN,False,
plausibility,sensor_drift_spoof,attack,TP,False,15.303732201388627
plausibility,sensor_drift_spoof,benign,TN,False,
timing_only,sensor_drift_spoof,attack,FN,False,-inf
timing_only,sensor_drift_spoof,benign,TN,False,
fused,sensor_drift_spoof,attack,TP,False,15.303732201388627
fused,sensor_drift_spoof,benign,TN,False,
deadline,sensor_drift_spoof,attack,FN,False,-inf
deadline,sensor_drift_spoof,benign,TN,False,
deadline_oracle,sensor_drift_spoof,attack,FN,False,-inf
deadline_oracle,sensor_drift_spoof,benign,TN,False,
frequency,sensor_drift_spoof,attack,FN,False,-inf
frequency,sensor_drift_spoof,benign,TN,False,
plausibility,sensor_drift_spoof,attack,TP,False,82.79606183445757
plausibility,sensor_drift_spoof,benign,TN,False,
timing_only,sensor_drift_spoof,attack,FN,False,-inf
timing_only,sensor_drift_spoof,benign,TN,False,
fused,sensor_drift_spoof,attack,TP,False,82.79606183445757
fused,sensor_drift_spoof,benign,TN,False,
deadline,sensor_drift_spoof,attack,FN,False,-inf
deadline,sensor_drift_spoof,benign,TN,False,
deadline_oracle,sensor_drift_spoof,attack,FN,False,-inf
deadline_oracle,sensor_drift_spoof,benign,TN,False,
frequency,sensor_drift_spoof,attack,FN,False,-inf
frequency,sensor_drift_spoof,benign,TN,False,
plausibility,sensor_drift_spoof,attack,TP,False,-19.395234158243326
plausibility,sensor_drift_spoof,benign,TN,False,
timing_only,sensor_drift_spoof,attack,FN,False,-inf
timing_only,sensor_drift_spoof,benign,TN,False,
fused,sensor_drift_spoof,attack,TP,False,-19.395234158243326
fused,sensor_drift_spoof,benign,TN,False,
deadline,sensor_drift_spoof,attack,FN,False,-inf
deadline,sensor_drift_spoof,benign,TN,False,
deadline_oracle,sensor_drift_spoof,attack,FN,False,-inf
deadline_oracle,sensor_drift_spoof,benign,TN,False,
frequency,sensor_drift_spoof,attack,FN,False,-inf
frequency,sensor_drift_spoof,benign,TN,False,
plausibility,sensor_drift_spoof,attack,TP,False,55.23922697103433
plausibility,sensor_drift_spoof,benign,TN,False,
timing_only,sensor_drift_spoof,attack,FN,False,-inf
timing_only,sensor_drift_spoof,benign,TN,False,
fused,sensor_drift_spoof,attack,TP,False,55.23922697103433
fused,sensor_drift_spoof,benign,TN,False,
deadline,sensor_drift_spoof,attack,FN,False,-inf
deadline,sensor_drift_spoof,benign,TN,False,
deadline_oracle,sensor_drift_spoof,attack,FN,False,-inf
deadline_oracle,sensor_drift_spoof,benign,TN,False,
frequency,sensor_drift_spoof,attack,FN,False,-inf
frequency,sensor_drift_spoof,benign,TN,False,
plausibility,sensor_drift_spoof,attack,TP,False,47.76157688987104
plausibility,sensor_drift_spoof,benign,TN,False,
timing_only,sensor_drift_spoof,attack,FN,False,-inf
timing_only,sensor_drift_spoof,benign,TN,False,
fused,sensor_drift_spoof,attack,TP,False,47.76157688987104
fused,sensor_drift_spoof,benign,TN,False,
deadline,sensor_drift_spoof,attack,FN,False,-inf
deadline,sensor_drift_spoof,benign,TN,False,
deadline_oracle,sensor_drift_spoof,attack,FN,False,-inf
deadline_oracle,sensor_drift_spoof,benign,TN,False,
frequency,sensor_drift_spoof,attack,FN,False,-inf
frequency,sensor_drift_spoof,benign,TN,False,
plausibility,sensor_drift_spoof,attack,TP,False,3.9073005783934605
plausibility,sensor_drift_spoof,benign,TN,False,
timing_only,sensor_drift_spoof,attack,FN,False,-inf
timing_only,sensor_drift_spoof,benign,TN,False,
fused,sensor_drift_spoof,attack,TP,False,3.9073005783934605
fused,sensor_drift_spoof,benign,TN,False,
deadline,sensor_drift_spoof,attack,FN,False,-inf
deadline,sensor_drift_spoof,benign,TN,False,
deadline_oracle,sensor_drift_spoof,attack,FN,False,-inf
deadline_oracle,sensor_drift_spoof,benign,TN,False,
frequency,sensor_drift_spoof,attack,FN,False,-inf
frequency,sensor_drift_spoof,benign,TN,False,
plausibility,sensor_drift_spoof,attack,TP,False,-27.994731226713014
plausibility,sensor_drift_spoof,benign,TN,False,
timing_only,sensor_drift_spoof,attack,FN,False,-inf
timing_only,sensor_drift_spoof,benign,TN,False,
fused,sensor_drift_spoof,attack,TP,False,-27.994731226713014
fused,sensor_drift_spoof,benign,TN,False,
deadline,sensor_drift_spoof,attack,FN,False,-inf
deadline,sensor_drift_spoof,benign,TN,False,
deadline_oracle,sensor_drift_spoof,attack,FN,False,-inf
deadline_oracle,sensor_drift_spoof,benign,TN,False,
frequency,sensor_drift_spoof,attack,FN,False,-inf
frequency,sensor_drift_spoof,benign,TN,False,
plausibility,sensor_drift_spoof,attack,TP,False,6.777760988693885
plausibility,sensor_drift_spoof,benign,TN,False,
timing_only,sensor_drift_spoof,attack,FN,False,-inf
timing_only,sensor_drift_spoof,benign,TN,False,
fused,sensor_drift_spoof,attack,TP,False,6.777760988693885
fused,sensor_drift_spoof,benign,TN,False,
deadline,sensor_drift_spoof,attack,FN,False,-inf
deadline,sensor_drift_spoof,benign,TN,False,
deadline_oracle,sensor_drift_spoof,attack,FN,False,-inf
deadline_oracle,sensor_drift_spoof,benign,TN,False,
frequency,sensor_drift_spoof,attack,FN,False,-inf
frequency,sensor_drift_spoof,benign,TN,False,
plausibility,sensor_drift_spoof,attack,TP,False,36.302939106902585
plausibility,sensor_drift_spoof,benign,TN,False,
timing_only,sensor_drift_spoof,attack,FN,False,-inf
timing_only,sensor_drift_spoof,benign,TN,False,
fused,sensor_drift_spoof,attack,TP,False,36.302939106902585
fused,sensor_drift_spoof,benign,TN,False,
deadline,sensor_drift_spoof,attack,FN,False,-inf
deadline,sensor_drift_spoof,benign,TN,False,
deadline_oracle,sensor_drift_spoof,attack,FN,False,-inf
deadline_oracle,sensor_drift_spoof,benign,TN,False,
frequency,sensor_drift_spoof,attack,FN,False,-inf
frequency,sensor_drift_spoof,benign,TN,False,
plausibility,sensor_drift_spoof,attack,TP,False,4.740834987982595
plausibility,sensor_drift_spoof,benign,TN,False,
timing_only,sensor_drift_spoof,attack,FN,False,-inf
timing_only,sensor_drift_spoof,benign,TN,False,
fused,sensor_drift_spoof,attack,TP,False,4.740834987982595
fused,sensor_drift_spoof,benign,TN,False,
deadline,sensor_drift_spoof,attack,FN,False,-inf
deadline,sensor_drift_spoof,benign,TN,False,
deadline_oracle,sensor_drift_spoof,attack,FN,False,-inf
deadline_oracle,sensor_drift_spoof,benign,TN,False,
frequency,sensor_drift_spoof,attack,FN,False,-inf
frequency,sensor_drift_spoof,benign,TN,False,
plausibility,sensor_drift_spoof,attack,TP,False,1.7526375271436052
plausibility,sensor_drift_spoof,benign,TN,False,
timing_only,sensor_drift_spoof,attack,FN,False,-inf
timing_only,sensor_drift_spoof,benign,TN,False,
fused,sensor_drift_spoof,attack,TP,False,1.7526375271436052
fused,sensor_drift_spoof,benign,TN,False,
deadline,sensor_drift_spoof,attack,FN,False,-inf
deadline,sensor_drift_spoof,benign,TN,False,
deadline_oracle,sensor_drift_spoof,attack,FN,False,-inf
deadline_oracle,sensor_drift_spoof,benign,TN,False,
frequency,sensor_drift_spoof,attack,FN,False,-inf
frequency,sensor_drift_spoof,benign,TN,False,
plausibility,sensor_drift_spoof,attack,FN,False,-inf
plausibility,sensor_drift_spoof,benign,TN,False,
timing_only,sensor_drift_spoof,attack,FN,False,-inf
timing_only,sensor_drift_spoof,benign,TN,False,
fused,sensor_drift_spoof,attack,FN,False,-inf
fused,sensor_drift_spoof,benign,TN,False,
deadline,sensor_drift_spoof,attack,FN,False,-inf
deadline,sensor_drift_spoof,benign,TN,False,
deadline_oracle,sensor_drift_spoof,attack,FN,False,-inf
deadline_oracle,sensor_drift_spoof,benign,TN,False,
frequency,sensor_drift_spoof,attack,FN,False,-inf
frequency,sensor_drift_spoof,benign,TN,False,
plausibility,sensor_drift_spoof,attack,TP,False,14.847309496209917
plausibility,sensor_drift_spoof,benign,TN,False,
timing_only,sensor_drift_spoof,attack,FN,False,-inf
timing_only,sensor_drift_spoof,benign,TN,False,
fused,sensor_drift_spoof,attack,TP,False,14.847309496209917
fused,sensor_drift_spoof,benign,TN,False,
deadline,sensor_drift_spoof,attack,FN,False,-inf
deadline,sensor_drift_spoof,benign,TN,False,
deadline_oracle,sensor_drift_spoof,attack,FN,False,-inf
deadline_oracle,sensor_drift_spoof,benign,TN,False,
frequency,sensor_drift_spoof,attack,FN,False,-inf
frequency,sensor_drift_spoof,benign,TN,False,
plausibility,sensor_drift_spoof,attack,FN,False,-inf
plausibility,sensor_drift_spoof,benign,TN,False,
timing_only,sensor_drift_spoof,attack,FN,False,-inf
timing_only,sensor_drift_spoof,benign,TN,False,
fused,sensor_drift_spoof,attack,FN,False,-inf
fused,sensor_drift_spoof,benign,TN,False,
deadline,sensor_drift_spoof,attack,FN,False,-inf
deadline,sensor_drift_spoof,benign,TN,False,
deadline_oracle,sensor_drift_spoof,attack,FN,False,-inf
deadline_oracle,sensor_drift_spoof,benign,TN,False,
frequency,sensor_drift_spoof,attack,FN,False,-inf
frequency,sensor_drift_spoof,benign,TN,False,
plausibility,sensor_drift_spoof,attack,TP,False,32.30119862391348
plausibility,sensor_drift_spoof,benign,TN,False,
timing_only,sensor_drift_spoof,attack,FN,False,-inf
timing_only,sensor_drift_spoof,benign,TN,False,
fused,sensor_drift_spoof,attack,TP,False,32.30119862391348
fused,sensor_drift_spoof,benign,TN,False,
deadline,sensor_drift_spoof,attack,FN,False,-inf
deadline,sensor_drift_spoof,benign,TN,False,
deadline_oracle,sensor_drift_spoof,attack,FN,False,-inf
deadline_oracle,sensor_drift_spoof,benign,TN,False,
frequency,sensor_drift_spoof,attack,FN,False,-inf
frequency,sensor_drift_spoof,benign,TN,False,
plausibility,sensor_drift_spoof,attack,FN,False,-inf
plausibility,sensor_drift_spoof,benign,TN,False,
timing_only,sensor_drift_spoof,attack,FN,False,-inf
timing_only,sensor_drift_spoof,benign,TN,False,
fused,sensor_drift_spoof,attack,FN,False,-inf
fused,sensor_drift_spoof,benign,TN,False,
deadline,sensor_drift_spoof,attack,FN,False,-inf
deadline,sensor_drift_spoof,benign,TN,False,
deadline_oracle,sensor_drift_spoof,attack,FN,False,-inf
deadline_oracle,sensor_drift_spoof,benign,TN,False,
frequency,sensor_drift_spoof,attack,FN,False,-inf
frequency,sensor_drift_spoof,benign,TN,False,
plausibility,sensor_drift_spoof,attack,TP,False,40.393085475137084
plausibility,sensor_drift_spoof,benign,TN,False,
timing_only,sensor_drift_spoof,attack,FN,False,-inf
timing_only,sensor_drift_spoof,benign,TN,False,
fused,sensor_drift_spoof,attack,TP,False,40.393085475137084
fused,sensor_drift_spoof,benign,TN,False,
deadline,sensor_drift_spoof,attack,FN,False,-inf
deadline,sensor_drift_spoof,benign,TN,False,
deadline_oracle,sensor_drift_spoof,attack,FN,False,-inf
deadline_oracle,sensor_drift_spoof,benign,TN,False,
frequency,sensor_drift_spoof,attack,FN,False,-inf
frequency,sensor_drift_spoof,benign,TN,False,
plausibility,sensor_drift_spoof,attack,TP,False,87.50297304275897
plausibility,sensor_drift_spoof,benign,TN,False,
timing_only,sensor_drift_spoof,attack,FN,False,-inf
timing_only,sensor_drift_spoof,benign,TN,False,
fused,sensor_drift_spoof,attack,TP,False,87.50297304275897
fused,sensor_drift_spoof,benign,TN,False,
deadline,sensor_drift_spoof,attack,FN,False,-inf
deadline,sensor_drift_spoof,benign,TN,False,
deadline_oracle,sensor_drift_spoof,attack,FN,False,-inf
deadline_oracle,sensor_drift_spoof,benign,TN,False,
frequency,sensor_drift_spoof,attack,FN,False,-inf
frequency,sensor_drift_spoof,benign,TN,False,
plausibility,sensor_drift_spoof,attack,TP,False,21.02943136852548
plausibility,sensor_drift_spoof,benign,TN,False,
timing_only,sensor_drift_spoof,attack,FN,False,-inf
timing_only,sensor_drift_spoof,benign,TN,False,
fused,sensor_drift_spoof,attack,TP,False,21.02943136852548
fused,sensor_drift_spoof,benign,TN,False,
deadline,sensor_drift_spoof,attack,FN,False,-inf
deadline,sensor_drift_spoof,benign,TN,False,
deadline_oracle,sensor_drift_spoof,attack,FN,False,-inf
deadline_oracle,sensor_drift_spoof,benign,TN,False,
frequency,sensor_drift_spoof,attack,FN,False,-inf
frequency,sensor_drift_spoof,benign,TN,False,
plausibility,sensor_drift_spoof,attack,FN,False,-inf
plausibility,sensor_drift_spoof,benign,TN,False,
timing_only,sensor_drift_spoof,attack,FN,False,-inf
timing_only,sensor_drift_spoof,benign,TN,False,
fused,sensor_drift_spoof,attack,FN,False,-inf
fused,sensor_drift_spoof,benign,TN,False,
deadline,sensor_drift_spoof,attack,FN,False,-inf
deadline,sensor_drift_spoof,benign,TN,False,
deadline_oracle,sensor_drift_spoof,attack,FN,False,-inf
deadline_oracle,sensor_drift_spoof,benign,TN,False,
frequency,sensor_drift_spoof,attack,FN,False,-inf
frequency,sensor_drift_spoof,benign,TN,False,
plausibility,sensor_drift_spoof,attack,TP,False,82.38108858989894
plausibility,sensor_drift_spoof,benign,TN,False,
timing_only,sensor_drift_spoof,attack,FN,False,-inf
timing_only,sensor_drift_spoof,benign,TN,False,
fused,sensor_drift_spoof,attack,TP,False,82.38108858989894
fused,sensor_drift_spoof,benign,TN,False,
deadline,sensor_drift_spoof,attack,FN,False,-inf
deadline,sensor_drift_spoof,benign,TN,False,
deadline_oracle,sensor_drift_spoof,attack,FN,False,-inf
deadline_oracle,sensor_drift_spoof,benign,TN,False,
frequency,sensor_drift_spoof,attack,FN,False,-inf
frequency,sensor_drift_spoof,benign,TN,False,
plausibility,sensor_drift_spoof,attack,FN,False,-inf
plausibility,sensor_drift_spoof,benign,TN,False,
timing_only,sensor_drift_spoof,attack,FN,False,-inf
timing_only,sensor_drift_spoof,benign,TN,False,
fused,sensor_drift_spoof,attack,FN,False,-inf
fused,sensor_drift_spoof,benign,TN,False,
deadline,sensor_drift_spoof,attack,FN,False,-inf
deadline,sensor_drift_spoof,benign,TN,False,
deadline_oracle,sensor_drift_spoof,attack,FN,False,-inf
deadline_oracle,sensor_drift_spoof,benign,TN,False,
frequency,sensor_drift_spoof,attack,FN,False,-inf
frequency,sensor_drift_spoof,benign,TN,False,
plausibility,sensor_drift_spoof,attack,TP,False,28.178026127425525
plausibility,sensor_drift_spoof,benign,TN,False,
timing_only,sensor_drift_spoof,attack,FN,False,-inf
timing_only,sensor_drift_spoof,benign,TN,False,
fused,sensor_drift_spoof,attack,TP,False,28.178026127425525
fused,sensor_drift_spoof,benign,TN,False,
deadline,sensor_drift_spoof,attack,FN,False,-inf
deadline,sensor_drift_spoof,benign,TN,False,
deadline_oracle,sensor_drift_spoof,attack,FN,False,-inf
deadline_oracle,sensor_drift_spoof,benign,TN,False,
frequency,sensor_drift_spoof,attack,FN,False,-inf
frequency,sensor_drift_spoof,benign,TN,False,
plausibility,sensor_drift_spoof,attack,FN,False,-inf
plausibility,sensor_drift_spoof,benign,TN,False,
timing_only,sensor_drift_spoof,attack,FN,False,-inf
timing_only,sensor_drift_spoof,benign,TN,False,
fused,sensor_drift_spoof,attack,FN,False,-inf
fused,sensor_drift_spoof,benign,TN,False,
deadline,sensor_drift_spoof,attack,FN,False,-inf
deadline,sensor_drift_spoof,benign,TN,False,
deadline_oracle,sensor_drift_spoof,attack,FN,False,-inf
deadline_oracle,sensor_drift_spoof,benign,TN,False,
frequency,sensor_drift_spoof,attack,FN,False,-inf
frequency,sensor_drift_spoof,benign,TN,False,
plausibility,sensor_drift_spoof,attack,TP,False,91.49433036692892
plausibility,sensor_drift_spoof,benign,TN,False,
timing_only,sensor_drift_spoof,attack,FN,False,-inf
timing_only,sensor_drift_spoof,benign,TN,False,
fused,sensor_drift_spoof,attack,TP,False,91.49433036692892
fused,sensor_drift_spoof,benign,TN,False,
deadline,sensor_drift_spoof,attack,FN,False,-inf
deadline,sensor_drift_spoof,benign,TN,False,
deadline_oracle,sensor_drift_spoof,attack,FN,False,-inf
deadline_oracle,sensor_drift_spoof,benign,TN,False,
frequency,sensor_drift_spoof,attack,FN,False,-inf
frequency,sensor_drift_spoof,benign,TN,False,
plausibility,sensor_drift_spoof,attack,TP,False,43.916591813561666
plausibility,sensor_drift_spoof,benign,TN,False,
timing_only,sensor_drift_spoof,attack,FN,False,-inf
timing_only,sensor_drift_spoof,benign,TN,False,
fused,sensor_drift_spoof,attack,TP,False,43.916591813561666
fused,sensor_drift_spoof,benign,TN,False,
deadline,sensor_drift_spoof,attack,FN,False,-inf
deadline,sensor_drift_spoof,benign,TN,False,
deadline_oracle,sensor_drift_spoof,attack,FN,False,-inf
deadline_oracle,sensor_drift_spoof,benign,TN,False,
frequency,sensor_drift_spoof,attack,FN,False,-inf
frequency,sensor_drift_spoof,benign,TN,False,
plausibility,sensor_drift_spoof,attack,TP,False,58.67692656655427
plausibility,sensor_drift_spoof,benign,TN,False,
timing_only,sensor_drift_spoof,attack,FN,False,-inf
timing_only,sensor_drift_spoof,benign,TN,False,
fused,sensor_drift_spoof,attack,TP,False,58.67692656655427
fused,sensor_drift_spoof,benign,TN,False,
deadline,sensor_drift_spoof,attack,FN,False,-inf
deadline,sensor_drift_spoof,benign,TN,False,
deadline_oracle,sensor_drift_spoof,attack,FN,False,-inf
deadline_oracle,sensor_drift_spoof,benign,TN,False,
frequency,sensor_drift_spoof,attack,FN,False,-inf
frequency,sensor_drift_spoof,benign,TN,False,
plausibility,sensor_drift_spoof,attack,TP,False,-16.53465689946856
plausibility,sensor_drift_spoof,benign,TN,False,
timing_only,sensor_drift_spoof,attack,FN,False,-inf
timing_only,sensor_drift_spoof,benign,TN,False,
fused,sensor_drift_spoof,attack,TP,False,-16.53465689946856
fused,sensor_drift_spoof,benign,TN,False,
deadline,sensor_drift_spoof,attack,FN,False,-inf
deadline,sensor_drift_spoof,benign,TN,False,
deadline_oracle,sensor_drift_spoof,attack,FN,False,-inf
deadline_oracle,sensor_drift_spoof,benign,TN,False,
frequency,sensor_drift_spoof,attack,FN,False,-inf
frequency,sensor_drift_spoof,benign,TN,False,
plausibility,sensor_drift_spoof,attack,TP,False,-2.00078184422874
plausibility,sensor_drift_spoof,benign,TN,False,
timing_only,sensor_drift_spoof,attack,FN,False,-inf
timing_only,sensor_drift_spoof,benign,TN,False,
fused,sensor_drift_spoof,attack,TP,False,-2.00078184422874
fused,sensor_drift_spoof,benign,TN,False,
deadline,sensor_drift_spoof,attack,FN,False,-inf
deadline,sensor_drift_spoof,benign,TN,False,
deadline_oracle,sensor_drift_spoof,attack,FN,False,-inf
deadline_oracle,sensor_drift_spoof,benign,TN,False,
frequency,sensor_drift_spoof,attack,FN,False,-inf
frequency,sensor_drift_spoof,benign,TN,False,
plausibility,sensor_drift_spoof,attack,TP,False,-2.210103106452138
plausibility,sensor_drift_spoof,benign,TN,False,
timing_only,sensor_drift_spoof,attack,FN,False,-inf
timing_only,sensor_drift_spoof,benign,TN,False,
fused,sensor_drift_spoof,attack,TP,False,-2.210103106452138
fused,sensor_drift_spoof,benign,TN,False,
deadline,sensor_drift_spoof,attack,FN,False,-inf
deadline,sensor_drift_spoof,benign,TN,False,
deadline_oracle,sensor_drift_spoof,attack,FN,False,-inf
deadline_oracle,sensor_drift_spoof,benign,TN,False,
frequency,sensor_drift_spoof,attack,FN,False,-inf
frequency,sensor_drift_spoof,benign,TN,False,
plausibility,sensor_drift_spoof,attack,TP,False,37.71213109679766
plausibility,sensor_drift_spoof,benign,TN,False,
timing_only,sensor_drift_spoof,attack,FN,False,-inf
timing_only,sensor_drift_spoof,benign,TN,False,
fused,sensor_drift_spoof,attack,TP,False,37.71213109679766
fused,sensor_drift_spoof,benign,TN,False,
deadline,sensor_drift_spoof,attack,FN,False,-inf
deadline,sensor_drift_spoof,benign,TN,False,
deadline_oracle,sensor_drift_spoof,attack,FN,False,-inf
deadline_oracle,sensor_drift_spoof,benign,TN,False,
frequency,sensor_drift_spoof,attack,FN,False,-inf
frequency,sensor_drift_spoof,benign,TN,False,
plausibility,sensor_drift_spoof,attack,TP,False,5.324530098953602
plausibility,sensor_drift_spoof,benign,TN,False,
timing_only,sensor_drift_spoof,attack,FN,False,-inf
timing_only,sensor_drift_spoof,benign,TN,False,
fused,sensor_drift_spoof,attack,TP,False,5.324530098953602
fused,sensor_drift_spoof,benign,TN,False,
deadline,sensor_drift_spoof,attack,FN,False,-inf
deadline,sensor_drift_spoof,benign,TN,False,
deadline_oracle,sensor_drift_spoof,attack,FN,False,-inf
deadline_oracle,sensor_drift_spoof,benign,TN,False,
frequency,sensor_drift_spoof,attack,FN,False,-inf
frequency,sensor_drift_spoof,benign,TN,False,
plausibility,sensor_drift_spoof,attack,TP,False,-52.64955118393385
plausibility,sensor_drift_spoof,benign,TN,False,
timing_only,sensor_drift_spoof,attack,FN,False,-inf
timing_only,sensor_drift_spoof,benign,TN,False,
fused,sensor_drift_spoof,attack,TP,False,-52.64955118393385
fused,sensor_drift_spoof,benign,TN,False,
deadline,sensor_drift_spoof,attack,FN,False,-inf
deadline,sensor_drift_spoof,benign,TN,False,
deadline_oracle,sensor_drift_spoof,attack,FN,False,-inf
deadline_oracle,sensor_drift_spoof,benign,TN,False,
frequency,sensor_drift_spoof,attack,FN,False,-inf
frequency,sensor_drift_spoof,benign,TN,False,
plausibility,sensor_drift_spoof,attack,FN,False,-inf
plausibility,sensor_drift_spoof,benign,TN,False,
timing_only,sensor_drift_spoof,attack,FN,False,-inf
timing_only,sensor_drift_spoof,benign,TN,False,
fused,sensor_drift_spoof,attack,FN,False,-inf
fused,sensor_drift_spoof,benign,TN,False,
deadline,masquerade,attack,FN,False,-inf
deadline,masquerade,benign,TN,False,
deadline_oracle,masquerade,attack,FN,False,-inf
deadline_oracle,masquerade,benign,TN,False,
frequency,masquerade,attack,FN,False,-inf
frequency,masquerade,benign,TN,False,
plausibility,masquerade,attack,FN,False,-inf
plausibility,masquerade,benign,TN,False,
timing_only,masquerade,attack,FN,False,-inf
timing_only,masquerade,benign,TN,False,
fused,masquerade,attack,FN,False,-inf
fused,masquerade,benign,TN,False,
deadline,masquerade,attack,FN,True,-inf
deadline,masquerade,benign,TN,False,
deadline_oracle,masquerade,attack,TP,True,22.325584220221742
deadline_oracle,masquerade,benign,TN,False,
frequency,masquerade,attack,FN,True,-inf
frequency,masquerade,benign,TN,False,
plausibility,masquerade,attack,TP,True,-318.32541577977827
plausibility,masquerade,benign,TN,False,
timing_only,masquerade,attack,FN,True,-inf
timing_only,masquerade,benign,TN,False,
fused,masquerade,attack,TP,True,-318.32541577977827
fused,masquerade,benign,TN,False,
deadline,masquerade,attack,FN,False,-inf
deadline,masquerade,benign,TN,False,
deadline_oracle,masquerade,attack,FN,False,-inf
deadline_oracle,masquerade,benign,TN,False,
frequency,masquerade,attack,FN,False,-inf
frequency,masquerade,benign,TN,False,
plausibility,masquerade,attack,FN,False,-inf
plausibility,masquerade,benign,TN,False,
timing_only,masquerade,attack,FN,False,-inf
timing_only,masquerade,benign,TN,False,
fused,masquerade,attack,FN,False,-inf
fused,masquerade,benign,TN,False,
deadline,masquerade,attack,FN,False,-inf
deadline,masquerade,benign,TN,False,
deadline_oracle,masquerade,attack,FN,False,-inf
deadline_oracle,masquerade,benign,TN,False,
frequency,masquerade,attack,FN,False,-inf
frequency,masquerade,benign,TN,False,
plausibility,masquerade,attack,FN,False,-inf
plausibility,masquerade,benign,TN,False,
timing_only,masquerade,attack,FN,False,-inf
timing_only,masquerade,benign,TN,False,
fused,masquerade,attack,FN,False,-inf
fused,masquerade,benign,TN,False,
deadline,masquerade,attack,FN,False,-inf
deadline,masquerade,benign,TN,False,
deadline_oracle,masquerade,attack,FN,False,-inf
deadline_oracle,masquerade,benign,TN,False,
frequency,masquerade,attack,FN,False,-inf
frequency,masquerade,benign,TN,False,
plausibility,masquerade,attack,FN,False,-inf
plausibility,masquerade,benign,TN,False,
timing_only,masquerade,attack,FN,False,-inf
timing_only,masquerade,benign,TN,False,
fused,masquerade,attack,FN,False,-inf
fused,masquerade,benign,TN,False,
deadline,masquerade,attack,FN,True,-inf
deadline,masquerade,benign,TN,False,
deadline_oracle,masquerade,attack,TP,True,7.941741738835404
deadline_oracle,masquerade,benign,TN,False,
frequency,masquerade,attack,FN,True,-inf
frequency,masquerade,benign,TN,False,
plausibility,masquerade,attack,TP,True,-258.96525826116465
plausibility,masquerade,benign,TN,False,
timing_only,masquerade,attack,FN,True,-inf
timing_only,masquerade,benign,TN,False,
fused,masquerade,attack,TP,True,-258.96525826116465
fused,masquerade,benign,TN,False,
deadline,masquerade,attack,FN,False,-inf
deadline,masquerade,benign,TN,False,
deadline_oracle,masquerade,attack,FN,False,-inf
deadline_oracle,masquerade,benign,TN,False,
frequency,masquerade,attack,FN,False,-inf
frequency,masquerade,benign,TN,False,
plausibility,masquerade,attack,FN,False,-inf
plausibility,masquerade,benign,TN,False,
timing_only,masquerade,attack,FN,False,-inf
timing_only,masquerade,benign,TN,False,
fused,masquerade,attack,FN,False,-inf
fused,masquerade,benign,TN,False,
deadline,masquerade,attack,FN,True,-inf
deadline,masquerade,benign,TN,False,
deadline_oracle,masquerade,attack,TP,True,127.67688299564539
deadline_oracle,masquerade,benign,TN,False,
frequency,masquerade,attack,FN,True,-inf
frequency,masquerade,benign,TN,False,
plausibility,masquerade,attack,TP,True,9.399882995645385
plausibility,masquerade,benign,TN,False,
timing_only,masquerade,attack,FN,True,-inf
timing_only,masquerade,benign,TN,False,
fused,masquerade,attack,TP,True,9.399882995645385
fused,masquerade,benign,TN,False,
deadline,masquerade,attack,FN,True,-inf
deadline,masquerade,benign,TN,False,
deadline_oracle,masquerade,attack,TP,True,129.44240295421713
deadline_oracle,masquerade,benign,TN,False,
frequency,masquerade,attack,FN,True,-inf
frequency,masquerade,benign,TN,False,
plausibility,masquerade,attack,TP,True,-340.20359704578294
plausibility,masquerade,benign,TN,False,
timing_only,masquerade,attack,FN,True,-inf
timing_only,masquerade,benign,TN,False,
fused,masquerade,attack,TP,True,-340.20359704578294
fused,masquerade,benign,TN,False,
deadline,masquerade,attack,FN,False,-inf
deadline,masquerade,benign,TN,False,
deadline_oracle,masquerade,attack,FN,False,-inf
deadline_oracle,masquerade,benign,TN,False,
frequency,masquerade,attack,FN,False,-inf
frequency,masquerade,benign,TN,False,
plausibility,masquerade,attack,FN,False,-inf
plausibility,masquerade,benign,TN,False,
timing_only,masquerade,attack,FN,False,-inf
timing_only,masquerade,benign,TN,False,
fused,masquerade,attack,FN,False,-inf
fused,masquerade,benign,TN,False,
deadline,masquerade,attack,FN,True,-inf
deadline,masquerade,benign,TN,False,
deadline_oracle,masquerade,attack,TP,True,15.996624349573239
deadline_oracle,masquerade,benign,TN,False,
frequency,masquerade,attack,FN,True,-inf
frequency,masquerade,benign,TN,False,
plausibility,masquerade,attack,TP,True,-349.31837565042673
plausibility,masquerade,benign,TN,False,
timing_only,masquerade,attack,FN,True,-inf
timing_only,masquerade,benign,TN,False,
fused,masquerade,attack,TP,True,-349.31837565042673
fused,masquerade,benign,TN,False,
deadline,masquerade,attack,FN,False,-inf
deadline,masquerade,benign,TN,False,
deadline_oracle,masquerade,attack,FN,False,-inf
deadline_oracle,masquerade,benign,TN,False,
frequency,masquerade,attack,FN,False,-inf
frequency,masquerade,benign,TN,False,
plausibility,masquerade,attack,TP,False,6.073476427901895
plausibility,masquerade,benign,TN,False,
timing_only,masquerade,attack,FN,False,-inf
timing_only,masquerade,benign,TN,False,
fused,masquerade,attack,TP,False,6.073476427901895
fused,masquerade,benign,TN,False,
deadline,masquerade,attack,FN,False,-inf
deadline,masquerade,benign,TN,False,
deadline_oracle,masquerade,attack,FN,False,-inf
deadline_oracle,masquerade,benign,TN,False,
frequency,masquerade,attack,FN,False,-inf
frequency,masquerade,benign,TN,False,
plausibility,masquerade,attack,FN,False,-inf
plausibility,masquerade,benign,TN,False,
timing_only,masquerade,attack,FN,False,-inf
timing_only,masquerade,benign,TN,False,
fused,masquerade,attack,FN,False,-inf
fused,masquerade,benign,TN,False,
deadline,masquerade,attack,FN,True,-inf
deadline,masquerade,benign,TN,False,
deadline_oracle,masquerade,attack,TP,True,73.26993231197646
deadline_oracle,masquerade,benign,TN,False,
frequency,masquerade,attack,FN,True,-inf
frequency,masquerade,benign,TN,False,
plausibility,masquerade,attack,TP,True,-132.12406768802353
plausibility,masquerade,benign,TN,False,
timing_only,masquerade,attack,FN,True,-inf
timing_only,masquerade,benign,TN,False,
fused,masquerade,attack,TP,True,-132.12406768802353
fused,masquerade,benign,TN,False,
deadline,masquerade,attack,FN,True,-inf
deadline,masquerade,benign,TN,False,
deadline_oracle,masquerade,attack,TP,True,80.29870850078872
deadline_oracle,masquerade,benign,TN,False,
frequency,masquerade,attack,FN,True,-inf
frequency,masquerade,benign,TN,False,
plausibility,masquerade,attack,TP,True,2.326708500788726
plausibility,masquerade,benign,TN,False,
timing_only,masquerade,attack,FN,True,-inf
timing_only,masquerade,benign,TN,False,
fused,masquerade,attack,TP,True,2.326708500788726
fused,masquerade,benign,TN,False,
deadline,masquerade,attack,FN,False,-inf
deadline,masquerade,benign,TN,False,
deadline_oracle,masquerade,attack,FN,False,-inf
deadline_oracle,masquerade,benign,TN,False,
frequency,masquerade,attack,FN,False,-inf
frequency,masquerade,benign,TN,False,
plausibility,masquerade,attack,FN,False,-inf
plausibility,masquerade,benign,TN,False,
timing_only,masquerade,attack,FN,False,-inf
timing_only,masquerade,benign,TN,False,
fused,masquerade,attack,FN,False,-inf
fused,masquerade,benign,TN,False,
deadline,masquerade,attack,FN,False,-inf
deadline,masquerade,benign,TN,False,
deadline_oracle,masquerade,attack,TP,False,113.32131312604709
deadline_oracle,masquerade,benign,TN,False,
frequency,masquerade,attack,FN,False,-inf
frequency,masquerade,benign,TN,False,
plausibility,masquerade,attack,TP,False,15.954313126047083
plausibility,masquerade,benign,TN,False,
timing_only,masquerade,attack,FN,False,-inf
timing_only,masquerade,benign,TN,False,
fused,masquerade,attack,TP,False,15.954313126047083
fused,masquerade,benign,TN,False,
deadline,masquerade,attack,FN,False,-inf
deadline,masquerade,benign,TN,False,
deadline_oracle,masquerade,attack,FN,False,-inf
deadline_oracle,masquerade,benign,TN,False,
frequency,masquerade,attack,FN,False,-inf
frequency,masquerade,benign,TN,False,
plausibility,masquerade,attack,FN,False,-inf
plausibility,masquerade,benign,TN,False,
timing_only,masquerade,attack,FN,False,-inf
timing_only,masquerade,benign,TN,False,
fused,masquerade,attack,FN,False,-inf
fused,masquerade,benign,TN,False,
deadline,masquerade,attack,FN,True,-inf
deadline,masquerade,benign,TN,False,
deadline_oracle,masquerade,attack,TP,True,97.61886153700998
deadline_oracle,masquerade,benign,TN,False,
frequency,masquerade,attack,FN,True,-inf
frequency,masquerade,benign,TN,False,
plausibility,masquerade,attack,TP,True,-254.27013846299002
plausibility,masquerade,benign,TN,False,
timing_only,masquerade,attack,FN,True,-inf
timing_only,masquerade,benign,TN,False,
fused,masquerade,attack,TP,True,-254.27013846299002
fused,masquerade,benign,TN,False,
deadline,masquerade,attack,FN,False,-inf
deadline,masquerade,benign,TN,False,
deadline_oracle,masquerade,attack,FN,False,-inf
deadline_oracle,masquerade,benign,TN,False,
frequency,masquerade,attack,FN,False,-inf
frequency,masquerade,benign,TN,False,
plausibility,masquerade,attack,TP,False,80.55387545713182
plausibility,masquerade,benign,TN,False,
timing_only,masquerade,attack,FN,False,-inf
timing_only,masquerade,benign,TN,False,
fused,masquerade,attack,TP,False,80.55387545713182
fused,masquerade,benign,TN,False,
deadline,masquerade,attack,FN,False,-inf
deadline,masquerade,benign,TN,False,
deadline_oracle,masquerade,attack,FN,False,-inf
deadline_oracle,masquerade,benign,TN,False,
frequency,masquerade,attack,FN,False,-inf
frequency,masquerade,benign,TN,False,
plausibility,masquerade,attack,TP,False,73.15434842348643
plausibility,masquerade,benign,TN,False,
timing_only,masquerade,attack,FN,False,-inf
timing_only,masquerade,benign,TN,False,
fused,masquerade,attack,TP,False,73.15434842348643
fused,masquerade,benign,TN,False,
deadline,masquerade,attack,FN,False,-inf
deadline,masquerade,benign,TN,False,
deadline_oracle,masquerade,attack,FN,False,-inf
deadline_oracle,masquerade,benign,TN,False,
frequency,masquerade,attack,FN,False,-inf
frequency,masquerade,benign,TN,False,
plausibility,masquerade,attack,FN,False,-inf
plausibility,masquerade,benign,TN,False,
timing_only,masquerade,attack,FN,False,-inf
timing_only,masquerade,benign,TN,False,
fused,masquerade,attack,FN,False,-inf
fused,masquerade,benign,TN,False,
deadline,masquerade,attack,FN,True,-inf
deadline,masquerade,benign,TN,False,
deadline_oracle,masquerade,attack,TP,True,7.12114032166194
deadline_oracle,masquerade,benign,TN,False,
frequency,masquerade,attack,FN,True,-inf
frequency,masquerade,benign,TN,False,
plausibility,masquerade,attack,TP,True,-180.67785967833808
plausibility,masquerade,benign,TN,False,
timing_only,masquerade,attack,FN,True,-inf
timing_only,masquerade,benign,TN,False,
fused,masquerade,attack,TP,True,-180.67785967833808
fused,masquerade,benign,TN,False,
deadline,masquerade,attack,FN,False,-inf
deadline,masquerade,benign,TN,False,
deadline_oracle,masquerade,attack,FN,False,-inf
deadline_oracle,masquerade,benign,TN,False,
frequency,masquerade,attack,FN,False,-inf
frequency,masquerade,benign,TN,False,
plausibility,masquerade,attack,FN,False,-inf
plausibility,masquerade,benign,TN,False,
timing_only,masquerade,attack,FN,False,-inf
timing_only,masquerade,benign,TN,False,
fused,masquerade,attack,FN,False,-inf
fused,masquerade,benign,TN,False,
deadline,masquerade,attack,FN,False,-inf
deadline,masquerade,benign,TN,False,
deadline_oracle,masquerade,attack,FN,False,-inf
deadline_oracle,masquerade,benign,TN,False,
frequency,masquerade,attack,FN,False,-inf
frequency,masquerade,benign,TN,False,
plausibility,masquerade,attack,FN,False,-inf
plausibility,masquerade,benign,TN,False,
timing_only,masquerade,attack,FN,False,-inf
timing_only,masquerade,benign,TN,False,
fused,masquerade,attack,FN,False,-inf
fused,masquerade,benign,TN,False,
deadline,masquerade,attack,FN,False,-inf
deadline,masquerade,benign,TN,False,
deadline_oracle,masquerade,attack,TP,False,82.50610493852044
deadline_oracle,masquerade,benign,TN,False,
frequency,masquerade,attack,FN,False,-inf
frequency,masquerade,benign,TN,False,
plausibility,masquerade,attack,TP,False,53.178104938520434
plausibility,masquerade,benign,TN,False,
timing_only,masquerade,attack,FN,False,-inf
timing_only,masquerade,benign,TN,False,
fused,masquerade,attack,TP,False,53.178104938520434
fused,masquerade,benign,TN,False,
deadline,masquerade,attack,FN,True,-inf
deadline,masquerade,benign,TN,False,
deadline_oracle,masquerade,attack,TP,True,53.61981391580231
deadline_oracle,masquerade,benign,TN,False,
frequency,masquerade,attack,FN,True,-inf
frequency,masquerade,benign,TN,False,
plausibility,masquerade,attack,FN,True,-inf
plausibility,masquerade,benign,TN,False,
timing_only,masquerade,attack,FN,True,-inf
timing_only,masquerade,benign,TN,False,
fused,masquerade,attack,FN,True,-inf
fused,masquerade,benign,TN,False,
deadline,masquerade,attack,FN,False,-inf
deadline,masquerade,benign,TN,False,
deadline_oracle,masquerade,attack,FN,False,-inf
deadline_oracle,masquerade,benign,TN,False,
frequency,masquerade,attack,FN,False,-inf
frequency,masquerade,benign,TN,False,
plausibility,masquerade,attack,FN,False,-inf
plausibility,masquerade,benign,TN,False,
timing_only,masquerade,attack,FN,False,-inf
timing_only,masquerade,benign,TN,False,
fused,masquerade,attack,FN,False,-inf
fused,masquerade,benign,TN,False,
deadline,masquerade,attack,FN,True,-inf
deadline,masquerade,benign,TN,False,
deadline_oracle,masquerade,attack,TP,True,7.444877408144308
deadline_oracle,masquerade,benign,TN,False,
frequency,masquerade,attack,FN,True,-inf
frequency,masquerade,benign,TN,False,
plausibility,masquerade,attack,TP,True,-164.7341225918557
plausibility,masquerade,benign,TN,False,
timing_only,masquerade,attack,FN,True,-inf
timing_only,masquerade,benign,TN,False,
fused,masquerade,attack,TP,True,-164.7341225918557
fused,masquerade,benign,TN,False,
deadline,masquerade,attack,FN,True,-inf
deadline,masquerade,benign,TN,False,
deadline_oracle,masquerade,attack,TP,True,28.023245423417748
deadline_oracle,masquerade,benign,TN,False,
frequency,masquerade,attack,FN,True,-inf
frequency,masquerade,benign,TN,False,
plausibility,masquerade,attack,TP,True,-330.3487545765822
plausibility,masquerade,benign,TN,False,
timing_only,masquerade,attack,FN,True,-inf
timing_only,masquerade,benign,TN,False,
fused,masquerade,attack,TP,True,-330.3487545765822
fused,masquerade,benign,TN,False,
deadline,masquerade,attack,FN,False,-inf
deadline,masquerade,benign,TN,False,
deadline_oracle,masquerade,attack,FN,False,-inf
deadline_oracle,masquerade,benign,TN,False,
frequency,masquerade,attack,FN,False,-inf
frequency,masquerade,benign,TN,False,
plausibility,masquerade,attack,TP,False,55.383106903760364
plausibility,masquerade,benign,TN,False,
timing_only,masquerade,attack,FN,False,-inf
timing_only,masquerade,benign,TN,False,
fused,masquerade,attack,TP,False,55.383106903760364
fused,masquerade,benign,TN,False,
deadline,masquerade,attack,FN,True,-inf
deadline,masquerade,benign,TN,False,
deadline_oracle,masquerade,attack,TP,True,116.54232855368834
deadline_oracle,masquerade,benign,TN,False,
frequency,masquerade,attack,FN,True,-inf
frequency,masquerade,benign,TN,False,
plausibility,masquerade,attack,FN,True,-inf
plausibility,masquerade,benign,TN,False,
timing_only,masquerade,attack,FN,True,-inf
timing_only,masquerade,benign,TN,False,
fused,masquerade,attack,FN,True,-inf
fused,masquerade,benign,TN,False,
deadline,masquerade,attack,FN,False,-inf
deadline,masquerade,benign,TN,False,
deadline_oracle,masquerade,attack,FN,False,-inf
deadline_oracle,masquerade,benign,TN,False,
frequency,masquerade,attack,FN,False,-inf
frequency,masquerade,benign,TN,False,
plausibility,masquerade,attack,FN,False,-inf
plausibility,masquerade,benign,TN,False,
timing_only,masquerade,attack,FN,False,-inf
timing_only,masquerade,benign,TN,False,
fused,masquerade,attack,FN,False,-inf
fused,masquerade,benign,TN,False,
deadline,masquerade,attack,FN,True,-inf
deadline,masquerade,benign,TN,False,
deadline_oracle,masquerade,attack,TP,True,116.49408795350077
deadline_oracle,masquerade,benign,TN,False,
frequency,masquerade,attack,FN,True,-inf
frequency,masquerade,benign,TN,False,
plausibility,masquerade,attack,TP,True,-358.0129120464993
plausibility,masquerade,benign,TN,False,
timing_only,masquerade,attack,FN,True,-inf
timing_only,masquerade,benign,TN,False,
fused,masquerade,attack,TP,True,-358.0129120464993
fused,masquerade,benign,TN,False,
deadline,masquerade,attack,FN,False,-inf
deadline,masquerade,benign,TN,False,
deadline_oracle,masquerade,attack,FN,False,-inf
deadline_oracle,masquerade,benign,TN,False,
frequency,masquerade,attack,FN,False,-inf
frequency,masquerade,benign,TN,False,
plausibility,masquerade,attack,FN,False,-inf
plausibility,masquerade,benign,TN,False,
timing_only,masquerade,attack,FN,False,-inf
timing_only,masquerade,benign,TN,False,
fused,masquerade,attack,FN,False,-inf
fused,masquerade,benign,TN,False,
deadline,masquerade,attack,FN,True,-inf
deadline,masquerade,benign,TN,False,
deadline_oracle,masquerade,attack,TP,True,112.1800409749144
deadline_oracle,masquerade,benign,TN,False,
frequency,masquerade,attack,FN,True,-inf
frequency,masquerade,benign,TN,False,
plausibility,masquerade,attack,TP,True,-62.144959025085626
plausibility,masquerade,benign,TN,False,
timing_only,masquerade,attack,FN,True,-inf
timing_only,masquerade,benign,TN,False,
fused,masquerade,attack,TP,True,-62.144959025085626
fused,masquerade,benign,TN,False,
deadline,masquerade,attack,FN,False,-inf
deadline,masquerade,benign,TN,False,
deadline_oracle,masquerade,attack,FN,False,-inf
deadline_oracle,masquerade,benign,TN,False,
frequency,masquerade,attack,FN,False,-inf
frequency,masquerade,benign,TN,False,
plausibility,masquerade,attack,FN,False,-inf
plausibility,masquerade,benign,TN,False,
timing_only,masquerade,attack,FN,False,-inf
timing_only,masquerade,benign,TN,False,
fused,masquerade,attack,FN,False,-inf
fused,masquerade,benign,TN,False,
deadline,masquerade,attack,FN,True,-inf
deadline,masquerade,benign,TN,False,
deadline_oracle,masquerade,attack,TP,True,66.81276207308098
deadline_oracle,masquerade,benign,TN,False,
frequency,masquerade,attack,FN,True,-inf
frequency,masquerade,benign,TN,False,
plausibility,masquerade,attack,TP,True,-192.54723792691902
plausibility,masquerade,benign,TN,False,
timing_only,masquerade,attack,FN,True,-inf
timing_only,masquerade,benign,TN,False,
fused,masquerade,attack,TP,True,-192.54723792691902
fused,masquerade,benign,TN,False,
deadline,masquerade,attack,FN,True,-inf
deadline,masquerade,benign,TN,False,
deadline_oracle,masquerade,attack,TP,True,14.80233636909388
deadline_oracle,masquerade,benign,TN,False,
frequency,masquerade,attack,FN,True,-inf
frequency,masquerade,benign,TN,False,
plausibility,masquerade,attack,TP,True,-332.8556636309061
plausibility,masquerade,benign,TN,False,
timing_only,masquerade,attack,FN,True,-inf
timing_only,masquerade,benign,TN,False,
fused,masquerade,attack,TP,True,-332.8556636309061
fused,masquerade,benign,TN,False,
deadline,masquerade,attack,FN,True,-inf
deadline,masquerade,benign,TN,False,
deadline_oracle,masquerade,attack,TP,True,77.04712216501123
deadline_oracle,masquerade,benign,TN,False,
frequency,masquerade,attack,FN,True,-inf
frequency,masquerade,benign,TN,False,
plausibility,masquerade,attack,TP,True,-358.7368778349887
plausibility,masquerade,benign,TN,False,
timing_only,masquerade,attack,FN,True,-inf
timing_only,masquerade,benign,TN,False,
fused,masquerade,attack,TP,True,-358.7368778349887
fused,masquerade,benign,TN,False,
deadline,gateway_delay,attack,FN,False,-inf
deadline,gateway_delay,benign,TN,False,
deadline_oracle,gateway_delay,attack,FN,False,-inf
deadline_oracle,gateway_delay,benign,TN,False,
frequency,gateway_delay,attack,TP,False,128.7604561853634
frequency,gateway_delay,benign,TN,False,
plausibility,gateway_delay,attack,FN,False,-inf
plausibility,gateway_delay,benign,TN,False,
timing_only,gateway_delay,attack,TP,False,128.7604561853634
timing_only,gateway_delay,benign,TN,False,
fused,gateway_delay,attack,TP,False,128.7604561853634
fused,gateway_delay,benign,TN,False,
deadline,gateway_delay,attack,FN,False,-inf
deadline,gateway_delay,benign,TN,False,
deadline_oracle,gateway_delay,attack,FN,False,-inf
deadline_oracle,gateway_delay,benign,TN,False,
frequency,gateway_delay,attack,FN,False,-inf
frequency,gateway_delay,benign,TN,False,
plausibility,gateway_delay,attack,TP,False,60.191741612137605
plausibility,gateway_delay,benign,FP,False,
timing_only,gateway_delay,attack,FN,False,-inf
timing_only,gateway_delay,benign,TN,False,
fused,gateway_delay,attack,TP,False,60.191741612137605
fused,gateway_delay,benign,FP,False,
deadline,gateway_delay,attack,FN,False,-inf
deadline,gateway_delay,benign,TN,False,
deadline_oracle,gateway_delay,attack,TP,False,63.902523219790496
deadline_oracle,gateway_delay,benign,TN,False,
frequency,gateway_delay,attack,TP,False,120.7515232197905
frequency,gateway_delay,benign,TN,False,
plausibility,gateway_delay,attack,FN,False,-inf
plausibility,gateway_delay,benign,TN,False,
timing_only,gateway_delay,attack,TP,False,120.7515232197905
timing_only,gateway_delay,benign,TN,False,
fused,gateway_delay,attack,TP,False,120.7515232197905
fused,gateway_delay,benign,TN,False,
deadline,gateway_delay,attack,FN,False,-inf
deadline,gateway_delay,benign,TN,False,
deadline_oracle,gateway_delay,attack,FN,False,-inf
deadline_oracle,gateway_delay,benign,TN,False,
frequency,gateway_delay,attack,TP,False,33.326234299850654
frequency,gateway_delay,benign,TN,False,
plausibility,gateway_delay,attack,FN,False,-inf
plausibility,gateway_delay,benign,TN,False,
timing_only,gateway_delay,attack,TP,False,33.326234299850654
timing_only,gateway_delay,benign,TN,False,
fused,gateway_delay,attack,TP,False,33.326234299850654
fused,gateway_delay,benign,TN,False,
deadline,gateway_delay,attack,FN,True,-inf
deadline,gateway_delay,benign,TN,False,
deadline_oracle,gateway_delay,attack,TP,True,52.260255513352675
deadline_oracle,gateway_delay,benign,TN,False,
frequency,gateway_delay,attack,TP,True,193.64325551335267
frequency,gateway_delay,benign,TN,False,
plausibility,gateway_delay,attack,TP,True,-161.60674448664733
plausibility,gateway_delay,benign,TN,False,
timing_only,gateway_delay,attack,TP,True,193.64325551335267
timing_only,gateway_delay,benign,TN,False,
fused,gateway_delay,attack,TP,True,193.64325551335267
fused,gateway_delay,benign,TN,False,
deadline,gateway_delay,attack,FN,False,-inf
deadline,gateway_delay,benign,TN,False,
deadline_oracle,gateway_delay,attack,TP,False,48.76953326710576
deadline_oracle,gateway_delay,benign,TN,False,
frequency,gateway_delay,attack,TP,False,150.26453326710575
frequency,gateway_delay,benign,TN,False,
plausibility,gateway_delay,attack,TP,False,45.26453326710575
plausibility,gateway_delay,benign,TN,False,
timing_only,gateway_delay,attack,TP,False,150.26453326710575
timing_only,gateway_delay,benign,TN,False,
fused,gateway_delay,attack,TP,False,150.26453326710575
fused,gateway_delay,benign,TN,False,
deadline,gateway_delay,attack,FN,False,-inf
deadline,gateway_delay,benign,TN,False,
deadline_oracle,gateway_delay,attack,FN,False,-inf
deadline_oracle,gateway_delay,benign,TN,False,
frequency,gateway_delay,attack,TP,False,150.94348549016695
frequency,gateway_delay,benign,TN,False,
plausibility,gateway_delay,attack,FN,False,-inf
plausibility,gateway_delay,benign,TN,False,
timing_only,gateway_delay,attack,TP,False,150.94348549016695
timing_only,gateway_delay,benign,TN,False,
fused,gateway_delay,attack,TP,False,150.94348549016695
fused,gateway_delay,benign,TN,False,
deadline,gateway_delay,attack,FN,True,-inf
deadline,gateway_delay,benign,TN,False,
deadline_oracle,gateway_delay,attack,TP,True,54.26309382341394
deadline_oracle,gateway_delay,benign,TN,False,
frequency,gateway_delay,attack,TP,True,136.06009382341392
frequency,gateway_delay,benign,TN,False,
plausibility,gateway_delay,attack,FN,True,-inf
plausibility,gateway_delay,benign,TN,False,
timing_only,gateway_delay,attack,TP,True,136.06009382341392
timing_only,gateway_delay,benign,TN,False,
fused,gateway_delay,attack,TP,True,136.06009382341392
fused,gateway_delay,benign,TN,False,
deadline,gateway_delay,attack,FN,False,-inf
deadline,gateway_delay,benign,TN,False,
deadline_oracle,gateway_delay,attack,FN,False,-inf
deadline_oracle,gateway_delay,benign,TN,False,
frequency,gateway_delay,attack,TP,False,103.39425154100059
frequency,gateway_delay,benign,TN,False,
plausibility,gateway_delay,attack,FN,False,-inf
plausibility,gateway_delay,benign,TN,False,
timing_only,gateway_delay,attack,TP,False,103.39425154100059
timing_only,gateway_delay,benign,TN,False,
fused,gateway_delay,attack,TP,False,103.39425154100059
fused,gateway_delay,benign,TN,False,
deadline,gateway_delay,attack,FN,False,-inf
deadline,gateway_delay,benign,TN,False,
deadline_oracle,gateway_delay,attack,FN,False,-inf
deadline_oracle,gateway_delay,benign,TN,False,
frequency,gateway_delay,attack,TP,False,116.90138411653194
frequency,gateway_delay,benign,TN,False,
plausibility,gateway_delay,attack,FN,False,-inf
plausibility,gateway_delay,benign,TN,False,
timing_only,gateway_delay,attack,TP,False,116.90138411653194
timing_only,gateway_delay,benign,TN,False,
fused,gateway_delay,attack,TP,False,116.90138411653194
fused,gateway_delay,benign,TN,False,
deadline,gateway_delay,attack,FN,False,-inf
deadline,gateway_delay,benign,TN,False,
deadline_oracle,gateway_delay,attack,FN,False,-inf
deadline_oracle,gateway_delay,benign,TN,False,
frequency,gateway_delay,attack,TP,False,62.480437070812485
frequency,gateway_delay,benign,TN,False,
plausibility,gateway_delay,attack,TP,False,-12.519562929187515
plausibility,gateway_delay,benign,TN,False,
timing_only,gateway_delay,attack,TP,False,62.480437070812485
timing_only,gateway_delay,benign,TN,False,
fused,gateway_delay,attack,TP,False,62.480437070812485
fused,gateway_delay,benign,TN,False,
deadline,gateway_delay,attack,FN,False,-inf
deadline,gateway_delay,benign,TN,False,
deadline_oracle,gateway_delay,attack,TP,False,99.49142384076937
deadline_oracle,gateway_delay,benign,TN,False,
frequency,gateway_delay,attack,TP,False,234.38142384076937
frequency,gateway_delay,benign,TN,False,
plausibility,gateway_delay,attack,FN,False,-inf
plausibility,gateway_delay,benign,TN,False,
timing_only,gateway_delay,attack,TP,False,234.38142384076937
timing_only,gateway_delay,benign,TN,False,
fused,gateway_delay,attack,TP,False,234.38142384076937
fused,gateway_delay,benign,TN,False,
deadline,gateway_delay,attack,FN,False,-inf
deadline,gateway_delay,benign,TN,False,
deadline_oracle,gateway_delay,attack,FN,False,-inf
deadline_oracle,gateway_delay,benign,TN,False,
frequency,gateway_delay,attack,TP,False,75.37525567753679
frequency,gateway_delay,benign,TN,False,
plausibility,gateway_delay,attack,TP,False,-19.624744322463215
plausibility,gateway_delay,benign,TN,False,
timing_only,gateway_delay,attack,TP,False,75.37525567753679
timing_only,gateway_delay,benign,TN,False,
fused,gateway_delay,attack,TP,False,75.37525567753679
fused,gateway_delay,benign,TN,False,
deadline,gateway_delay,attack,FN,False,-inf
deadline,gateway_delay,benign,TN,False,
deadline_oracle,gateway_delay,attack,FN,False,-inf
deadline_oracle,gateway_delay,benign,TN,False,
frequency,gateway_delay,attack,TP,False,36.5855517585037
frequency,gateway_delay,benign,TN,False,
plausibility,gateway_delay,attack,FN,False,-inf
plausibility,gateway_delay,benign,TN,False,
timing_only,gateway_delay,attack,TP,False,36.5855517585037
timing_only,gateway_delay,benign,TN,False,
fused,gateway_delay,attack,TP,False,36.5855517585037
fused,gateway_delay,benign,TN,False,
deadline,gateway_delay,attack,FN,True,-inf
deadline,gateway_delay,benign,TN,False,
deadline_oracle,gateway_delay,attack,TP,True,37.00946984595892
deadline_oracle,gateway_delay,benign,TN,False,
frequency,gateway_delay,attack,TP,True,143.2784698459589
frequency,gateway_delay,benign,TN,False,
plausibility,gateway_delay,attack,FN,True,-inf
plausibility,gateway_delay,benign,TN,False,
timing_only,gateway_delay,attack,TP,True,143.2784698459589
timing_only,gateway_delay,benign,TN,False,
fused,gateway_delay,attack,TP,True,143.2784698459589
fused,gateway_delay,benign,TN,False,
deadline,gateway_delay,attack,FN,True,-inf
deadline,gateway_delay,benign,TN,False,
deadline_oracle,gateway_delay,attack,TP,True,66.61289490455322
deadline_oracle,gateway_delay,benign,TN,False,
frequency,gateway_delay,attack,TP,True,212.65189490455322
frequency,gateway_delay,benign,TN,False,
plausibility,gateway_delay,attack,TP,True,7.384894904553221
plausibility,gateway_delay,benign,TN,False,
timing_only,gateway_delay,attack,TP,True,212.65189490455322
timing_only,gateway_delay,benign,TN,False,
fused,gateway_delay,attack,TP,True,212.65189490455322
fused,gateway_delay,benign,TN,False,
deadline,gateway_delay,attack,FN,False,-inf
deadline,gateway_delay,benign,TN,False,
deadline_oracle,gateway_delay,attack,FN,False,-inf
deadline_oracle,gateway_delay,benign,TN,False,
frequency,gateway_delay,attack,TP,False,68.79677856813746
frequency,gateway_delay,benign,TN,False,
plausibility,gateway_delay,attack,TP,False,3.796778568137455
plausibility,gateway_delay,benign,TN,False,
timing_only,gateway_delay,attack,TP,False,68.79677856813746
timing_only,gateway_delay,benign,TN,False,
fused,gateway_delay,attack,TP,False,68.79677856813746
fused,gateway_delay,benign,TN,False,
deadline,gateway_delay,attack,FN,False,-inf
deadline,gateway_delay,benign,TN,False,
deadline_oracle,gateway_delay,attack,TP,False,125.01141549876102
deadline_oracle,gateway_delay,benign,TN,False,
frequency,gateway_delay,attack,TP,False,205.053415498761
frequency,gateway_delay,benign,TN,False,
plausibility,gateway_delay,attack,TP,False,70.05341549876101
plausibility,gateway_delay,benign,TN,False,
timing_only,gateway_delay,attack,TP,False,205.053415498761
timing_only,gateway_delay,benign,TN,False,
fused,gateway_delay,attack,TP,False,205.053415498761
fused,gateway_delay,benign,TN,False,
deadline,gateway_delay,attack,TP,False,90.61437559723863
deadline,gateway_delay,benign,FP,False,
deadline_oracle,gateway_delay,attack,TP,False,86.03837559723864
deadline_oracle,gateway_delay,benign,FP,False,
frequency,gateway_delay,attack,TP,False,111.39437559723864
frequency,gateway_delay,benign,TN,False,
plausibility,gateway_delay,attack,FN,False,-inf
plausibility,gateway_delay,benign,TN,False,
timing_only,gateway_delay,attack,TP,False,111.39437559723864
timing_only,gateway_delay,benign,FP,False,
fused,gateway_delay,attack,TP,False,111.39437559723864
fused,gateway_delay,benign,FP,False,
deadline,gateway_delay,attack,FN,False,-inf
deadline,gateway_delay,benign,TN,False,
deadline_oracle,gateway_delay,attack,FN,False,-inf
deadline_oracle,gateway_delay,benign,TN,False,
frequency,gateway_delay,attack,TP,False,-15.735605171800799
frequency,gateway_delay,benign,TN,False,
plausibility,gateway_delay,attack,FN,False,-inf
plausibility,gateway_delay,benign,TN,False,
timing_only,gateway_delay,attack,TP,False,-15.735605171800799
timing_only,gateway_delay,benign,TN,False,
fused,gateway_delay,attack,TP,False,-15.735605171800799
fused,gateway_delay,benign,TN,False,
deadline,gateway_delay,attack,FN,True,-inf
deadline,gateway_delay,benign,TN,False,
deadline_oracle,gateway_delay,attack,TP,True,4.46166193765346
deadline_oracle,gateway_delay,benign,TN,False,
frequency,gateway_delay,attack,TP,True,117.39166193765345
frequency,gateway_delay,benign,TN,False,
plausibility,gateway_delay,attack,FN,True,-inf
plausibility,gateway_delay,benign,TN,False,
timing_only,gateway_delay,attack,TP,True,117.39166193765345
timing_only,gateway_delay,benign,TN,False,
fused,gateway_delay,attack,TP,True,117.39166193765345
fused,gateway_delay,benign,TN,False,
deadline,gateway_delay,attack,FN,True,-inf
deadline,gateway_delay,benign,TN,False,
deadline_oracle,gateway_delay,attack,TP,True,93.00596164182035
deadline_oracle,gateway_delay,benign,TN,False,
frequency,gateway_delay,attack,TP,True,218.71096164182035
frequency,gateway_delay,benign,TN,False,
plausibility,gateway_delay,attack,FN,True,-inf
plausibility,gateway_delay,benign,TN,False,
timing_only,gateway_delay,attack,TP,True,218.71096164182035
timing_only,gateway_delay,benign,TN,False,
fused,gateway_delay,attack,TP,True,218.71096164182035
fused,gateway_delay,benign,TN,False,
deadline,gateway_delay,attack,FN,False,-inf
deadline,gateway_delay,benign,TN,False,
deadline_oracle,gateway_delay,attack,FN,False,-inf
deadline_oracle,gateway_delay,benign,TN,False,
frequency,gateway_delay,attack,TP,False,19.291275725753593
frequency,gateway_delay,benign,TN,False,
plausibility,gateway_delay,attack,TP,False,-25.708724274246407
plausibility,gateway_delay,benign,TN,False,
timing_only,gateway_delay,attack,TP,False,19.291275725753593
timing_only,gateway_delay,benign,TN,False,
fused,gateway_delay,attack,TP,False,19.291275725753593
fused,gateway_delay,benign,TN,False,
deadline,gateway_delay,attack,FN,False,-inf
deadline,gateway_delay,benign,TN,False,
deadline_oracle,gateway_delay,attack,FN,False,-inf
deadline_oracle,gateway_delay,benign,TN,False,
frequency,gateway_delay,attack,TP,False,121.36618765442499
frequency,gateway_delay,benign,TN,False,
plausibility,gateway_delay,attack,FN,False,-inf
plausibility,gateway_delay,benign,TN,False,
timing_only,gateway_delay,attack,TP,False,121.36618765442499
timing_only,gateway_delay,benign,TN,False,
fused,gateway_delay,attack,TP,False,121.36618765442499
fused,gateway_delay,benign,TN,False,
deadline,gateway_delay,attack,FN,False,-inf
deadline,gateway_delay,benign,TN,False,
deadline_oracle,gateway_delay,attack,FN,False,-inf
deadline_oracle,gateway_delay,benign,TN,False,
frequency,gateway_delay,attack,TP,False,14.18081615994555
frequency,gateway_delay,benign,TN,False,
plausibility,gateway_delay,attack,FN,False,-inf
plausibility,gateway_delay,benign,TN,False,
timing_only,gateway_delay,attack,TP,False,14.18081615994555
timing_only,gateway_delay,benign,TN,False,
fused,gateway_delay,attack,TP,False,14.18081615994555
fused,gateway_delay,benign,TN,False,
deadline,gateway_delay,attack,FN,True,-inf
deadline,gateway_delay,benign,TN,False,
deadline_oracle,gateway_delay,attack,TP,True,5.034585864023697
deadline_oracle,gateway_delay,benign,TN,False,
frequency,gateway_delay,attack,TP,True,126.38058586402369
frequency,gateway_delay,benign,TN,False,
plausibility,gateway_delay,attack,TP,True,-88.61941413597631
plausibility,gateway_delay,benign,TN,False,
timing_only,gateway_delay,attack,TP,True,126.38058586402369
timing_only,gateway_delay,benign,TN,False,
fused,gateway_delay,attack,TP,True,126.38058586402369
fused,gateway_delay,benign,TN,False,
deadline,gateway_delay,attack,FN,False,-inf
deadline,gateway_delay,benign,TN,False,
deadline_oracle,gateway_delay,attack,TP,False,80.34048014802634
deadline_oracle,gateway_delay,benign,TN,False,
frequency,gateway_delay,attack,TP,False,195.16648014802632
frequency,gateway_delay,benign,TN,False,
plausibility,gateway_delay,attack,TP,False,20.270480148026337
plausibility,gateway_delay,benign,TN,False,
timing_only,gateway_delay,attack,TP,False,195.16648014802632
timing_only,gateway_delay,benign,TN,False,
fused,gateway_delay,attack,TP,False,195.16648014802632
fused,gateway_delay,benign,TN,False,
deadline,gateway_delay,attack,FN,True,-inf
deadline,gateway_delay,benign,TN,False,
deadline_oracle,gateway_delay,attack,TP,True,105.6859108455205
deadline_oracle,gateway_delay,benign,TN,False,
frequency,gateway_delay,attack,TP,True,167.4329108455205
frequency,gateway_delay,benign,TN,False,
plausibility,gateway_delay,attack,FN,True,-inf
plausibility,gateway_delay,benign,TN,False,
timing_only,gateway_delay,attack,TP,True,167.4329108455205
timing_only,gateway_delay,benign,TN,False,
fused,gateway_delay,attack,TP,True,167.4329108455205
fused,gateway_delay,benign,TN,False,
deadline,gateway_delay,attack,FN,True,-inf
deadline,gateway_delay,benign,TN,False,
deadline_oracle,gateway_delay,attack,TP,True,56.65489828580233
deadline_oracle,gateway_delay,benign,TN,False,
frequency,gateway_delay,attack,TP,True,209.3798982858023
frequency,gateway_delay,benign,TN,False,
plausibility,gateway_delay,attack,TP,True,24.379898285802327
plausibility,gateway_delay,benign,TN,False,
timing_only,gateway_delay,attack,TP,True,209.3798982858023
timing_only,gateway_delay,benign,TN,False,
fused,gateway_delay,attack,TP,True,209.3798982858023
fused,gateway_delay,benign,TN,False,
deadline,gateway_delay,attack,FN,False,-inf
deadline,gateway_delay,benign,TN,False,
deadline_oracle,gateway_delay,attack,TP,False,48.817652589147755
deadline_oracle,gateway_delay,benign,TN,False,
frequency,gateway_delay,attack,TP,False,122.31165258914776
frequency,gateway_delay,benign,TN,False,
plausibility,gateway_delay,attack,FN,False,-inf
plausibility,gateway_delay,benign,TN,False,
timing_only,gateway_delay,attack,TP,False,122.31165258914776
timing_only,gateway_delay,benign,TN,False,
fused,gateway_delay,attack,TP,False,122.31165258914776
fused,gateway_delay,benign,TN,False,
deadline,gateway_delay,attack,FN,False,-inf
deadline,gateway_delay,benign,TN,False,
deadline_oracle,gateway_delay,attack,FN,False,-inf
deadline_oracle,gateway_delay,benign,TN,False,
frequency,gateway_delay,attack,TP,False,51.00787043246383
frequency,gateway_delay,benign,TN,False,
plausibility,gateway_delay,attack,FN,False,-inf
plausibility,gateway_delay,benign,TN,False,
timing_only,gateway_delay,attack,TP,False,51.00787043246383
timing_only,gateway_delay,benign,TN,False,
fused,gateway_delay,attack,TP,False,51.00787043246383
fused,gateway_delay,benign,TN,False,
deadline,gateway_delay,attack,FN,False,-inf
deadline,gateway_delay,benign,TN,False,
deadline_oracle,gateway_delay,attack,FN,False,-inf
deadline_oracle,gateway_delay,benign,TN,False,
frequency,gateway_delay,attack,TP,False,77.77200296432314
frequency,gateway_delay,benign,TN,False,
plausibility,gateway_delay,attack,FN,False,-inf
plausibility,gateway_delay,benign,TN,False,
timing_only,gateway_delay,attack,TP,False,77.77200296432314
timing_only,gateway_delay,benign,TN,False,
fused,gateway_delay,attack,TP,False,77.77200296432314
fused,gateway_delay,benign,TN,False,
deadline,gateway_delay,attack,FN,False,-inf
deadline,gateway_delay,benign,TN,False,
deadline_oracle,gateway_delay,attack,FN,False,-inf
deadline_oracle,gateway_delay,benign,TN,False,
frequency,gateway_delay,attack,TP,False,142.26557609801364
frequency,gateway_delay,benign,TN,False,
plausibility,gateway_delay,attack,FN,False,-inf
plausibility,gateway_delay,benign,TN,False,
timing_only,gateway_delay,attack,TP,False,142.26557609801364
timing_only,gateway_delay,benign,TN,False,
fused,gateway_delay,attack,TP,False,142.26557609801364
fused,gateway_delay,benign,TN,False,
deadline,gateway_delay,attack,FN,False,-inf
deadline,gateway_delay,benign,TN,False,
deadline_oracle,gateway_delay,attack,TP,False,80.71764406405121
deadline_oracle,gateway_delay,benign,TN,False,
frequency,gateway_delay,attack,TP,False,133.8656440640512
frequency,gateway_delay,benign,TN,False,
plausibility,gateway_delay,attack,FN,False,-inf
plausibility,gateway_delay,benign,TN,False,
timing_only,gateway_delay,attack,TP,False,133.8656440640512
timing_only,gateway_delay,benign,TN,False,
fused,gateway_delay,attack,TP,False,133.8656440640512
fused,gateway_delay,benign,TN,False,
deadline,gateway_delay,attack,FN,False,-inf
deadline,gateway_delay,benign,TN,False,
deadline_oracle,gateway_delay,attack,FN,False,-inf
deadline_oracle,gateway_delay,benign,TN,False,
frequency,gateway_delay,attack,TP,False,128.00635509661424
frequency,gateway_delay,benign,TN,False,
plausibility,gateway_delay,attack,TP,False,123.00635509661424
plausibility,gateway_delay,benign,TN,False,
timing_only,gateway_delay,attack,TP,False,128.00635509661424
timing_only,gateway_delay,benign,TN,False,
fused,gateway_delay,attack,TP,False,128.00635509661424
fused,gateway_delay,benign,TN,False,
deadline,gateway_delay,attack,FN,True,-inf
deadline,gateway_delay,benign,TN,False,
deadline_oracle,gateway_delay,attack,TP,True,51.413102784267
deadline_oracle,gateway_delay,benign,TN,False,
frequency,gateway_delay,attack,TP,True,134.012102784267
frequency,gateway_delay,benign,TN,False,
plausibility,gateway_delay,attack,TP,True,-100.987897215733
plausibility,gateway_delay,benign,TN,False,
timing_only,gateway_delay,attack,TP,True,134.012102784267
timing_only,gateway_delay,benign,TN,False,
fused,gateway_delay,attack,TP,True,134.012102784267
fused,gateway_delay,benign,TN,False,
deadline,gateway_delay,attack,FN,False,-inf
deadline,gateway_delay,benign,TN,False,
deadline_oracle,gateway_delay,attack,TP,False,70.5416773929983
deadline_oracle,gateway_delay,benign,TN,False,
frequency,gateway_delay,attack,TP,False,211.8146773929983
frequency,gateway_delay,benign,TN,False,
plausibility,gateway_delay,attack,TP,False,56.803677392998296
plausibility,gateway_delay,benign,TN,False,
timing_only,gateway_delay,attack,TP,False,211.8146773929983
timing_only,gateway_delay,benign,TN,False,
fused,gateway_delay,attack,TP,False,211.8146773929983
fused,gateway_delay,benign,TN,False,
deadline,gateway_delay,attack,FN,False,-inf
deadline,gateway_delay,benign,TN,False,
deadline_oracle,gateway_delay,attack,FN,False,-inf
deadline_oracle,gateway_delay,benign,TN,False,
frequency,gateway_delay,attack,TP,False,1.3081245996940254
frequency,gateway_delay,benign,TN,False,
plausibility,gateway_delay,attack,FN,False,-inf
plausibility,gateway_delay,benign,TN,False,
timing_only,gateway_delay,attack,TP,False,1.3081245996940254
timing_only,gateway_delay,benign,TN,False,
fused,gateway_delay,attack,TP,False,1.3081245996940254
fused,gateway_delay,benign,TN,False,
deadline,gateway_delay,attack,FN,False,-inf
deadline,gateway_delay,benign,TN,False,
deadline_oracle,gateway_delay,attack,FN,False,-inf
deadline_oracle,gateway_delay,benign,TN,False,
frequency,gateway_delay,attack,FN,False,-inf
frequency,gateway_delay,benign,TN,False,
plausibility,gateway_delay,attack,FN,False,-inf
plausibility,gateway_delay,benign,TN,False,
timing_only,gateway_delay,attack,FN,False,-inf
timing_only,gateway_delay,benign,TN,False,
fused,gateway_delay,attack,FN,False,-inf
fused,gateway_delay,benign,TN,False,
deadline,gateway_delay,attack,FN,False,-inf
deadline,gateway_delay,benign,TN,False,
deadline_oracle,gateway_delay,attack,FN,False,-inf
deadline_oracle,gateway_delay,benign,TN,False,
frequency,gateway_delay,attack,TP,False,19.678229710998977
frequency,gateway_delay,benign,TN,False,
plausibility,gateway_delay,attack,FN,False,-inf
plausibility,gateway_delay,benign,TN,False,
timing_only,gateway_delay,attack,TP,False,19.678229710998977
timing_only,gateway_delay,benign,TN,False,
fused,gateway_delay,attack,TP,False,19.678229710998977
fused,gateway_delay,benign,TN,False,
deadline,jitter_injection,attack,FN,False,-inf
deadline,jitter_injection,benign,TN,False,
deadline_oracle,jitter_injection,attack,TP,False,48.249881239597286
deadline_oracle,jitter_injection,benign,TN,False,
frequency,jitter_injection,attack,TP,False,122.84788123959729
frequency,jitter_injection,benign,TN,False,
plausibility,jitter_injection,attack,TP,False,90.69588123959728
plausibility,jitter_injection,benign,TN,False,
timing_only,jitter_injection,attack,TP,False,122.84788123959729
timing_only,jitter_injection,benign,TN,False,
fused,jitter_injection,attack,TP,False,122.84788123959729
fused,jitter_injection,benign,TN,False,
deadline,jitter_injection,attack,FN,False,-inf
deadline,jitter_injection,benign,TN,False,
deadline_oracle,jitter_injection,attack,FN,False,-inf
deadline_oracle,jitter_injection,benign,TN,False,
frequency,jitter_injection,attack,TP,False,82.73643222589077
frequency,jitter_injection,benign,TN,False,
plausibility,jitter_injection,attack,TP,False,72.45543222589077
plausibility,jitter_injection,benign,TN,False,
timing_only,jitter_injection,attack,TP,False,82.73643222589077
timing_only,jitter_injection,benign,TN,False,
fused,jitter_injection,attack,TP,False,82.73643222589077
fused,jitter_injection,benign,TN,False,
deadline,jitter_injection,attack,FN,False,-inf
deadline,jitter_injection,benign,TN,False,
deadline_oracle,jitter_injection,attack,FN,False,-inf
deadline_oracle,jitter_injection,benign,TN,False,
frequency,jitter_injection,attack,TP,False,179.62781831069722
frequency,jitter_injection,benign,TN,False,
plausibility,jitter_injection,attack,TP,False,171.75481831069723
plausibility,jitter_injection,benign,TN,False,
timing_only,jitter_injection,attack,TP,False,179.62781831069722
timing_only,jitter_injection,benign,TN,False,
fused,jitter_injection,attack,TP,False,179.62781831069722
fused,jitter_injection,benign,TN,False,
deadline,jitter_injection,attack,FN,False,-inf
deadline,jitter_injection,benign,TN,False,
deadline_oracle,jitter_injection,attack,FN,False,-inf
deadline_oracle,jitter_injection,benign,TN,False,
frequency,jitter_injection,attack,TP,False,202.27473276099312
frequency,jitter_injection,benign,TN,False,
plausibility,jitter_injection,attack,TP,False,169.22573276099314
plausibility,jitter_injection,benign,TN,False,
timing_only,jitter_injection,attack,TP,False,202.27473276099312
timing_only,jitter_injection,benign,TN,False,
fused,jitter_injection,attack,TP,False,202.27473276099312
fused,jitter_injection,benign,TN,False,
deadline,jitter_injection,attack,FN,False,-inf
deadline,jitter_injection,benign,TN,False,
deadline_oracle,jitter_injection,attack,FN,False,-inf
deadline_oracle,jitter_injection,benign,TN,False,
frequency,jitter_injection,attack,TP,False,130.4914817717986
frequency,jitter_injection,benign,TN,False,
plausibility,jitter_injection,attack,TP,False,104.34248177179857
plausibility,jitter_injection,benign,TN,False,
timing_only,jitter_injection,attack,TP,False,130.4914817717986
timing_only,jitter_injection,benign,TN,False,
fused,jitter_injection,attack,TP,False,130.4914817717986
fused,jitter_injection,benign,TN,False,
deadline,jitter_injection,attack,FN,False,-inf
deadline,jitter_injection,benign,TN,False,
deadline_oracle,jitter_injection,attack,TP,False,25.60916766860079
deadline_oracle,jitter_injection,benign,TN,False,
frequency,jitter_injection,attack,TP,False,157.2451676686008
frequency,jitter_injection,benign,TN,False,
plausibility,jitter_injection,attack,TP,False,109.66816766860079
plausibility,jitter_injection,benign,TN,False,
timing_only,jitter_injection,attack,TP,False,157.2451676686008
timing_only,jitter_injection,benign,TN,False,
fused,jitter_injection,attack,TP,False,157.2451676686008
fused,jitter_injection,benign,TN,False,
deadline,jitter_injection,attack,FN,False,-inf
deadline,jitter_injection,benign,TN,False,
deadline_oracle,jitter_injection,attack,FN,False,-inf
deadline_oracle,jitter_injection,benign,TN,False,
frequency,jitter_injection,attack,TP,False,121.86100792473827
frequency,jitter_injection,benign,TN,False,
plausibility,jitter_injection,attack,TP,False,96.82500792473827
plausibility,jitter_injection,benign,TN,False,
timing_only,jitter_injection,attack,TP,False,121.86100792473827
timing_only,jitter_injection,benign,TN,False,
fused,jitter_injection,attack,TP,False,121.86100792473827
fused,jitter_injection,benign,TN,False,
deadline,jitter_injection,attack,FN,False,-inf
deadline,jitter_injection,benign,TN,False,
deadline_oracle,jitter_injection,attack,FN,False,-inf
deadline_oracle,jitter_injection,benign,TN,False,
frequency,jitter_injection,attack,TP,False,64.27826609180156
frequency,jitter_injection,benign,TN,False,
plausibility,jitter_injection,attack,TP,False,59.77126609180155
plausibility,jitter_injection,benign,TN,False,
timing_only,jitter_injection,attack,TP,False,64.27826609180156
timing_only,jitter_injection,benign,TN,False,
fused,jitter_injection,attack,TP,False,64.27826609180156
fused,jitter_injection,benign,TN,False,
deadline,jitter_injection,attack,FN,False,-inf
deadline,jitter_injection,benign,TN,False,
deadline_oracle,jitter_injection,attack,FN,False,-inf
deadline_oracle,jitter_injection,benign,TN,False,
frequency,jitter_injection,attack,TP,False,106.23672584653933
frequency,jitter_injection,benign,TN,False,
plausibility,jitter_injection,attack,TP,False,92.58072584653934
plausibility,jitter_injection,benign,TN,False,
timing_only,jitter_injection,attack,TP,False,106.23672584653933
timing_only,jitter_injection,benign,TN,False,
fused,jitter_injection,attack,TP,False,106.23672584653933
fused,jitter_injection,benign,TN,False,
deadline,jitter_injection,attack,FN,False,-inf
deadline,jitter_injection,benign,TN,False,
deadline_oracle,jitter_injection,attack,FN,False,-inf
deadline_oracle,jitter_injection,benign,TN,False,
frequency,jitter_injection,attack,TP,False,23.15863996494977
frequency,jitter_injection,benign,TN,False,
plausibility,jitter_injection,attack,TP,False,5.324639964949796
plausibility,jitter_injection,benign,TN,False,
timing_only,jitter_injection,attack,TP,False,23.15863996494977
timing_only,jitter_injection,benign,TN,False,
fused,jitter_injection,attack,TP,False,23.15863996494977
fused,jitter_injection,benign,TN,False,
deadline,jitter_injection,attack,FN,False,-inf
deadline,jitter_injection,benign,TN,False,
deadline_oracle,jitter_injection,attack,FN,False,-inf
deadline_oracle,jitter_injection,benign,TN,False,
frequency,jitter_injection,attack,TP,False,62.390197273873156
frequency,jitter_injection,benign,TN,False,
plausibility,jitter_injection,attack,TP,False,23.493197273873164
plausibility,jitter_injection,benign,TN,False,
timing_only,jitter_injection,attack,TP,False,62.390197273873156
timing_only,jitter_injection,benign,TN,False,
fused,jitter_injection,attack,TP,False,62.390197273873156
fused,jitter_injection,benign,TN,False,
deadline,jitter_injection,attack,FN,False,-inf
deadline,jitter_injection,benign,TN,False,
deadline_oracle,jitter_injection,attack,FN,False,-inf
deadline_oracle,jitter_injection,benign,TN,False,
frequency,jitter_injection,attack,TP,False,16.532636611137633
frequency,jitter_injection,benign,TN,False,
plausibility,jitter_injection,attack,TP,False,-43.665363388862374
plausibility,jitter_injection,benign,TN,False,
timing_only,jitter_injection,attack,TP,False,16.532636611137633
timing_only,jitter_injection,benign,TN,False,
fused,jitter_injection,attack,TP,False,16.532636611137633
fused,jitter_injection,benign,TN,False,
deadline,jitter_injection,attack,FN,False,-inf
deadline,jitter_injection,benign,TN,False,
deadline_oracle,jitter_injection,attack,FN,False,-inf
deadline_oracle,jitter_injection,benign,TN,False,
frequency,jitter_injection,attack,TP,False,109.91573643147021
frequency,jitter_injection,benign,TN,False,
plausibility,jitter_injection,attack,TP,False,110.90673643147021
plausibility,jitter_injection,benign,TN,False,
timing_only,jitter_injection,attack,TP,False,109.91573643147021
timing_only,jitter_injection,benign,TN,False,
fused,jitter_injection,attack,TP,False,110.90673643147021
fused,jitter_injection,benign,TN,False,
deadline,jitter_injection,attack,FN,False,-inf
deadline,jitter_injection,benign,TN,False,
deadline_oracle,jitter_injection,attack,FN,False,-inf
deadline_oracle,jitter_injection,benign,TN,False,
frequency,jitter_injection,attack,TP,False,76.4381167636497
frequency,jitter_injection,benign,TN,False,
plausibility,jitter_injection,attack,FN,False,-inf
plausibility,jitter_injection,benign,TN,False,
timing_only,jitter_injection,attack,TP,False,76.4381167636497
timing_only,jitter_injection,benign,TN,False,
fused,jitter_injection,attack,TP,False,76.4381167636497
fused,jitter_injection,benign,TN,False,
deadline,jitter_injection,attack,FN,False,-inf
deadline,jitter_injection,benign,TN,False,
deadline_oracle,jitter_injection,attack,TP,False,44.185440954724456
deadline_oracle,jitter_injection,benign,TN,False,
frequency,jitter_injection,attack,TP,False,149.81844095472445
frequency,jitter_injection,benign,TN,False,
plausibility,jitter_injection,attack,TP,False,126.71844095472446
plausibility,jitter_injection,benign,TN,False,
timing_only,jitter_injection,attack,TP,False,149.81844095472445
timing_only,jitter_injection,benign,TN,False,
fused,jitter_injection,attack,TP,False,149.81844095472445
fused,jitter_injection,benign,TN,False,
deadline,jitter_injection,attack,FN,False,-inf
deadline,jitter_injection,benign,TN,False,
deadline_oracle,jitter_injection,attack,FN,False,-inf
deadline_oracle,jitter_injection,benign,TN,False,
frequency,jitter_injection,attack,TP,False,104.18106548145002
frequency,jitter_injection,benign,TN,False,
plausibility,jitter_injection,attack,TP,False,129.18106548145002
plausibility,jitter_injection,benign,TN,False,
timing_only,jitter_injection,attack,TP,False,104.18106548145002
timing_only,jitter_injection,benign,TN,False,
fused,jitter_injection,attack,TP,False,129.18106548145002
fused,jitter_injection,benign,TN,False,
deadline,jitter_injection,attack,FN,False,-inf
deadline,jitter_injection,benign,TN,False,
deadline_oracle,jitter_injection,attack,FN,False,-inf
deadline_oracle,jitter_injection,benign,TN,False,
frequency,jitter_injection,attack,TP,False,106.94589357569859
frequency,jitter_injection,benign,TN,False,
plausibility,jitter_injection,attack,TP,False,47.2958935756986
plausibility,jitter_injection,benign,TN,False,
timing_only,jitter_injection,attack,TP,False,106.94589357569859
timing_only,jitter_injection,benign,TN,False,
fused,jitter_injection,attack,TP,False,106.94589357569859
fused,jitter_injection,benign,TN,False,
deadline,jitter_injection,attack,FN,False,-inf
deadline,jitter_injection,benign,TN,False,
deadline_oracle,jitter_injection,attack,FN,False,-inf
deadline_oracle,jitter_injection,benign,TN,False,
frequency,jitter_injection,attack,FN,False,-inf
frequency,jitter_injection,benign,TN,False,
plausibility,jitter_injection,attack,FN,False,-inf
plausibility,jitter_injection,benign,TN,False,
timing_only,jitter_injection,attack,FN,False,-inf
timing_only,jitter_injection,benign,TN,False,
fused,jitter_injection,attack,FN,False,-inf
fused,jitter_injection,benign,TN,False,
deadline,jitter_injection,attack,FN,False,-inf
deadline,jitter_injection,benign,TN,False,
deadline_oracle,jitter_injection,attack,FN,False,-inf
deadline_oracle,jitter_injection,benign,TN,False,
frequency,jitter_injection,attack,TP,False,-37.59779885327367
frequency,jitter_injection,benign,TN,False,
plausibility,jitter_injection,attack,FN,False,-inf
plausibility,jitter_injection,benign,TN,False,
timing_only,jitter_injection,attack,TP,False,-37.59779885327367
timing_only,jitter_injection,benign,TN,False,
fused,jitter_injection,attack,TP,False,-37.59779885327367
fused,jitter_injection,benign,TN,False,
deadline,jitter_injection,attack,FN,False,-inf
deadline,jitter_injection,benign,TN,False,
deadline_oracle,jitter_injection,attack,FN,False,-inf
deadline_oracle,jitter_injection,benign,TN,False,
frequency,jitter_injection,attack,TP,False,244.57748257551748
frequency,jitter_injection,benign,TN,False,
plausibility,jitter_injection,attack,TP,False,215.5144825755175
plausibility,jitter_injection,benign,TN,False,
timing_only,jitter_injection,attack,TP,False,244.57748257551748
timing_only,jitter_injection,benign,TN,False,
fused,jitter_injection,attack,TP,False,244.57748257551748
fused,jitter_injection,benign,TN,False,
deadline,jitter_injection,attack,FN,False,-inf
deadline,jitter_injection,benign,TN,False,
deadline_oracle,jitter_injection,attack,FN,False,-inf
deadline_oracle,jitter_injection,benign,TN,False,
frequency,jitter_injection,attack,TP,False,135.21619719297712
frequency,jitter_injection,benign,TN,False,
plausibility,jitter_injection,attack,FN,False,-inf
plausibility,jitter_injection,benign,TN,False,
timing_only,jitter_injection,attack,TP,False,135.21619719297712
timing_only,jitter_injection,benign,TN,False,
fused,jitter_injection,attack,TP,False,135.21619719297712
fused,jitter_injection,benign,TN,False,
deadline,jitter_injection,attack,FN,False,-inf
deadline,jitter_injection,benign,TN,False,
deadline_oracle,jitter_injection,attack,FN,False,-inf
deadline_oracle,jitter_injection,benign,TN,False,
frequency,jitter_injection,attack,TP,False,154.78469537891408
frequency,jitter_injection,benign,TN,False,
plausibility,jitter_injection,attack,TP,False,52.96469537891409
plausibility,jitter_injection,benign,TN,False,
timing_only,jitter_injection,attack,TP,False,154.78469537891408
timing_only,jitter_injection,benign,TN,False,
fused,jitter_injection,attack,TP,False,154.78469537891408
fused,jitter_injection,benign,TN,False,
deadline,jitter_injection,attack,FN,False,-inf
deadline,jitter_injection,benign,TN,False,
deadline_oracle,jitter_injection,attack,FN,False,-inf
deadline_oracle,jitter_injection,benign,TN,False,
frequency,jitter_injection,attack,TP,False,73.20668848360731
frequency,jitter_injection,benign,TN,False,
plausibility,jitter_injection,attack,TP,False,72.39168848360731
plausibility,jitter_injection,benign,TN,False,
timing_only,jitter_injection,attack,TP,False,73.20668848360731
timing_only,jitter_injection,benign,TN,False,
fused,jitter_injection,attack,TP,False,73.20668848360731
fused,jitter_injection,benign,TN,False,
deadline,jitter_injection,attack,FN,False,-inf
deadline,jitter_injection,benign,TN,False,
deadline_oracle,jitter_injection,attack,FN,False,-inf
deadline_oracle,jitter_injection,benign,TN,False,
frequency,jitter_injection,attack,TP,False,152.72550483442035
frequency,jitter_injection,benign,TN,False,
plausibility,jitter_injection,attack,TP,False,131.02950483442038
plausibility,jitter_injection,benign,TN,False,
timing_only,jitter_injection,attack,TP,False,152.72550483442035
timing_only,jitter_injection,benign,TN,False,
fused,jitter_injection,attack,TP,False,152.72550483442035
fused,jitter_injection,benign,TN,False,
deadline,jitter_injection,attack,FN,False,-inf
deadline,jitter_injection,benign,TN,False,
deadline_oracle,jitter_injection,attack,FN,False,-inf
deadline_oracle,jitter_injection,benign,TN,False,
frequency,jitter_injection,attack,TP,False,184.62709318837793
frequency,jitter_injection,benign,TN,False,
plausibility,jitter_injection,attack,TP,False,173.23209318837795
plausibility,jitter_injection,benign,TN,False,
timing_only,jitter_injection,attack,TP,False,184.62709318837793
timing_only,jitter_injection,benign,TN,False,
fused,jitter_injection,attack,TP,False,184.62709318837793
fused,jitter_injection,benign,TN,False,
deadline,jitter_injection,attack,FN,False,-inf
deadline,jitter_injection,benign,TN,False,
deadline_oracle,jitter_injection,attack,FN,False,-inf
deadline_oracle,jitter_injection,benign,TN,False,
frequency,jitter_injection,attack,TP,False,38.16757376901492
frequency,jitter_injection,benign,TN,False,
plausibility,jitter_injection,attack,TP,False,11.814573769014913
plausibility,jitter_injection,benign,TN,False,
timing_only,jitter_injection,attack,TP,False,38.16757376901492
timing_only,jitter_injection,benign,TN,False,
fused,jitter_injection,attack,TP,False,38.16757376901492
fused,jitter_injection,benign,TN,False,
deadline,jitter_injection,attack,FN,False,-inf
deadline,jitter_injection,benign,TN,False,
deadline_oracle,jitter_injection,attack,FN,False,-inf
deadline_oracle,jitter_injection,benign,TN,False,
frequency,jitter_injection,attack,TP,False,126.40054315508374
frequency,jitter_injection,benign,TN,False,
plausibility,jitter_injection,attack,TP,False,68.76154315508374
plausibility,jitter_injection,benign,TN,False,
timing_only,jitter_injection,attack,TP,False,126.40054315508374
timing_only,jitter_injection,benign,TN,False,
fused,jitter_injection,attack,TP,False,126.40054315508374
fused,jitter_injection,benign,TN,False,
deadline,jitter_injection,attack,FN,False,-inf
deadline,jitter_injection,benign,TN,False,
deadline_oracle,jitter_injection,attack,TP,False,86.82015266125701
deadline_oracle,jitter_injection,benign,TN,False,
frequency,jitter_injection,attack,TP,False,153.362152661257
frequency,jitter_injection,benign,TN,False,
plausibility,jitter_injection,attack,TP,False,126.190152661257
plausibility,jitter_injection,benign,TN,False,
timing_only,jitter_injection,attack,TP,False,153.362152661257
timing_only,jitter_injection,benign,TN,False,
fused,jitter_injection,attack,TP,False,153.362152661257
fused,jitter_injection,benign,TN,False,
deadline,jitter_injection,attack,FN,False,-inf
deadline,jitter_injection,benign,TN,False,
deadline_oracle,jitter_injection,attack,FN,False,-inf
deadline_oracle,jitter_injection,benign,TN,False,
frequency,jitter_injection,attack,TP,False,0.12666356867956097
frequency,jitter_injection,benign,TN,False,
plausibility,jitter_injection,attack,TP,False,42.61466356867956
plausibility,jitter_injection,benign,TN,False,
timing_only,jitter_injection,attack,TP,False,0.12666356867956097
timing_only,jitter_injection,benign,TN,False,
fused,jitter_injection,attack,TP,False,42.61466356867956
fused,jitter_injection,benign,TN,False,
deadline,jitter_injection,attack,FN,False,-inf
deadline,jitter_injection,benign,TN,False,
deadline_oracle,jitter_injection,attack,FN,False,-inf
deadline_oracle,jitter_injection,benign,TN,False,
frequency,jitter_injection,attack,TP,False,191.93952967184353
frequency,jitter_injection,benign,TN,False,
plausibility,jitter_injection,attack,TP,False,192.20952967184354
plausibility,jitter_injection,benign,TN,False,
timing_only,jitter_injection,attack,TP,False,191.93952967184353
timing_only,jitter_injection,benign,TN,False,
fused,jitter_injection,attack,TP,False,192.20952967184354
fused,jitter_injection,benign,TN,False,
deadline,jitter_injection,attack,FN,False,-inf
deadline,jitter_injection,benign,TN,False,
deadline_oracle,jitter_injection,attack,FN,False,-inf
deadline_oracle,jitter_injection,benign,TN,False,
frequency,jitter_injection,attack,TP,False,113.49657266673242
frequency,jitter_injection,benign,TN,False,
plausibility,jitter_injection,attack,TP,False,85.63557266673243
plausibility,jitter_injection,benign,TN,False,
timing_only,jitter_injection,attack,TP,False,113.49657266673242
timing_only,jitter_injection,benign,TN,False,
fused,jitter_injection,attack,TP,False,113.49657266673242
fused,jitter_injection,benign,TN,False,
deadline,jitter_injection,attack,FN,False,-inf
deadline,jitter_injection,benign,TN,False,
deadline_oracle,jitter_injection,attack,FN,False,-inf
deadline_oracle,jitter_injection,benign,TN,False,
frequency,jitter_injection,attack,TP,False,186.69613624830427
frequency,jitter_injection,benign,TN,False,
plausibility,jitter_injection,attack,TP,False,179.24313624830427
plausibility,jitter_injection,benign,TN,False,
timing_only,jitter_injection,attack,TP,False,186.69613624830427
timing_only,jitter_injection,benign,TN,False,
fused,jitter_injection,attack,TP,False,186.69613624830427
fused,jitter_injection,benign,TN,False,
deadline,jitter_injection,attack,FN,False,-inf
deadline,jitter_injection,benign,TN,False,
deadline_oracle,jitter_injection,attack,TP,False,67.51012768739791
deadline_oracle,jitter_injection,benign,TN,False,
frequency,jitter_injection,attack,TP,False,160.1191276873979
frequency,jitter_injection,benign,TN,False,
plausibility,jitter_injection,attack,TP,False,159.3231276873979
plausibility,jitter_injection,benign,TN,False,
timing_only,jitter_injection,attack,TP,False,160.1191276873979
timing_only,jitter_injection,benign,TN,False,
fused,jitter_injection,attack,TP,False,160.1191276873979
fused,jitter_injection,benign,TN,False,
deadline,jitter_injection,attack,FN,False,-inf
deadline,jitter_injection,benign,TN,False,
deadline_oracle,jitter_injection,attack,FN,False,-inf
deadline_oracle,jitter_injection,benign,TN,False,
frequency,jitter_injection,attack,TP,False,103.05332633278233
frequency,jitter_injection,benign,TN,False,
plausibility,jitter_injection,attack,TP,False,64.92432633278233
plausibility,jitter_injection,benign,TN,False,
timing_only,jitter_injection,attack,TP,False,103.05332633278233
timing_only,jitter_injection,benign,TN,False,
fused,jitter_injection,attack,TP,False,103.05332633278233
fused,jitter_injection,benign,TN,False,
deadline,jitter_injection,attack,FN,False,-inf
deadline,jitter_injection,benign,TN,False,
deadline_oracle,jitter_injection,attack,FN,False,-inf
deadline_oracle,jitter_injection,benign,TN,False,
frequency,jitter_injection,attack,TP,False,68.80359224551648
frequency,jitter_injection,benign,TN,False,
plausibility,jitter_injection,attack,TP,False,12.43959224551648
plausibility,jitter_injection,benign,TN,False,
timing_only,jitter_injection,attack,TP,False,68.80359224551648
timing_only,jitter_injection,benign,TN,False,
fused,jitter_injection,attack,TP,False,68.80359224551648
fused,jitter_injection,benign,TN,False,
deadline,jitter_injection,attack,FN,False,-inf
deadline,jitter_injection,benign,TN,False,
deadline_oracle,jitter_injection,attack,FN,False,-inf
deadline_oracle,jitter_injection,benign,TN,False,
frequency,jitter_injection,attack,TP,False,-26.975049817139293
frequency,jitter_injection,benign,TN,False,
plausibility,jitter_injection,attack,TP,False,-63.2080498171393
plausibility,jitter_injection,benign,TN,False,
timing_only,jitter_injection,attack,TP,False,-26.975049817139293
timing_only,jitter_injection,benign,TN,False,
fused,jitter_injection,attack,TP,False,-26.975049817139293
fused,jitter_injection,benign,TN,False,
deadline,jitter_injection,attack,FN,False,-inf
deadline,jitter_injection,benign,TN,False,
deadline_oracle,jitter_injection,attack,FN,False,-inf
deadline_oracle,jitter_injection,benign,TN,False,
frequency,jitter_injection,attack,TP,False,78.32523245643374
frequency,jitter_injection,benign,TN,False,
plausibility,jitter_injection,attack,TP,False,33.29423245643375
plausibility,jitter_injection,benign,TN,False,
timing_only,jitter_injection,attack,TP,False,78.32523245643374
timing_only,jitter_injection,benign,TN,False,
fused,jitter_injection,attack,TP,False,78.32523245643374
fused,jitter_injection,benign,TN,False,
deadline,jitter_injection,attack,FN,False,-inf
deadline,jitter_injection,benign,TN,False,
deadline_oracle,jitter_injection,attack,FN,False,-inf
deadline_oracle,jitter_injection,benign,TN,False,
frequency,jitter_injection,attack,TP,False,85.96208947605896
frequency,jitter_injection,benign,TN,False,
plausibility,jitter_injection,attack,TP,False,143.24308947605897
plausibility,jitter_injection,benign,TN,False,
timing_only,jitter_injection,attack,TP,False,85.96208947605896
timing_only,jitter_injection,benign,TN,False,
fused,jitter_injection,attack,TP,False,143.24308947605897
fused,jitter_injection,benign,TN,False,
deadline,jitter_injection,attack,FN,False,-inf
deadline,jitter_injection,benign,TN,False,
deadline_oracle,jitter_injection,attack,FN,False,-inf
deadline_oracle,jitter_injection,benign,TN,False,
frequency,jitter_injection,attack,TP,False,163.79598576967754
frequency,jitter_injection,benign,TN,False,
plausibility,jitter_injection,attack,TP,False,142.99198576967754
plausibility,jitter_injection,benign,TN,False,
timing_only,jitter_injection,attack,TP,False,163.79598576967754
timing_only,jitter_injection,benign,TN,False,
fused,jitter_injection,attack,TP,False,163.79598576967754
fused,jitter_injection,benign,TN,False,
deadline,jitter_injection,attack,FN,False,-inf
deadline,jitter_injection,benign,TN,False,
deadline_oracle,jitter_injection,attack,FN,False,-inf
deadline_oracle,jitter_injection,benign,TN,False,
frequency,jitter_injection,attack,TP,False,102.65898593531867
frequency,jitter_injection,benign,TN,False,
plausibility,jitter_injection,attack,TP,False,61.76498593531868
plausibility,jitter_injection,benign,TN,False,
timing_only,jitter_injection,attack,TP,False,102.65898593531867
timing_only,jitter_injection,benign,TN,False,
fused,jitter_injection,attack,TP,False,102.65898593531867
fused,jitter_injection,benign,TN,False,
