mode,family,trial,method,status,first_success,best_f,evaluations
hazard,dos_flood,0,random,ok,2,-149.04632211374638,2
hazard,dos_flood,0,grid,ok,1,-107.10132211374636,1
hazard,dos_flood,0,q_learning,ok,6,-123.00532211374636,6
hazard,dos_flood,0,es,ok,2,-209.19532211374639,2
hazard,dos_flood,0,bayes_opt,ok,9,-213.69632211374636,9
hazard,dos_flood,0,llm_bo,ok,1,-285.16332211374635,1
hazard,dos_flood,2,random,ok,5,-99.53446037496286,5
hazard,dos_flood,2,grid,ok,1,-108.26146037496287,1
hazard,dos_flood,2,q_learning,ok,2,-338.15246037496286,2
hazard,dos_flood,2,es,ok,1,-10.663460374962881,1
hazard,dos_flood,2,bayes_opt,ok,2,-338.26546037496286,2
hazard,dos_flood,2,llm_bo,ok,1,-295.5074603749629,1
hazard,dos_flood,5,random,ok,7,-316.5193298103061,7
hazard,dos_flood,5,grid,ok,2,-136.45832981030605,2
hazard,dos_flood,5,q_learning,ok,3,-319.0363298103061,3
hazard,dos_flood,5,es,ok,1,-346.08032981030607,1
hazard,dos_flood,5,bayes_opt,ok,2,-43.604329810306055,2
hazard,dos_flood,5,llm_bo,ok,1,-326.1443298103061,1
hazard,dos_flood,1,random,ok,4,-110.04921493279629,4
hazard,dos_flood,1,grid,ok,7,-293.4552149327963,7
hazard,dos_flood,1,q_learning,ok,2,-302.4252149327963,2
hazard,dos_flood,1,es,ok,8,-410.79421493279625,8
hazard,dos_flood,1,bayes_opt,ok,3,-228.3212149327963,3
hazard,dos_flood,1,llm_bo,ok,1,-292.0862149327963,1
hazard,dos_flood,3,random,ok,2,-390.87651593941735,2
hazard,dos_flood,3,grid,ok,2,-186.9375159394173,2
hazard,dos_flood,3,q_learning,ok,1,-17.16851593941732,1
hazard,dos_flood,3,es,ok,6,-122.61451593941732,6
hazard,dos_flood,3,bayes_opt,ok,2,-459.7445159394173,2
hazard,dos_flood,3,llm_bo,ok,1,-299.8585159394173,1
hazard,dos_flood,4,random,ok,15,-236.27906916046848,15
hazard,dos_flood,4,grid,ok,3,-58.354069160468526,3
hazard,dos_flood,4,q_learning,ok,1,-31.1940691604685,1
hazard,dos_flood,4,es,ok,1,-185.9850691604685,1
hazard,dos_flood,4,bayes_opt,ok,1,-467.15506916046854,1
hazard,dos_flood,4,llm_bo,ok,1,-209.1840691604685,1
hazard,dos_flood,9,random,ok,1,-85.58615514302019,1
hazard,dos_flood,9,grid,ok,3,-232.8761551430202,3
hazard,dos_flood,9,q_learning,ok,2,-431.38415514302017,2
hazard,dos_flood,9,es,ok,1,-52.529155143020176,1
hazard,dos_flood,9,bayes_opt,ok,1,-256.46215514302025,1
hazard,dos_flood,9,llm_bo,ok,1,-209.6821551430202,1
hazard,dos_flood,10,random,ok,1,-30.043987310888838,1
hazard,dos_flood,10,grid,ok,2,-114.42898731088883,2
hazard,dos_flood,10,q_learning,ok,4,-326.96698731088884,4
hazard,dos_flood,10,es,ok,1,-509.88298731088884,1
hazard,dos_flood,10,bayes_opt,ok,7,-315.3579873108888,7
hazard,dos_flood,10,llm_bo,ok,1,-299.1119873108888,1
hazard,dos_flood,11,random,ok,2,-207.32441545790286,2
hazard,dos_flood,11,grid,ok,2,-29.302415457902868,2
hazard,dos_flood,11,q_learning,ok,2,-45.27841545790287,2
hazard,dos_flood,11,es,ok,1,-312.7574154579029,1
hazard,dos_flood,11,bayes_opt,ok,10,-145.1954154579029,10
hazard,dos_flood,11,llm_bo,ok,1,-303.67241545790284,1
hazard,dos_flood,7,random,ok,16,-243.4774452508388,16
hazard,dos_flood,7,grid,ok,5,-100.44444525083878,5
hazard,dos_flood,7,q_learning,ok,5,-239.5354452508388,5
hazard,dos_flood,7,es,ok,3,-142.26744525083876,3
hazard,dos_flood,7,bayes_opt,ok,1,-251.11344525083877,1
hazard,dos_flood,7,llm_bo,ok,1,-214.8954452508388,1
hazard,dos_flood,6,random,ok,2,-454.8231154084905,2
hazard,dos_flood,6,grid,ok,3,-203.4941154084904,3
hazard,dos_flood,6,q_learning,ok,4,-264.2361154084904,4
hazard,dos_flood,6,es,ok,4,-309.6641154084904,4
hazard,dos_flood,6,bayes_opt,ok,5,-516.3081154084904,5
hazard,dos_flood,6,llm_bo,ok,1,-300.42911540849036,1
hazard,dos_flood,8,random,ok,3,-420.3808113782454,3
hazard,dos_flood,8,grid,ok,2,-118.62381137824534,2
hazard,dos_flood,8,q_learning,ok,3,-409.75881137824535,3
hazard,dos_flood,8,es,ok,1,-218.54781137824537,1
hazard,dos_flood,8,bayes_opt,ok,3,-474.3058113782454,3
hazard,dos_flood,8,llm_bo,ok,1,-258.34481137824537,1
hazard,dos_flood,12,random,ok,1,-120.39238279097033,1
hazard,dos_flood,12,grid,ok,1,-314.46238279097037,1
hazard,dos_flood,12,q_learning,ok,9,-238.43938279097034,9
hazard,dos_flood,12,es,ok,1,-196.35638279097031,1
hazard,dos_flood,12,bayes_opt,ok,8,-412.9953827909703,8
hazard,dos_flood,12,llm_bo,ok,1,-311.62738279097033,1
hazard,dos_flood,17,random,ok,1,-145.86060197864435,1
hazard,dos_flood,17,grid,ok,1,-326.1816019786444,1
hazard,dos_flood,17,q_learning,ok,2,-6.41360197864438,2
hazard,dos_flood,17,es,ok,2,-5.848601978644382,2
hazard,dos_flood,17,bayes_opt,ok,2,-17.15760197864438,2
hazard,dos_flood,17,llm_bo,ok,1,-346.9676019786444,1
hazard,dos_flood,13,random,ok,1,-438.31455903982805,1
hazard,dos_flood,13,grid,ok,2,-282.937559039828,2
hazard,dos_flood,13,q_learning,ok,4,-195.48955903982798,4
hazard,dos_flood,13,es,ok,2,-58.97955903982799,2
hazard,dos_flood,13,bayes_opt,ok,2,-113.39455903982801,2
hazard,dos_flood,13,llm_bo,ok,1,-252.164559039828,1
hazard,dos_flood,14,random,ok,1,-155.38716414325694,1
hazard,dos_flood,14,grid,ok,1,-401.3641641432569,1
hazard,dos_flood,14,q_learning,ok,1,-148.5231641432569,1
hazard,dos_flood,14,es,ok,9,-205.1001641432569,9
hazard,dos_flood,14,bayes_opt,ok,3,-147.84916414325693,3
hazard,dos_flood,14,llm_bo,ok,1,-220.5041641432569,1
hazard,dos_flood,15,random,ok,1,-279.6514718812965,1
hazard,dos_flood,15,grid,ok,4,-192.39247188129653,4
hazard,dos_flood,15,q_learning,ok,4,-77.09047188129657,4
hazard,dos_flood,15,es,ok,5,-133.53947188129652,5
hazard,dos_flood,15,bayes_opt,ok,2,-175.22447188129652,2
hazard,dos_flood,15,llm_bo,ok,1,-235.38147188129656,1
hazard,dos_flood,19,random,ok,7,-154.1562680942953,7
hazard,dos_flood,19,grid,ok,4,-116.39626809429532,4
hazard,dos_flood,19,q_learning,ok,3,-124.27826809429533,3
hazard,dos_flood,19,es,ok,5,-434.2252680942953,5
hazard,dos_flood,19,bayes_opt,ok,1,-284.4982680942953,1
hazard,dos_flood,19,llm_bo,ok,1,-294.90126809429535,1
hazard,dos_flood,16,random,ok,4,-352.4412004138446,4
hazard,dos_flood,16,grid,ok,2,-287.1592004138447,2
hazard,dos_flood,16,q_learning,ok,1,-181.79020041384464,1
hazard,dos_flood,16,es,ok,1,-466.96020041384463,1
hazard,dos_flood,16,bayes_opt,ok,3,-470.4042004138446,3
hazard,dos_flood,16,llm_bo,ok,1,-289.31020041384465,1
hazard,dos_flood,18,random,ok,2,-176.91422605358235,2
hazard,dos_flood,18,grid,ok,5,-230.5012260535824,5
hazard,dos_flood,18,q_learning,ok,3,-79.12522605358237,3
hazard,dos_flood,18,es,ok,6,-547.0612260535825,6
hazard,dos_flood,18,bayes_opt,ok,21,-424.1142260535824,21
hazard,dos_flood,18,llm_bo,ok,1,-220.6622260535824,1
hazard,priority_abuse,0,random,ok,,49.14267788625364,50
hazard,priority_abuse,0,grid,ok,,47.39367788625364,50
hazard,priority_abuse,0,q_learning,ok,,49.704677886253634,50
hazard,priority_abuse,0,es,ok,,49.43567788625364,50
hazard,priority_abuse,0,bayes_opt,ok,,49.704677886253634,50
hazard,priority_abuse,0,llm_bo,ok,,49.704677886253634,50
hazard,priority_abuse,3,random,ok,,49.11548406058269,50
hazard,priority_abuse,3,grid,ok,,49.187484060582676,50
hazard,priority_abuse,3,q_learning,ok,,48.98648406058268,50
hazard,priority_abuse,3,es,ok,,49.09148406058269,50
hazard,priority_abuse,3,bayes_opt,ok,,49.24448406058268,50
hazard,priority_abuse,3,llm_bo,ok,,49.132484060582684,50
hazard,priority_abuse,2,random,ok,,47.012539625037135,50
hazard,priority_abuse,2,grid,ok,,47.07053962503713,50
hazard,priority_abuse,2,q_learning,ok,,46.96053962503713,50
hazard,priority_abuse,2,es,ok,,46.95453962503713,50
hazard,priority_abuse,2,bayes_opt,ok,,47.07053962503713,50
hazard,priority_abuse,2,llm_bo,ok,,47.07053962503713,50
hazard,priority_abuse,1,random,ok,,33.49178506720369,50
hazard,priority_abuse,1,grid,ok,,33.411785067203695,50
hazard,priority_abuse,1,q_learning,ok,,37.5757850672037,50
hazard,priority_abuse,1,es,ok,,33.434785067203705,50
hazard,priority_abuse,1,bayes_opt,ok,,33.7197850672037,50
hazard,priority_abuse,1,llm_bo,ok,,35.60778506720369,50
hazard,priority_abuse,6,random,ok,,46.79388459150961,50
hazard,priority_abuse,6,grid,ok,,46.8728845915096,50
hazard,priority_abuse,6,q_learning,ok,,46.69288459150961,50
hazard,priority_abuse,6,es,ok,,47.057884591509605,50
hazard,priority_abuse,6,bayes_opt,ok,,47.057884591509605,50
hazard,priority_abuse,6,llm_bo,ok,,47.057884591509605,50
hazard,priority_abuse,4,random,ok,,125.5969308395315,50
hazard,priority_abuse,4,grid,ok,,125.5969308395315,50
hazard,priority_abuse,4,q_learning,ok,,125.5969308395315,50
hazard,priority_abuse,4,es,ok,,125.7719308395315,50
hazard,priority_abuse,4,bayes_opt,ok,,125.5969308395315,50
hazard,priority_abuse,4,llm_bo,ok,,125.6039308395315,50
hazard,priority_abuse,5,random,ok,,3.990670189693944,50
hazard,priority_abuse,5,grid,ok,,3.990670189693944,50
hazard,priority_abuse,5,q_learning,ok,,3.990670189693944,50
hazard,priority_abuse,5,es,ok,,3.590670189693938,50
hazard,priority_abuse,5,bayes_opt,ok,,1.8766701896939395,50
hazard,priority_abuse,5,llm_bo,ok,,4.13567018969394,50
hazard,priority_abuse,7,random,ok,,120.33355474916122,50
hazard,priority_abuse,7,grid,ok,,120.63655474916122,50
hazard,priority_abuse,7,q_learning,ok,,120.77955474916122,50
hazard,priority_abuse,7,es,ok,,120.77955474916122,50
hazard,priority_abuse,7,bayes_opt,ok,,120.75155474916122,50
hazard,priority_abuse,7,llm_bo,ok,,119.92255474916122,50
hazard,priority_abuse,17,random,ok,2,-5.848601978644382,2
hazard,priority_abuse,17,grid,ok,2,-5.8366019786443815,2
hazard,priority_abuse,17,q_learning,ok,2,-5.848601978644382,2
hazard,priority_abuse,17,es,ok,2,-5.848601978644382,2
hazard,priority_abuse,17,bayes_opt,ok,2,-6.388601978644374,2
hazard,priority_abuse,17,llm_bo,ok,2,-5.848601978644382,2
hazard,priority_abuse,8,random,ok,,72.10218862175464,50
hazard,priority_abuse,8,grid,ok,,71.62718862175464,50
hazard,priority_abuse,8,q_learning,ok,,72.10518862175464,50
hazard,priority_abuse,8,es,ok,,72.18918862175464,50
hazard,priority_abuse,8,bayes_opt,ok,,71.94418862175463,50
hazard,priority_abuse,8,llm_bo,ok,,72.18618862175464,50
hazard,priority_abuse,9,random,ok,,117.3668448569798,50
hazard,priority_abuse,9,grid,ok,,117.1308448569798,50
hazard,priority_abuse,9,q_learning,ok,,117.3668448569798,50
hazard,priority_abuse,9,es,ok,,117.0518448569798,50
hazard,priority_abuse,9,bayes_opt,ok,,117.3668448569798,50
hazard,priority_abuse,9,llm_bo,ok,,117.3668448569798,50
hazard,priority_abuse,15,random,ok,,102.82352811870346,50
hazard,priority_abuse,15,grid,ok,,102.98952811870346,50
hazard,priority_abuse,15,q_learning,ok,,103.11052811870346,50
hazard,priority_abuse,15,es,ok,,103.11052811870346,50
hazard,priority_abuse,15,bayes_opt,ok,,102.82252811870346,50
hazard,priority_abuse,15,llm_bo,ok,,103.11052811870346,50
hazard,priority_abuse,11,random,ok,,9.939584542097123,50
hazard,priority_abuse,11,grid,ok,,10.098584542097115,50
hazard,priority_abuse,11,q_learning,ok,,10.098584542097115,50
hazard,priority_abuse,11,es,ok,,9.926584542097117,50
hazard,priority_abuse,11,bayes_opt,ok,,9.240584542097125,50
hazard,priority_abuse,11,llm_bo,ok,,9.843584542097119,50
hazard,priority_abuse,13,random,ok,,76.489440960172,50
hazard,priority_abuse,13,grid,ok,,76.489440960172,50
hazard,priority_abuse,13,q_learning,ok,,76.489440960172,50
hazard,priority_abuse,13,es,ok,,76.489440960172,50
hazard,priority_abuse,13,bayes_opt,ok,,76.489440960172,50
hazard,priority_abuse,13,llm_bo,ok,,76.418440960172,50
hazard,priority_abuse,12,random,ok,,13.650617209029676,50
hazard,priority_abuse,12,grid,ok,,20.843617209029674,50
hazard,priority_abuse,12,q_learning,ok,,13.780617209029671,50
hazard,priority_abuse,12,es,ok,,13.780617209029671,50
hazard,priority_abuse,12,bayes_opt,ok,,13.780617209029671,50
hazard,priority_abuse,12,llm_bo,ok,,13.780617209029671,50
hazard,priority_abuse,10,random,ok,,20.91301268911117,50
hazard,priority_abuse,10,grid,ok,,20.78401268911118,50
hazard,priority_abuse,10,q_learning,ok,,20.96901268911118,50
hazard,priority_abuse,10,es,ok,,20.42101268911118,50
hazard,priority_abuse,10,bayes_opt,ok,,20.91301268911117,50
hazard,priority_abuse,10,llm_bo,ok,,20.91301268911117,50
hazard,low_slow_dos,0,random,ok,,49.615677886253636,50
hazard,low_slow_dos,0,grid,ok,,47.730677886253645,50
hazard,low_slow_dos,0,q_learning,ok,,49.704677886253634,50
hazard,low_slow_dos,0,es,ok,,49.704677886253634,50
hazard,low_slow_dos,0,bayes_opt,ok,,49.704677886253634,50
hazard,low_slow_dos,0,llm_bo,ok,,49.704677886253634,50
hazard,priority_abuse,14,random,ok,,99.12583585674308,50
hazard,priority_abuse,14,grid,ok,,99.80083585674308,50
hazard,priority_abuse,14,q_learning,ok,,99.71383585674307,50
hazard,priority_abuse,14,es,ok,,99.55083585674308,50
hazard,priority_abuse,14,bayes_opt,ok,,99.80083585674308,50
hazard,priority_abuse,14,llm_bo,ok,,99.80083585674308,50
hazard,priority_abuse,18,random,ok,,103.54377394641762,50
hazard,priority_abuse,18,grid,ok,,103.54377394641762,50
hazard,priority_abuse,18,q_learning,ok,,103.54377394641762,50
hazard,priority_abuse,18,es,ok,,102.81477394641762,50
hazard,priority_abuse,18,bayes_opt,ok,,103.54377394641762,50
hazard,priority_abuse,18,llm_bo,ok,,103.28777394641762,50
hazard,priority_abuse,16,random,ok,,55.790799586155345,50
hazard,priority_abuse,16,grid,ok,,54.57479958615535,50
hazard,priority_abuse,16,q_learning,ok,,58.17279958615535,50
hazard,priority_abuse,16,es,ok,,57.891799586155344,50
hazard,priority_abuse,16,bayes_opt,ok,,57.552799586155345,50
hazard,priority_abuse,16,llm_bo,ok,,58.183799586155345,50
hazard,priority_abuse,19,random,ok,,30.17673190570467,50
hazard,priority_abuse,19,grid,ok,,30.206731905704657,50
hazard,priority_abuse,19,q_learning,ok,,29.87273190570467,50
hazard,priority_abuse,19,es,ok,,29.85573190570466,50
hazard,priority_abuse,19,bayes_opt,ok,,30.18073190570466,50
hazard,priority_abuse,19,llm_bo,ok,,29.461731905704667,50
hazard,low_slow_dos,4,random,ok,,125.5969308395315,50
hazard,low_slow_dos,4,grid,ok,,125.5969308395315,50
hazard,low_slow_dos,4,q_learning,ok,,125.5969308395315,50
hazard,low_slow_dos,4,es,ok,,125.2949308395315,50
hazard,low_slow_dos,4,bayes_opt,ok,,127.93593083953151,50
hazard,low_slow_dos,4,llm_bo,ok,,127.93593083953151,50
hazard,low_slow_dos,1,random,ok,,33.0967850672037,50
hazard,low_slow_dos,1,grid,ok,,32.1897850672037,50
hazard,low_slow_dos,1,q_learning,ok,,37.84578506720371,50
hazard,low_slow_dos,1,es,ok,,33.7577850672037,50
hazard,low_slow_dos,1,bayes_opt,ok,,35.545785067203695,50
hazard,low_slow_dos,1,llm_bo,ok,,37.84578506720371,50
hazard,low_slow_dos,2,random,ok,,46.99353962503713,50
hazard,low_slow_dos,2,grid,ok,,47.07053962503713,50
hazard,low_slow_dos,2,q_learning,ok,,47.000539625037135,50
hazard,low_slow_dos,2,es,ok,,46.34153962503713,50
hazard,low_slow_dos,2,bayes_opt,ok,,47.07053962503713,50
hazard,low_slow_dos,2,llm_bo,ok,,47.012539625037135,50
hazard,low_slow_dos,3,random,ok,,48.818484060582676,50
hazard,low_slow_dos,3,grid,ok,,49.24448406058268,50
hazard,low_slow_dos,3,q_learning,ok,,49.11448406058268,50
hazard,low_slow_dos,3,es,ok,,49.24448406058268,50
hazard,low_slow_dos,3,bayes_opt,ok,,48.904484060582675,50
hazard,low_slow_dos,3,llm_bo,ok,,49.22848406058269,50
hazard,low_slow_dos,7,random,ok,,119.14855474916122,50
hazard,low_slow_dos,7,grid,ok,,120.15155474916122,50
hazard,low_slow_dos,7,q_learning,ok,,119.13155474916123,50
hazard,low_slow_dos,7,es,ok,,120.70555474916122,50
hazard,low_slow_dos,7,bayes_opt,ok,,120.15155474916122,50
hazard,low_slow_dos,7,llm_bo,ok,,119.46155474916122,50
hazard,low_slow_dos,6,random,ok,,46.7148845915096,50
hazard,low_slow_dos,6,grid,ok,,46.789884591509605,50
hazard,low_slow_dos,6,q_learning,ok,,47.057884591509605,50
hazard,low_slow_dos,6,es,ok,,45.79388459150961,50
hazard,low_slow_dos,6,bayes_opt,ok,,45.7448845915096,50
hazard,low_slow_dos,6,llm_bo,ok,,43.289884591509605,50
hazard,low_slow_dos,5,random,ok,,2.0256701896939404,50
hazard,low_slow_dos,5,grid,ok,,3.990670189693944,50
hazard,low_slow_dos,5,q_learning,ok,,3.990670189693944,50
hazard,low_slow_dos,5,es,ok,,3.7046701896939425,50
hazard,low_slow_dos,5,bayes_opt,ok,,2.840670189693938,50
hazard,low_slow_dos,5,llm_bo,ok,,3.990670189693944,50
hazard,low_slow_dos,8,random,ok,,72.18918862175464,50
hazard,low_slow_dos,8,grid,ok,,71.10018862175464,50
hazard,low_slow_dos,8,q_learning,ok,,72.18918862175464,50
hazard,low_slow_dos,8,es,ok,,72.02918862175464,50
hazard,low_slow_dos,8,bayes_opt,ok,,72.18918862175464,50
hazard,low_slow_dos,8,llm_bo,ok,,71.05618862175464,50
hazard,low_slow_dos,17,random,ok,2,-6.118601978644378,2
hazard,low_slow_dos,17,grid,ok,2,-2.6066019786443775,2
hazard,low_slow_dos,17,q_learning,ok,2,-5.848601978644382,2
hazard,low_slow_dos,17,es,ok,2,-6.92860197864438,2
hazard,low_slow_dos,17,bayes_opt,ok,2,-5.848601978644382,2
hazard,low_slow_dos,17,llm_bo,ok,2,-2.6066019786443775,2
hazard,low_slow_dos,9,random,ok,,117.3668448569798,50
hazard,low_slow_dos,9,grid,ok,,116.9478448569798,50
hazard,low_slow_dos,9,q_learning,ok,,117.3668448569798,50
hazard,low_slow_dos,9,es,ok,,117.3668448569798,50
hazard,low_slow_dos,9,bayes_opt,ok,,116.9368448569798,50
hazard,low_slow_dos,9,llm_bo,ok,,116.9158448569798,50
hazard,low_slow_dos,10,random,ok,,20.91301268911117,50
hazard,low_slow_dos,10,grid,ok,,20.91301268911117,50
hazard,low_slow_dos,10,q_learning,ok,,20.91301268911117,50
hazard,low_slow_dos,10,es,ok,,20.91301268911117,50
hazard,low_slow_dos,10,bayes_opt,ok,,20.91301268911117,50
hazard,low_slow_dos,10,llm_bo,ok,,25.280012689111174,50
hazard,selective_suppression,0,random,ok,4,-549.9193221137464,4
hazard,selective_suppression,0,grid,ok,,43.91867788625363,50
hazard,selective_suppression,0,q_learning,ok,16,-177.61932211374636,16
hazard,selective_suppression,0,es,ok,22,-628.0863221137463,22
hazard,selective_suppression,0,bayes_opt,ok,1,-179.99032211374634,1
hazard,selective_suppression,0,llm_bo,ok,1,-202.20432211374634,1
hazard,selective_suppression,1,random,ok,8,-502.9112149327963,8
hazard,selective_suppression,1,grid,ok,,34.414785067203695,50
hazard,selective_suppression,1,q_learning,ok,21,-108.8802149327963,21
hazard,selective_suppression,1,es,ok,1,-672.5572149327963,1
hazard,selective_suppression,1,bayes_opt,ok,15,-349.3942149327963,15
hazard,selective_suppression,1,llm_bo,ok,1,-225.2562149327963,1
hazard,selective_suppression,2,random,ok,12,-172.8744603749629,12
hazard,selective_suppression,2,grid,ok,,44.239539625037125,50
hazard,selective_suppression,2,q_learning,ok,38,-345.03746037496285,38
hazard,selective_suppression,2,es,ok,13,-712.0754603749629,13
hazard,selective_suppression,2,bayes_opt,ok,1,-587.2984603749628,1
hazard,selective_suppression,2,llm_bo,ok,1,-205.47446037496286,1
hazard,selective_suppression,3,random,ok,1,-49.314515939417305,1
hazard,selective_suppression,3,grid,ok,,41.86348406058268,50
hazard,selective_suppression,3,q_learning,ok,12,-353.5435159394174,12
hazard,selective_suppression,3,es,ok,14,-418.6475159394173,14
hazard,selective_suppression,3,bayes_opt,ok,21,-246.16151593941734,21
hazard,selective_suppression,3,llm_bo,ok,1,-210.7565159394173,1
hazard,low_slow_dos,11,random,ok,,9.079584542097123,50
hazard,low_slow_dos,11,grid,ok,,10.098584542097115,50
hazard,low_slow_dos,11,q_learning,ok,,8.488584542097115,50
hazard,low_slow_dos,11,es,ok,,10.098584542097115,50
hazard,low_slow_dos,11,bayes_opt,ok,,10.098584542097115,50
hazard,low_slow_dos,11,llm_bo,ok,,10.098584542097115,50
hazard,low_slow_dos,13,random,ok,,76.489440960172,50
hazard,low_slow_dos,13,grid,ok,,75.35644096017201,50
hazard,low_slow_dos,13,q_learning,ok,,76.489440960172,50
hazard,low_slow_dos,13,es,ok,,76.489440960172,50
hazard,low_slow_dos,13,bayes_opt,ok,,76.489440960172,50
hazard,low_slow_dos,13,llm_bo,ok,,76.489440960172,50
hazard,low_slow_dos,15,random,ok,,102.36252811870345,50
hazard,low_slow_dos,15,grid,ok,,103.11052811870346,50
hazard,low_slow_dos,15,q_learning,ok,,103.09252811870346,50
hazard,low_slow_dos,15,es,ok,,103.11052811870346,50
hazard,low_slow_dos,15,bayes_opt,ok,,103.11052811870346,50
hazard,low_slow_dos,15,llm_bo,ok,,103.11052811870346,50
hazard,low_slow_dos,12,random,ok,,13.522617209029676,50
hazard,low_slow_dos,12,grid,ok,,20.99961720902968,50
hazard,low_slow_dos,12,q_learning,ok,,13.030617209029671,50
hazard,low_slow_dos,12,es,ok,,13.799617209029677,50
hazard,low_slow_dos,12,bayes_opt,ok,,13.780617209029671,50
hazard,low_slow_dos,12,llm_bo,ok,,13.364617209029674,50
hazard,low_slow_dos,14,random,ok,,99.80083585674308,50
hazard,low_slow_dos,14,grid,ok,,99.80083585674308,50
hazard,low_slow_dos,14,q_learning,ok,,99.71683585674307,50
hazard,low_slow_dos,14,es,ok,,98.93683585674307,50
hazard,low_slow_dos,14,bayes_opt,ok,,99.80083585674308,50
hazard,low_slow_dos,14,llm_bo,ok,,99.80083585674308,50
hazard,selective_suppression,4,random,ok,27,-216.4230691604685,27
hazard,selective_suppression,4,grid,ok,,115.0029308395315,50
hazard,selective_suppression,4,q_learning,ok,20,-400.1760691604685,20
hazard,selective_suppression,4,es,ok,7,-526.0260691604685,7
hazard,selective_suppression,4,bayes_opt,ok,37,-58.96406916046848,37
hazard,selective_suppression,4,llm_bo,ok,1,-127.08306916046851,1
hazard,low_slow_dos,18,random,ok,,103.54377394641762,50
hazard,low_slow_dos,18,grid,ok,,103.54377394641762,50
hazard,low_slow_dos,18,q_learning,ok,,103.37577394641762,50
hazard,low_slow_dos,18,es,ok,,102.66077394641762,50
hazard,low_slow_dos,18,bayes_opt,ok,,103.54377394641762,50
hazard,low_slow_dos,18,llm_bo,ok,,103.54377394641762,50
hazard,low_slow_dos,16,random,ok,,53.38079958615535,50
hazard,low_slow_dos,16,grid,ok,,54.57479958615535,50
hazard,low_slow_dos,16,q_learning,ok,,54.57479958615535,50
hazard,low_slow_dos,16,es,ok,,57.23079958615534,50
hazard,low_slow_dos,16,bayes_opt,ok,,57.43579958615534,50
hazard,low_slow_dos,16,llm_bo,ok,,54.57479958615535,50
hazard,low_slow_dos,19,random,ok,,26.87673190570466,50
hazard,low_slow_dos,19,grid,ok,,22.463731905704662,50
hazard,low_slow_dos,19,q_learning,ok,,27.484731905704663,50
hazard,low_slow_dos,19,es,ok,,29.38273190570466,50
hazard,low_slow_dos,19,bayes_opt,ok,,30.206731905704657,50
hazard,low_slow_dos,19,llm_bo,ok,,29.50673190570467,50
hazard,selective_suppression,5,random,ok,30,-499.59032981030606,30
hazard,selective_suppression,5,grid,ok,,2.1406701896939353,50
hazard,selective_suppression,5,q_learning,ok,1,-109.51432981030605,1
hazard,selective_suppression,5,es,ok,,3.990670189693944,50
hazard,selective_suppression,5,bayes_opt,ok,28,-232.85432981030607,28
hazard,selective_suppression,5,llm_bo,ok,1,-247.49132981030607,1
hazard,selective_suppression,7,random,ok,,117.51955474916122,50
hazard,selective_suppression,7,grid,ok,,119.73255474916122,50
hazard,selective_suppression,7,q_learning,ok,2,-232.68544525083877,2
hazard,selective_suppression,7,es,ok,17,-561.1884452508389,17
hazard,selective_suppression,7,bayes_opt,ok,12,-468.0054452508388,12
hazard,selective_suppression,7,llm_bo,ok,1,-140.95444525083877,1
hazard,selective_suppression,13,random,ok,3,-97.45855903982797,3
hazard,selective_suppression,13,grid,ok,,69.438440960172,50
hazard,selective_suppression,13,q_learning,ok,16,-206.156559039828,16
hazard,selective_suppression,13,es,ok,10,-476.013559039828,10
hazard,selective_suppression,13,bayes_opt,ok,16,-275.538559039828,16
hazard,selective_suppression,13,llm_bo,ok,1,-169.709559039828,1
hazard,selective_suppression,8,random,ok,25,-191.67581137824536,25
hazard,selective_suppression,8,grid,ok,,71.05218862175464,50
hazard,selective_suppression,8,q_learning,ok,9,-108.97281137824538,9
hazard,selective_suppression,8,es,ok,,72.18918862175464,50
hazard,selective_suppression,8,bayes_opt,ok,6,-186.06681137824538,6
hazard,selective_suppression,8,llm_bo,ok,1,-170.37681137824538,1
hazard,selective_suppression,9,random,ok,9,-133.6381551430202,9
hazard,selective_suppression,9,grid,ok,,117.3668448569798,50
hazard,selective_suppression,9,q_learning,ok,49,-121.84215514302022,49
hazard,selective_suppression,9,es,ok,6,-361.6811551430202,6
hazard,selective_suppression,9,bayes_opt,ok,24,-194.2511551430202,24
hazard,selective_suppression,9,llm_bo,ok,1,-133.0451551430202,1
hazard,selective_suppression,6,random,ok,38,-199.93911540849038,38
hazard,selective_suppression,6,grid,ok,,41.76088459150961,50
hazard,selective_suppression,6,q_learning,ok,6,-269.72411540849043,6
hazard,selective_suppression,6,es,ok,,47.057884591509605,50
hazard,selective_suppression,6,bayes_opt,ok,24,-688.1111154084904,24
hazard,selective_suppression,6,llm_bo,ok,1,-213.4861154084904,1
hazard,selective_suppression,17,random,ok,2,-5.848601978644382,2
hazard,selective_suppression,17,grid,ok,2,-5.848601978644382,2
hazard,selective_suppression,17,q_learning,ok,2,-5.848601978644382,2
hazard,selective_suppression,17,es,ok,2,-5.848601978644382,2
hazard,selective_suppression,17,bayes_opt,ok,2,-5.848601978644382,2
hazard,selective_suppression,17,llm_bo,ok,1,-267.3266019786444,1
hazard,selective_suppression,10,random,ok,26,-132.65698731088884,26
hazard,selective_suppression,10,grid,ok,,20.91301268911117,50
hazard,selective_suppression,10,q_learning,ok,22,-595.8749873108889,22
hazard,selective_suppression,10,es,ok,26,-323.78698731088883,26
hazard,selective_suppression,10,bayes_opt,ok,24,-121.95798731088883,24
hazard,selective_suppression,10,llm_bo,ok,1,-211.27998731088883,1
hazard,selective_suppression,14,random,ok,32,-453.2491641432569,32
hazard,selective_suppression,14,grid,ok,,98.64283585674308,50
hazard,selective_suppression,14,q_learning,ok,19,-615.4521641432568,19
hazard,selective_suppression,14,es,ok,2,-296.0371641432569,2
hazard,selective_suppression,14,bayes_opt,ok,7,-468.7051641432569,7
hazard,selective_suppression,14,llm_bo,ok,1,-146.97616414325694,1
hazard,selective_suppression,11,random,ok,40,-465.43241545790295,40
hazard,selective_suppression,11,grid,ok,,10.098584542097115,50
hazard,selective_suppression,11,q_learning,ok,4,-165.0584154579029,4
hazard,selective_suppression,11,es,ok,,10.098584542097115,50
hazard,selective_suppression,11,bayes_opt,ok,8,-370.08541545790285,8
hazard,selective_suppression,11,llm_bo,ok,1,-222.6014154579029,1
hazard,selective_suppression,12,random,ok,,19.05061720902968,50
hazard,selective_suppression,12,grid,ok,,13.780617209029671,50
hazard,selective_suppression,12,q_learning,ok,14,-524.5453827909704,14
hazard,selective_suppression,12,es,ok,,13.780617209029671,50
hazard,selective_suppression,12,bayes_opt,ok,6,-437.17238279097035,6
hazard,selective_suppression,12,llm_bo,ok,1,-240.1353827909703,1
hazard,selective_suppression,15,random,ok,20,-285.6584718812966,20
hazard,selective_suppression,15,grid,ok,,106.51752811870345,50
hazard,selective_suppression,15,q_learning,ok,8,-434.43847188129655,8
hazard,selective_suppression,15,es,ok,,103.11052811870346,50
hazard,selective_suppression,15,bayes_opt,ok,19,-451.88647188129653,19
hazard,selective_suppression,15,llm_bo,ok,1,-148.17247188129656,1
hazard,selective_suppression,18,random,ok,1,-278.2822260535824,1
hazard,selective_suppression,18,grid,ok,,103.54377394641762,50
hazard,selective_suppression,18,q_learning,ok,19,-417.9072260535824,19
hazard,selective_suppression,18,es,ok,4,-16.081226053582384,4
hazard,selective_suppression,18,bayes_opt,ok,12,-677.5572260535823,12
hazard,selective_suppression,18,llm_bo,ok,1,-147.73522605358238,1
hazard,selective_suppression,19,random,ok,2,-383.1092680942953,2
hazard,selective_suppression,19,grid,ok,,19.75973190570467,50
hazard,selective_suppression,19,q_learning,ok,23,-271.9902680942953,23
hazard,selective_suppression,19,es,ok,2,-619.4362680942953,2
hazard,selective_suppression,19,bayes_opt,ok,38,-141.56926809429532,38
hazard,selective_suppression,19,llm_bo,ok,1,-232.41426809429535,1
hazard,selective_suppression,16,random,ok,2,-238.29020041384464,2
hazard,selective_suppression,16,grid,ok,,47.025799586155344,50
hazard,selective_suppression,16,q_learning,ok,44,-124.55020041384464,44
hazard,selective_suppression,16,es,ok,,45.448799586155346,50
hazard,selective_suppression,16,bayes_opt,ok,15,-532.3582004138447,15
hazard,selective_suppression,16,llm_bo,ok,1,-205.62420041384465,1
hazard,sensor_drift_spoof,0,random,ok,,49.704677886253634,50
hazard,sensor_drift_spoof,0,grid,ok,,49.704677886253634,50
hazard,sensor_drift_spoof,0,q_learning,ok,,49.704677886253634,50
hazard,sensor_drift_spoof,0,es,ok,,49.704677886253634,50
hazard,sensor_drift_spoof,0,bayes_opt,ok,,49.704677886253634,50
hazard,sensor_drift_spoof,0,llm_bo,ok,,49.704677886253634,50
hazard,sensor_drift_spoof,2,random,ok,,47.07053962503713,50
hazard,sensor_drift_spoof,2,grid,ok,,47.07053962503713,50
hazard,sensor_drift_spoof,2,q_learning,ok,,47.07053962503713,50
hazard,sensor_drift_spoof,2,es,ok,,47.07053962503713,50
hazard,sensor_drift_spoof,2,bayes_opt,ok,,47.07053962503713,50
hazard,sensor_drift_spoof,2,llm_bo,ok,,47.07053962503713,50
hazard,sensor_drift_spoof,1,random,ok,,35.60778506720369,50
hazard,sensor_drift_spoof,1,grid,ok,,35.60778506720369,50
hazard,sensor_drift_spoof,1,q_learning,ok,,35.60778506720369,50
hazard,sensor_drift_spoof,1,es,ok,,35.60778506720369,50
hazard,sensor_drift_spoof,1,bayes_opt,ok,,35.60778506720369,50
hazard,sensor_drift_spoof,1,llm_bo,ok,,35.60778506720369,50
hazard,sensor_drift_spoof,3,random,ok,,49.24448406058268,50
hazard,sensor_drift_spoof,3,grid,ok,,49.24448406058268,50
hazard,sensor_drift_spoof,3,q_learning,ok,,49.24448406058268,50
hazard,sensor_drift_spoof,3,es,ok,,49.24448406058268,50
hazard,sensor_drift_spoof,3,bayes_opt,ok,,49.24448406058268,50
hazard,sensor_drift_spoof,3,llm_bo,ok,,49.24448406058268,50
hazard,sensor_drift_spoof,4,random,ok,,125.5969308395315,50
hazard,sensor_drift_spoof,4,grid,ok,,125.5969308395315,50
hazard,sensor_drift_spoof,4,q_learning,ok,,125.5969308395315,50
hazard,sensor_drift_spoof,4,es,ok,,125.5969308395315,50
hazard,sensor_drift_spoof,4,bayes_opt,ok,,125.5969308395315,50
hazard,sensor_drift_spoof,4,llm_bo,ok,,125.5969308395315,50
hazard,sensor_drift_spoof,7,random,ok,,120.77955474916122,50
hazard,sensor_drift_spoof,7,grid,ok,,120.77955474916122,50
hazard,sensor_drift_spoof,7,q_learning,ok,,120.77955474916122,50
hazard,sensor_drift_spoof,7,es,ok,,120.77955474916122,50
hazard,sensor_drift_spoof,7,bayes_opt,ok,,120.77955474916122,50
hazard,sensor_drift_spoof,7,llm_bo,ok,,120.77955474916122,50
hazard,sensor_drift_spoof,5,random,ok,,3.990670189693944,50
hazard,sensor_drift_spoof,5,grid,ok,,3.990670189693944,50
hazard,sensor_drift_spoof,5,q_learning,ok,,3.990670189693944,50
hazard,sensor_drift_spoof,5,es,ok,,3.990670189693944,50
hazard,sensor_drift_spoof,5,bayes_opt,ok,,3.990670189693944,50
hazard,sensor_drift_spoof,5,llm_bo,ok,,3.990670189693944,50
hazard,sensor_drift_spoof,6,random,ok,,47.057884591509605,50
hazard,sensor_drift_spoof,6,grid,ok,,47.057884591509605,50
hazard,sensor_drift_spoof,6,q_learning,ok,,47.057884591509605,50
hazard,sensor_drift_spoof,6,es,ok,,47.057884591509605,50
hazard,sensor_drift_spoof,6,bayes_opt,ok,,47.057884591509605,50
hazard,sensor_drift_spoof,6,llm_bo,ok,,47.057884591509605,50
hazard,sensor_drift_spoof,17,random,ok,2,-5.848601978644382,2
hazard,sensor_drift_spoof,17,grid,ok,2,-5.848601978644382,2
hazard,sensor_drift_spoof,17,q_learning,ok,2,-5.848601978644382,2
hazard,sensor_drift_spoof,17,es,ok,2,-5.848601978644382,2
hazard,sensor_drift_spoof,17,bayes_opt,ok,2,-5.848601978644382,2
hazard,sensor_drift_spoof,17,llm_bo,ok,2,-5.848601978644382,2
hazard,sensor_drift_spoof,9,random,ok,,117.3668448569798,50
hazard,sensor_drift_spoof,9,grid,ok,,117.3668448569798,50
hazard,sensor_drift_spoof,9,q_learning,ok,,117.3668448569798,50
hazard,sensor_drift_spoof,9,es,ok,,117.3668448569798,50
hazard,sensor_drift_spoof,9,bayes_opt,ok,17,-49.019155143020186,17
hazard,sensor_drift_spoof,9,llm_bo,ok,,117.3668448569798,50
hazard,sensor_drift_spoof,8,random,ok,,72.18918862175464,50
hazard,sensor_drift_spoof,8,grid,ok,,72.18918862175464,50
hazard,sensor_drift_spoof,8,q_learning,ok,,72.18918862175464,50
hazard,sensor_drift_spoof,8,es,ok,,72.18918862175464,50
hazard,sensor_drift_spoof,8,bayes_opt,ok,,72.18918862175464,50
hazard,sensor_drift_spoof,8,llm_bo,ok,,72.18918862175464,50
hazard,masquerade,0,random,ok,2,-5.063322113746352,2
hazard,masquerade,0,grid,ok,3,-340.83332211374636,3
hazard,masquerade,0,q_learning,ok,2,-13.778322113746356,2
hazard,masquerade,0,es,ok,4,-27.51532211374635,4
hazard,masquerade,0,bayes_opt,ok,3,-341.1093221137464,3
hazard,masquerade,0,llm_bo,ok,1,-293.05932211374636,1
hazard,masquerade,1,random,ok,1,-29.267214932796307,1
hazard,masquerade,1,grid,ok,2,-94.8842149327963,2
hazard,masquerade,1,q_learning,ok,1,-505.5092149327963,1
hazard,masquerade,1,es,ok,13,-10.715214932796286,13
hazard,masquerade,1,bayes_opt,ok,3,-91.51821493279631,3
hazard,masquerade,1,llm_bo,ok,1,-290.3462149327963,1
hazard,masquerade,2,random,ok,1,-32.832460374962864,1
hazard,masquerade,2,grid,ok,2,-27.582460374962864,2
hazard,masquerade,2,q_learning,ok,3,-13.398460374962866,3
hazard,masquerade,2,es,ok,1,-122.70046037496286,1
hazard,masquerade,2,bayes_opt,ok,2,-294.94546037496286,2
hazard,masquerade,2,llm_bo,ok,1,-286.70046037496286,1
hazard,masquerade,3,random,ok,2,-245.0045159394173,2
hazard,masquerade,3,grid,ok,1,-345.9185159394174,1
hazard,masquerade,3,q_learning,ok,2,-53.69451593941733,2
hazard,masquerade,3,es,ok,1,-203.97151593941734,1
hazard,masquerade,3,bayes_opt,ok,3,-120.67951593941731,3
hazard,masquerade,3,llm_bo,ok,1,-296.3295159394173,1
hazard,masquerade,4,random,ok,1,-190.9080691604685,1
hazard,masquerade,4,grid,ok,1,-256.4690691604685,1
hazard,masquerade,4,q_learning,ok,4,-352.4940691604685,4
hazard,masquerade,4,es,ok,11,-25.278069160468505,11
hazard,masquerade,4,bayes_opt,ok,1,-93.4320691604685,1
hazard,masquerade,4,llm_bo,ok,1,-208.91206916046852,1
hazard,masquerade,5,random,ok,1,-162.95132981030605,1
hazard,masquerade,5,grid,ok,1,-456.10032981030605,1
hazard,masquerade,5,q_learning,ok,3,-246.61232981030605,3
hazard,masquerade,5,es,ok,5,-271.5053298103061,5
hazard,masquerade,5,bayes_opt,ok,1,-165.08832981030605,1
hazard,masquerade,5,llm_bo,ok,1,-324.6463298103061,1
hazard,masquerade,6,random,ok,5,-171.74011540849037,5
hazard,masquerade,6,grid,ok,2,-22.599115408490405,2
hazard,masquerade,6,q_learning,ok,1,-511.01611540849046,1
hazard,masquerade,6,es,ok,1,-260.30411540849036,1
hazard,masquerade,6,bayes_opt,ok,1,-95.9261154084904,1
hazard,masquerade,6,llm_bo,ok,1,-295.33411540849045,1
hazard,masquerade,7,random,ok,1,-102.78444525083876,1
hazard,masquerade,7,grid,ok,3,-212.99244525083878,3
hazard,masquerade,7,q_learning,ok,1,-21.305445250838773,1
hazard,masquerade,7,es,ok,1,-164.67844525083876,1
hazard,masquerade,7,bayes_opt,ok,4,-80.6814452508388,4
hazard,masquerade,7,llm_bo,ok,1,-221.8094452508388,1
hazard,masquerade,8,random,ok,1,-242.55481137824538,1
hazard,masquerade,8,grid,ok,2,-411.97981137824536,2
hazard,masquerade,8,q_learning,ok,4,-248.9148113782454,4
hazard,masquerade,8,es,ok,4,-220.42981137824538,4
hazard,masquerade,8,bayes_opt,ok,3,-225.98381137824535,3
hazard,masquerade,8,llm_bo,ok,1,-252.60981137824538,1
hazard,sensor_drift_spoof,16,random,ok,,54.57479958615535,50
hazard,sensor_drift_spoof,16,grid,ok,,54.57479958615535,50
hazard,sensor_drift_spoof,16,q_learning,ok,,54.57479958615535,50
hazard,sensor_drift_spoof,16,es,ok,5,-319.3612004138447,5
hazard,sensor_drift_spoof,16,bayes_opt,ok,9,-327.4152004138447,9
hazard,sensor_drift_spoof,16,llm_bo,ok,,54.57479958615535,50
hazard,masquerade,9,random,ok,4,-360.13015514302015,4
hazard,masquerade,9,grid,ok,5,-525.1541551430201,5
hazard,masquerade,9,q_learning,ok,2,-178.7541551430202,2
hazard,masquerade,9,es,ok,18,-322.88915514302016,18
hazard,masquerade,9,bayes_opt,ok,3,-90.57215514302018,3
hazard,masquerade,9,llm_bo,ok,1,-210.20915514302018,1
hazard,masquerade,10,random,ok,1,-24.882987310888836,1
hazard,masquerade,10,grid,ok,2,-114.48098731088882,2
hazard,masquerade,10,q_learning,ok,1,-428.8929873108888,1
hazard,masquerade,10,es,ok,3,-179.55898731088882,3
hazard,masquerade,10,bayes_opt,ok,1,-248.4899873108888,1
hazard,masquerade,10,llm_bo,ok,1,-292.0789873108888,1
hazard,sensor_drift_spoof,12,random,ok,,13.780617209029671,50
hazard,sensor_drift_spoof,12,grid,ok,,13.780617209029671,50
hazard,sensor_drift_spoof,12,q_learning,ok,,13.780617209029671,50
hazard,sensor_drift_spoof,12,es,ok,,13.780617209029671,50
hazard,sensor_drift_spoof,12,bayes_opt,ok,,13.780617209029671,50
hazard,sensor_drift_spoof,12,llm_bo,ok,,13.780617209029671,50
hazard,sensor_drift_spoof,11,random,ok,,10.098584542097115,50
hazard,sensor_drift_spoof,11,grid,ok,,10.098584542097115,50
hazard,sensor_drift_spoof,11,q_learning,ok,,10.098584542097115,50
hazard,sensor_drift_spoof,11,es,ok,,10.098584542097115,50
hazard,sensor_drift_spoof,11,bayes_opt,ok,,10.098584542097115,50
hazard,sensor_drift_spoof,11,llm_bo,ok,,10.098584542097115,50
hazard,masquerade,12,random,ok,2,-275.27638279097033,2
hazard,masquerade,12,grid,ok,1,-420.5443827909703,1
hazard,masquerade,12,q_learning,ok,1,-470.8533827909704,1
hazard,masquerade,12,es,ok,1,-224.85638279097031,1
hazard,masquerade,12,bayes_opt,ok,3,-16.081382790970324,3
hazard,masquerade,12,llm_bo,ok,1,-313.2333827909703,1
hazard,sensor_drift_spoof,10,random,ok,,20.91301268911117,50
hazard,sensor_drift_spoof,10,grid,ok,,20.91301268911117,50
hazard,sensor_drift_spoof,10,q_learning,ok,,20.91301268911117,50
hazard,sensor_drift_spoof,10,es,ok,,20.91301268911117,50
hazard,sensor_drift_spoof,10,bayes_opt,ok,,20.91301268911117,50
hazard,sensor_drift_spoof,10,llm_bo,ok,,20.91301268911117,50
hazard,masquerade,11,random,ok,2,-75.66441545790289,2
hazard,masquerade,11,grid,ok,5,-117.39441545790288,5
hazard,masquerade,11,q_learning,ok,2,-156.15741545790289,2
hazard,masquerade,11,es,ok,1,-49.60541545790289,1
hazard,masquerade,11,bayes_opt,ok,2,-202.06241545790286,2
hazard,masquerade,11,llm_bo,ok,1,-303.89441545790294,1
hazard,masquerade,13,random,ok,4,-96.34855903982802,4
hazard,masquerade,13,grid,ok,3,-394.7175590398281,3
hazard,masquerade,13,q_learning,ok,3,-136.293559039828,3
hazard,masquerade,13,es,ok,1,-86.380559039828,1
hazard,masquerade,13,bayes_opt,ok,4,-224.77855903982797,4
hazard,masquerade,13,llm_bo,ok,1,-257.33355903982795,1
hazard,masquerade,14,random,ok,1,-275.66316414325695,1
hazard,masquerade,14,grid,ok,2,-487.52116414325695,2
hazard,masquerade,14,q_learning,ok,1,-187.55016414325695,1
hazard,masquerade,14,es,ok,3,-91.28416414325693,3
hazard,masquerade,14,bayes_opt,ok,2,-295.0631641432569,2
hazard,masquerade,14,llm_bo,ok,1,-238.02016414325692,1
hazard,masquerade,17,random,ok,1,-186.42960197864437,1
hazard,masquerade,17,grid,ok,2,-497.00960197864435,2
hazard,masquerade,17,q_learning,ok,2,-156.07660197864436,2
hazard,masquerade,17,es,ok,1,-290.0506019786444,1
hazard,masquerade,17,bayes_opt,ok,1,-287.1296019786444,1
hazard,masquerade,17,llm_bo,ok,1,-345.1636019786444,1
hazard,masquerade,16,random,ok,2,-276.7592004138446,2
hazard,masquerade,16,grid,ok,1,-414.29620041384464,1
hazard,masquerade,16,q_learning,ok,1,-379.94520041384465,1
hazard,masquerade,16,es,ok,1,-165.19020041384468,1
hazard,masquerade,16,bayes_opt,ok,1,-337.67620041384464,1
hazard,masquerade,16,llm_bo,ok,1,-289.9282004138447,1
hazard,sensor_drift_spoof,13,random,ok,,76.489440960172,50
hazard,sensor_drift_spoof,13,grid,ok,,76.489440960172,50
hazard,sensor_drift_spoof,13,q_learning,ok,,76.489440960172,50
hazard,sensor_drift_spoof,13,es,ok,,76.489440960172,50
hazard,sensor_drift_spoof,13,bayes_opt,ok,,76.489440960172,50
hazard,sensor_drift_spoof,13,llm_bo,ok,,76.489440960172,50
hazard,gateway_delay,1,random,ok,1,-15.788214932796294,1
hazard,gateway_delay,1,grid,ok,4,-27.388214932796288,4
hazard,gateway_delay,1,q_learning,ok,1,-50.60221493279629,1
hazard,gateway_delay,1,es,ok,3,-13.2002149327963,3
hazard,gateway_delay,1,bayes_opt,ok,2,-3.6532149327963026,2
hazard,gateway_delay,1,llm_bo,ok,1,-104.7252149327963,1
hazard,masquerade,19,random,ok,1,-165.67726809429533,1
hazard,masquerade,19,grid,ok,2,-468.2722680942953,2
hazard,masquerade,19,q_learning,ok,3,-79.54326809429534,3
hazard,masquerade,19,es,ok,2,-201.47226809429534,2
hazard,masquerade,19,bayes_opt,ok,3,-169.82726809429536,3
hazard,masquerade,19,llm_bo,ok,1,-312.84426809429533,1
hazard,gateway_delay,0,random,ok,1,-49.613322113746364,1
hazard,gateway_delay,0,grid,ok,2,-117.34832211374635,2
hazard,gateway_delay,0,q_learning,ok,6,-145.22032211374636,6
hazard,gateway_delay,0,es,ok,1,-6.9513221137463574,1
hazard,gateway_delay,0,bayes_opt,ok,4,-39.905322113746365,4
hazard,gateway_delay,0,llm_bo,ok,1,-89.89532211374637,1
hazard,sensor_drift_spoof,14,random,ok,,99.80083585674308,50
hazard,sensor_drift_spoof,14,grid,ok,,99.80083585674308,50
hazard,sensor_drift_spoof,14,q_learning,ok,,99.80083585674308,50
hazard,sensor_drift_spoof,14,es,ok,,99.80083585674308,50
hazard,sensor_drift_spoof,14,bayes_opt,ok,,99.80083585674308,50
hazard,sensor_drift_spoof,14,llm_bo,ok,,99.80083585674308,50
hazard,masquerade,18,random,ok,2,-215.2492260535824,2
hazard,masquerade,18,grid,ok,1,-270.5402260535824,1
hazard,masquerade,18,q_learning,ok,10,-221.57722605358236,10
hazard,masquerade,18,es,ok,5,-148.75722605358237,5
hazard,masquerade,18,bayes_opt,ok,3,-560.8802260535824,3
hazard,masquerade,18,llm_bo,ok,1,-218.72422605358236,1
hazard,gateway_delay,2,random,ok,1,-21.48846037496287,1
hazard,gateway_delay,2,grid,ok,1,-114.32646037496289,1
hazard,gateway_delay,2,q_learning,ok,1,-8.311460374962877,1
hazard,gateway_delay,2,es,ok,1,-44.19546037496286,1
hazard,gateway_delay,2,bayes_opt,ok,2,-82.88746037496287,2
hazard,gateway_delay,2,llm_bo,ok,1,-89.00446037496286,1
hazard,masquerade,15,random,ok,2,-260.8074718812966,2
hazard,masquerade,15,grid,ok,2,-378.19747188129656,2
hazard,masquerade,15,q_learning,ok,1,-90.68147188129652,1
hazard,masquerade,15,es,ok,23,-1.0524718812965546,23
hazard,masquerade,15,bayes_opt,ok,3,-151.79947188129657,3
hazard,masquerade,15,llm_bo,ok,1,-225.32247188129654,1
hazard,gateway_delay,5,random,ok,2,-59.92532981030605,2
hazard,gateway_delay,5,grid,ok,1,-5.249329810306065,1
hazard,gateway_delay,5,q_learning,ok,1,-2.463329810306064,1
hazard,gateway_delay,5,es,ok,1,-102.99332981030607,1
hazard,gateway_delay,5,bayes_opt,ok,1,-57.28832981030605,1
hazard,gateway_delay,5,llm_bo,ok,1,-128.61332981030608,1
hazard,gateway_delay,3,random,ok,2,-118.29351593941735,2
hazard,gateway_delay,3,grid,ok,1,-20.631515939417312,1
hazard,gateway_delay,3,q_learning,ok,1,-78.55851593941733,1
hazard,gateway_delay,3,es,ok,4,-0.7945159394173231,4
hazard,gateway_delay,3,bayes_opt,ok,2,-123.43451593941731,2
hazard,gateway_delay,3,llm_bo,ok,1,-97.47851593941732,1
hazard,gateway_delay,4,random,ok,15,-0.675069160468496,15
hazard,gateway_delay,4,grid,ok,3,-4.510069160468504,3
hazard,gateway_delay,4,q_learning,ok,3,-3.719069160468507,3
hazard,gateway_delay,4,es,ok,1,-47.409069160468476,1
hazard,gateway_delay,4,bayes_opt,ok,1,-41.45706916046851,1
hazard,gateway_delay,4,llm_bo,ok,1,-1.8670691604685032,1
hazard,gateway_delay,8,random,ok,11,-32.683811378245366,11
hazard,gateway_delay,8,grid,ok,2,-71.90081137824535,2
hazard,gateway_delay,8,q_learning,ok,2,-16.965811378245377,2
hazard,gateway_delay,8,es,ok,1,-55.760811378245364,1
hazard,gateway_delay,8,bayes_opt,ok,1,-14.641811378245364,1
hazard,gateway_delay,8,llm_bo,ok,1,-56.010811378245364,1
hazard,gateway_delay,11,random,ok,2,-74.59541545790287,2
hazard,gateway_delay,11,grid,ok,1,-41.94441545790289,1
hazard,gateway_delay,11,q_learning,ok,2,-92.85141545790287,2
hazard,gateway_delay,11,es,ok,1,-144.67441545790288,1
hazard,gateway_delay,11,bayes_opt,ok,3,-15.278415457902867,3
hazard,gateway_delay,11,llm_bo,ok,1,-107.67441545790288,1
hazard,gateway_delay,10,random,ok,1,-75.37898731088882,1
hazard,gateway_delay,10,grid,ok,2,-81.23498731088881,2
hazard,gateway_delay,10,q_learning,ok,1,-15.722987310888811,1
hazard,gateway_delay,10,es,ok,1,-140.14798731088882,1
hazard,gateway_delay,10,bayes_opt,ok,7,-94.30998731088883,7
hazard,gateway_delay,10,llm_bo,ok,1,-93.82598731088882,1
hazard,gateway_delay,12,random,ok,1,-98.43838279097032,1
hazard,gateway_delay,12,grid,ok,1,-145.02438279097032,1
hazard,gateway_delay,12,q_learning,ok,1,-20.510382790970326,1
hazard,gateway_delay,12,es,ok,1,-156.01338279097035,1
hazard,gateway_delay,12,bayes_opt,ok,1,-29.800382790970318,1
hazard,gateway_delay,12,llm_bo,ok,1,-123.43838279097032,1
hazard,sensor_drift_spoof,15,random,ok,,103.11052811870346,50
hazard,sensor_drift_spoof,15,grid,ok,,103.11052811870346,50
hazard,sensor_drift_spoof,15,q_learning,ok,,103.11052811870346,50
hazard,sensor_drift_spoof,15,es,ok,,103.11052811870346,50
hazard,sensor_drift_spoof,15,bayes_opt,ok,,103.11052811870346,50
hazard,sensor_drift_spoof,15,llm_bo,ok,,103.11052811870346,50
hazard,sensor_drift_spoof,19,random,ok,,30.206731905704657,50
hazard,sensor_drift_spoof,19,grid,ok,,30.206731905704657,50
hazard,sensor_drift_spoof,19,q_learning,ok,,30.206731905704657,50
hazard,sensor_drift_spoof,19,es,ok,,30.206731905704657,50
hazard,sensor_drift_spoof,19,bayes_opt,ok,,30.206731905704657,50
hazard,sensor_drift_spoof,19,llm_bo,ok,,30.206731905704657,50
hazard,gateway_delay,13,random,ok,1,-85.76455903982801,1
hazard,gateway_delay,13,grid,ok,1,-3.2815590398279824,1
hazard,gateway_delay,13,q_learning,ok,4,-93.35755903982798,4
hazard,gateway_delay,13,es,ok,1,-15.195559039827998,1
hazard,gateway_delay,13,bayes_opt,ok,11,-63.62255903982799,11
hazard,gateway_delay,13,llm_bo,ok,1,-50.50155903982798,1
hazard,gateway_delay,14,random,ok,2,-38.646164143256925,2
hazard,gateway_delay,14,grid,ok,1,-38.791164143256935,1
hazard,gateway_delay,14,q_learning,ok,3,-62.7661641432569,3
hazard,gateway_delay,14,es,ok,12,-73.35816414325694,12
hazard,gateway_delay,14,bayes_opt,ok,3,-21.67716414325693,3
hazard,gateway_delay,14,llm_bo,ok,1,-32.797164143256936,1
hazard,gateway_delay,9,random,ok,1,-9.715155143020212,1
hazard,gateway_delay,9,grid,ok,25,-40.386155143020204,25
hazard,gateway_delay,9,q_learning,ok,2,-48.08415514302018,2
hazard,gateway_delay,9,es,ok,10,-10.943155143020192,10
hazard,gateway_delay,9,bayes_opt,ok,1,-46.017155143020176,1
hazard,gateway_delay,9,llm_bo,ok,1,-8.81015514302021,1
hazard,gateway_delay,16,random,ok,5,-94.85320041384466,5
hazard,gateway_delay,16,grid,ok,2,-53.13920041384466,2
hazard,gateway_delay,16,q_learning,ok,1,-39.556200413844664,1
hazard,gateway_delay,16,es,ok,1,-101.39620041384467,1
hazard,gateway_delay,16,bayes_opt,ok,3,-112.52220041384467,3
hazard,gateway_delay,16,llm_bo,ok,1,-79.76520041384467,1
hazard,gateway_delay,17,random,ok,2,-5.848601978644382,2
hazard,gateway_delay,17,grid,ok,1,-174.91960197864438,1
hazard,gateway_delay,17,q_learning,ok,2,-5.848601978644382,2
hazard,gateway_delay,17,es,ok,1,-73.30960197864438,1
hazard,gateway_delay,17,bayes_opt,ok,2,-66.91460197864437,2
hazard,gateway_delay,17,llm_bo,ok,1,-150.80760197864436,1
hazard,gateway_delay,19,random,ok,5,-34.857268094295335,5
hazard,gateway_delay,19,grid,ok,3,-43.869268094295336,3
hazard,gateway_delay,19,q_learning,ok,1,-1.6472680942953417,1
hazard,gateway_delay,19,es,ok,1,-35.64626809429532,1
hazard,gateway_delay,19,bayes_opt,ok,1,-92.58626809429535,1
hazard,gateway_delay,19,llm_bo,ok,1,-114.87726809429535,1
hazard,sensor_drift_spoof,18,random,ok,,103.54377394641762,50
hazard,sensor_drift_spoof,18,grid,ok,,103.54377394641762,50
hazard,sensor_drift_spoof,18,q_learning,ok,,103.54377394641762,50
hazard,sensor_drift_spoof,18,es,ok,,103.54377394641762,50
hazard,sensor_drift_spoof,18,bayes_opt,ok,,103.54377394641762,50
hazard,sensor_drift_spoof,18,llm_bo,ok,,103.54377394641762,50
hazard,gateway_delay,7,random,ok,19,-21.27544525083877,19
hazard,gateway_delay,7,grid,ok,22,-39.72144525083877,22
hazard,gateway_delay,7,q_learning,ok,16,-42.42544525083878,16
hazard,gateway_delay,7,es,ok,4,-73.32444525083878,4
hazard,gateway_delay,7,bayes_opt,ok,1,-20.36444525083877,1
hazard,gateway_delay,7,llm_bo,ok,1,-19.649445250838795,1
hazard,gateway_delay,15,random,ok,13,-49.818471881296546,13
hazard,gateway_delay,15,grid,ok,4,-65.75847188129651,4
hazard,gateway_delay,15,q_learning,ok,15,-58.683471881296555,15
hazard,gateway_delay,15,es,ok,3,-17.661471881296535,3
hazard,gateway_delay,15,bayes_opt,ok,2,-83.80647188129652,2
hazard,gateway_delay,15,llm_bo,ok,1,-22.88847188129654,1
hazard,gateway_delay,6,random,ok,2,-116.26811540849039,2
hazard,gateway_delay,6,grid,ok,9,-32.97711540849039,9
hazard,gateway_delay,6,q_learning,ok,3,-23.424115408490394,3
hazard,gateway_delay,6,es,ok,,47.057884591509605,50
hazard,gateway_delay,6,bayes_opt,ok,1,-10.819115408490404,1
hazard,gateway_delay,6,llm_bo,ok,1,-92.30911540849038,1
hazard,gateway_delay,18,random,ok,2,-5.34822605358238,2
hazard,gateway_delay,18,grid,ok,6,-3.6782260535823923,6
hazard,gateway_delay,18,q_learning,ok,3,-32.133226053582376,3
hazard,gateway_delay,18,es,ok,6,-80.99322605358236,6
hazard,gateway_delay,18,bayes_opt,ok,12,-47.29922605358237,12
hazard,gateway_delay,18,llm_bo,ok,1,-32.13922605358238,1
hazard,jitter_injection,5,random,ok,7,-9.799329810306062,7
hazard,jitter_injection,5,grid,ok,7,-3.9723298103060642,7
hazard,jitter_injection,5,q_learning,ok,3,-23.352329810306074,3
hazard,jitter_injection,5,es,ok,1,-4.791329810306067,1
hazard,jitter_injection,5,bayes_opt,ok,1,-7.106329810306065,1
hazard,jitter_injection,5,llm_bo,ok,1,-37.888329810306075,1
hazard,jitter_injection,10,random,ok,17,-6.481987310888826,17
hazard,jitter_injection,10,grid,ok,50,-5.70098731088882,50
hazard,jitter_injection,10,q_learning,ok,5,-13.023987310888828,5
hazard,jitter_injection,10,es,ok,4,-8.617987310888822,4
hazard,jitter_injection,10,bayes_opt,ok,11,-5.854987310888816,11
hazard,jitter_injection,10,llm_bo,ok,1,-20.235987310888817,1
hazard,jitter_injection,11,random,ok,14,-13.85041545790287,14
hazard,jitter_injection,11,grid,ok,10,-6.303415457902872,10
hazard,jitter_injection,11,q_learning,ok,8,-11.435415457902877,8
hazard,jitter_injection,11,es,ok,7,-11.377415457902885,7
hazard,jitter_injection,11,bayes_opt,ok,23,-12.474415457902893,23
hazard,jitter_injection,11,llm_bo,ok,1,-16.555415457902882,1
hazard,jitter_injection,1,random,ok,,6.443785067203706,50
hazard,jitter_injection,1,grid,ok,,0.7067850672036968,50
hazard,jitter_injection,1,q_learning,ok,37,-17.872214932796297,37
hazard,jitter_injection,1,es,ok,11,-4.117214932796301,11
hazard,jitter_injection,1,bayes_opt,ok,4,-3.651214932796293,4
hazard,jitter_injection,1,llm_bo,ok,19,-8.028214932796303,19
hazard,jitter_injection,12,random,ok,1,-0.4713827909703241,1
hazard,jitter_injection,12,grid,ok,12,-3.516382790970326,12
hazard,jitter_injection,12,q_learning,ok,24,-9.066382790970323,24
hazard,jitter_injection,12,es,ok,1,-16.74738279097032,1
hazard,jitter_injection,12,bayes_opt,ok,8,-0.38938279097033046,8
hazard,jitter_injection,12,llm_bo,ok,1,-20.061382790970313,1
hazard,jitter_injection,0,random,ok,,0.008677886253650513,50
hazard,jitter_injection,0,grid,ok,6,-5.974322113746354,6
hazard,jitter_injection,0,q_learning,ok,,1.8126778862536526,50
hazard,jitter_injection,0,es,ok,,3.1536778862536323,50
hazard,jitter_injection,0,bayes_opt,ok,30,-2.88432211374635,30
hazard,jitter_injection,0,llm_bo,ok,,3.7576778862536457,50
hazard,jitter_injection,2,random,ok,,12.285539625037131,50
hazard,jitter_injection,2,grid,ok,,20.159539625037127,50
hazard,jitter_injection,2,q_learning,ok,,8.143539625037135,50
hazard,jitter_injection,2,es,ok,,3.2245396250371243,50
hazard,jitter_injection,2,bayes_opt,ok,,4.800539625037118,50
hazard,jitter_injection,2,llm_bo,ok,1,-0.6174603749628602,1
hazard,jitter_injection,6,random,ok,16,-7.7941154084903985,16
hazard,jitter_injection,6,grid,ok,,26.435884591509605,50
hazard,jitter_injection,6,q_learning,ok,,8.861884591509607,50
hazard,jitter_injection,6,es,ok,,47.057884591509605,50
hazard,jitter_injection,6,bayes_opt,ok,,3.0648845915096103,50
hazard,jitter_injection,6,llm_bo,ok,,3.054884591509591,50
hazard,jitter_injection,17,random,ok,2,-5.848601978644382,2
hazard,jitter_injection,17,grid,ok,1,-25.871601978644378,1
hazard,jitter_injection,17,q_learning,ok,2,-5.848601978644382,2
hazard,jitter_injection,17,es,ok,1,-32.97060197864438,1
hazard,jitter_injection,17,bayes_opt,ok,2,-26.453601978644386,2
hazard,jitter_injection,17,llm_bo,ok,1,-44.048601978644385,1
hazard,jitter_injection,3,random,ok,,7.651484060582675,50
hazard,jitter_injection,3,grid,ok,,16.830484060582677,50
hazard,jitter_injection,3,q_learning,ok,,9.510484060582684,50
hazard,jitter_injection,3,es,ok,,16.67048406058268,50
hazard,jitter_injection,3,bayes_opt,ok,,7.9194840605826755,50
hazard,jitter_injection,3,llm_bo,ok,,1.4884840605826923,50
hazard,jitter_injection,4,random,ok,,96.3009308395315,50
hazard,jitter_injection,4,grid,ok,,91.1329308395315,50
hazard,jitter_injection,4,q_learning,ok,,83.4009308395315,50
hazard,jitter_injection,4,es,ok,,80.73193083953151,50
hazard,jitter_injection,4,bayes_opt,ok,,82.07193083953149,50
hazard,jitter_injection,4,llm_bo,ok,,81.95193083953151,50
hazard,jitter_injection,7,random,ok,,89.33255474916122,50
hazard,jitter_injection,7,grid,ok,,91.50255474916122,50
hazard,jitter_injection,7,q_learning,ok,,90.92555474916122,50
hazard,jitter_injection,7,es,ok,,69.62055474916122,50
hazard,jitter_injection,7,bayes_opt,ok,,70.62155474916122,50
hazard,jitter_injection,7,llm_bo,ok,,78.21655474916122,50
hazard,jitter_injection,9,random,ok,,68.27184485697981,50
hazard,jitter_injection,9,grid,ok,,89.2788448569798,50
hazard,jitter_injection,9,q_learning,ok,,77.30284485697979,50
hazard,jitter_injection,9,es,ok,,72.27184485697981,50
hazard,jitter_injection,9,bayes_opt,ok,,75.6848448569798,50
hazard,jitter_injection,9,llm_bo,ok,,75.13584485697979,50
hazard,jitter_injection,8,random,ok,,44.48218862175463,50
hazard,jitter_injection,8,grid,ok,,47.54318862175464,50
hazard,jitter_injection,8,q_learning,ok,,34.99018862175464,50
hazard,jitter_injection,8,es,ok,,29.49818862175465,50
hazard,jitter_injection,8,bayes_opt,ok,,25.06518862175463,50
hazard,jitter_injection,8,llm_bo,ok,,34.991188621754645,50
hazard,jitter_injection,19,random,ok,9,-10.22726809429534,9
hazard,jitter_injection,19,grid,ok,12,-2.5562680942953335,12
hazard,jitter_injection,19,q_learning,ok,5,-5.686268094295329,5
hazard,jitter_injection,19,es,ok,8,-3.1952680942953293,8
hazard,jitter_injection,19,bayes_opt,ok,10,-10.912268094295342,10
hazard,jitter_injection,19,llm_bo,ok,1,-7.617268094295341,1
hazard,jitter_injection,13,random,ok,,42.239440960172004,50
hazard,jitter_injection,13,grid,ok,,48.23144096017201,50
hazard,jitter_injection,13,q_learning,ok,,42.37744096017201,50
hazard,jitter_injection,13,es,ok,,32.726440960172,50
hazard,jitter_injection,13,bayes_opt,ok,,32.77044096017201,50
hazard,jitter_injection,13,llm_bo,ok,,31.680440960172007,50
hazard,jitter_injection,14,random,ok,,71.38883585674307,50
hazard,jitter_injection,14,grid,ok,,86.19783585674308,50
hazard,jitter_injection,14,q_learning,ok,,62.15283585674308,50
hazard,jitter_injection,14,es,ok,,58.61683585674308,50
hazard,jitter_injection,14,bayes_opt,ok,,59.85483585674308,50
hazard,jitter_injection,14,llm_bo,ok,,57.44983585674308,50
hazard,jitter_injection,15,random,ok,,58.95252811870347,50
hazard,jitter_injection,15,grid,ok,,65.12852811870346,50
hazard,jitter_injection,15,q_learning,ok,,63.334528118703446,50
hazard,jitter_injection,15,es,ok,,56.11652811870346,50
hazard,jitter_injection,15,bayes_opt,ok,,42.69652811870347,50
hazard,jitter_injection,15,llm_bo,ok,,63.17152811870346,50
hazard,jitter_injection,16,random,ok,,17.64279958615535,50
hazard,jitter_injection,16,grid,ok,,29.594799586155347,50
hazard,jitter_injection,16,q_learning,ok,,14.66879958615533,50
hazard,jitter_injection,16,es,ok,,5.863799586155352,50
hazard,jitter_injection,16,bayes_opt,ok,,5.442799586155331,50
hazard,jitter_injection,16,llm_bo,ok,,10.748799586155343,50
hazard,jitter_injection,18,random,ok,,65.2377739464176,50
hazard,jitter_injection,18,grid,ok,,78.45077394641761,50
hazard,jitter_injection,18,q_learning,ok,,71.73377394641761,50
hazard,jitter_injection,18,es,ok,,49.29177394641761,50
hazard,jitter_injection,18,bayes_opt,ok,,65.2437739464176,50
hazard,jitter_injection,18,llm_bo,ok,,67.85877394641761,50
stealth,dos_flood,4,random,ok,,129.2829308395315,50
stealth,dos_flood,4,grid,ok,,125.5969308395315,50
stealth,dos_flood,4,q_learning,ok,,132.4739308395315,50
stealth,dos_flood,4,es,ok,,127.93593083953151,50
stealth,dos_flood,4,bayes_opt,ok,,127.9849308395315,50
stealth,dos_flood,4,llm_bo,ok,,127.93593083953151,50
stealth,dos_flood,3,random,ok,,55.80448406058268,50
stealth,dos_flood,3,grid,ok,,52.895484060582675,50
stealth,dos_flood,3,q_learning,ok,,56.692484060582686,50
stealth,dos_flood,3,es,ok,,49.24448406058268,50
stealth,dos_flood,3,bayes_opt,ok,,49.24448406058268,50
stealth,dos_flood,3,llm_bo,ok,,52.273484060582675,50
stealth,dos_flood,2,random,ok,,51.238539625037134,50
stealth,dos_flood,2,grid,ok,,50.140539625037135,50
stealth,dos_flood,2,q_learning,ok,,59.44053962503713,50
stealth,dos_flood,2,es,ok,,48.34153962503713,50
stealth,dos_flood,2,bayes_opt,ok,,49.56853962503713,50
stealth,dos_flood,2,llm_bo,ok,,47.07053962503713,50
stealth,dos_flood,1,random,ok,,41.515785067203694,50
stealth,dos_flood,1,grid,ok,,37.84578506720371,50
stealth,dos_flood,1,q_learning,ok,,41.2227850672037,50
stealth,dos_flood,1,es,ok,,37.84578506720371,50
stealth,dos_flood,1,bayes_opt,ok,,37.84578506720371,50
stealth,dos_flood,1,llm_bo,ok,,35.60778506720369,50
stealth,dos_flood,0,random,ok,,50.594677886253635,50
stealth,dos_flood,0,grid,ok,,53.55067788625364,50
stealth,dos_flood,0,q_learning,ok,,49.704677886253634,50
stealth,dos_flood,0,es,ok,,49.704677886253634,50
stealth,dos_flood,0,bayes_opt,ok,,49.704677886253634,50
stealth,dos_flood,0,llm_bo,ok,,50.594677886253635,50
stealth,dos_flood,6,random,ok,,54.6188845915096,50
stealth,dos_flood,6,grid,ok,,50.667884591509605,50
stealth,dos_flood,6,q_learning,ok,,50.9498845915096,50
stealth,dos_flood,6,es,ok,,47.057884591509605,50
stealth,dos_flood,6,bayes_opt,ok,,47.057884591509605,50
stealth,dos_flood,6,llm_bo,ok,,47.057884591509605,50
stealth,dos_flood,9,random,ok,,128.0248448569798,50
stealth,dos_flood,9,grid,ok,,128.0248448569798,50
stealth,dos_flood,9,q_learning,ok,,128.5608448569798,50
stealth,dos_flood,9,es,ok,,122.7928448569798,50
stealth,dos_flood,9,bayes_opt,ok,,117.3668448569798,50
stealth,dos_flood,9,llm_bo,ok,,117.3668448569798,50
stealth,dos_flood,7,random,ok,,128.13955474916122,50
stealth,dos_flood,7,grid,ok,,125.93655474916122,50
stealth,dos_flood,7,q_learning,ok,,122.08055474916122,50
stealth,dos_flood,7,es,ok,,120.77955474916122,50
stealth,dos_flood,7,bayes_opt,ok,,122.08055474916122,50
stealth,dos_flood,7,llm_bo,ok,,122.08055474916122,50
stealth,dos_flood,5,random,ok,,16.98067018969394,50
stealth,dos_flood,5,grid,ok,,14.858670189693939,50
stealth,dos_flood,5,q_learning,ok,,14.858670189693939,50
stealth,dos_flood,5,es,ok,,14.298670189693937,50
stealth,dos_flood,5,bayes_opt,ok,,14.298670189693937,50
stealth,dos_flood,5,llm_bo,ok,,15.77267018969394,50
stealth,dos_flood,8,random,ok,,89.42318862175463,50
stealth,dos_flood,8,grid,ok,,88.66118862175463,50
stealth,dos_flood,8,q_learning,ok,,86.76318862175464,50
stealth,dos_flood,8,es,ok,,81.79618862175464,50
stealth,dos_flood,8,bayes_opt,ok,,80.19418862175463,50
stealth,dos_flood,8,llm_bo,ok,,80.19418862175463,50
stealth,dos_flood,17,random,ok,19,-0.5006019786443829,19
stealth,dos_flood,17,grid,ok,,0.46239802135562513,50
stealth,dos_flood,17,q_learning,ok,,1.0543980213556239,50
stealth,dos_flood,17,es,ok,16,-0.47160197864437237,16
stealth,dos_flood,17,bayes_opt,ok,16,-0.47160197864437237,16
stealth,dos_flood,17,llm_bo,ok,16,-0.47160197864437237,16
stealth,dos_flood,13,random,ok,,76.489440960172,50
stealth,dos_flood,13,grid,ok,,81.60144096017201,50
stealth,dos_flood,13,q_learning,ok,,90.09144096017201,50
stealth,dos_flood,13,es,ok,,77.04444096017201,50
stealth,dos_flood,13,bayes_opt,ok,,84.641440960172,50
stealth,dos_flood,13,llm_bo,ok,,76.489440960172,50
stealth,dos_flood,10,random,ok,,28.125012689111173,50
stealth,dos_flood,10,grid,ok,,36.435012689111176,50
stealth,dos_flood,10,q_learning,ok,,28.94501268911118,50
stealth,dos_flood,10,es,ok,,28.125012689111173,50
stealth,dos_flood,10,bayes_opt,ok,,28.125012689111173,50
stealth,dos_flood,10,llm_bo,ok,,34.20201268911117,50
stealth,dos_flood,12,random,ok,,29.37761720902968,50
stealth,dos_flood,12,grid,ok,,22.069617209029673,50
stealth,dos_flood,12,q_learning,ok,,13.780617209029671,50
stealth,dos_flood,12,es,ok,,13.780617209029671,50
stealth,dos_flood,12,bayes_opt,ok,,13.780617209029671,50
stealth,dos_flood,12,llm_bo,ok,,20.99961720902968,50
stealth,dos_flood,14,random,ok,,105.27983585674308,50
stealth,dos_flood,14,grid,ok,,106.04883585674308,50
stealth,dos_flood,14,q_learning,ok,,106.07683585674307,50
stealth,dos_flood,14,es,ok,,105.27983585674308,50
stealth,dos_flood,14,bayes_opt,ok,,106.07683585674307,50
stealth,dos_flood,14,llm_bo,ok,,107.54583585674308,50
stealth,dos_flood,15,random,ok,,104.20052811870346,50
stealth,dos_flood,15,grid,ok,,109.20752811870346,50
stealth,dos_flood,15,q_learning,ok,,103.11052811870346,50
stealth,dos_flood,15,es,ok,,103.11052811870346,50
stealth,dos_flood,15,bayes_opt,ok,,109.20752811870346,50
stealth,dos_flood,15,llm_bo,ok,,103.11052811870346,50
stealth,dos_flood,18,random,ok,,123.93177394641762,50
stealth,dos_flood,18,grid,ok,,103.54377394641762,50
stealth,dos_flood,18,q_learning,ok,,120.29277394641761,50
stealth,dos_flood,18,es,ok,,119.62077394641761,50
stealth,dos_flood,18,bayes_opt,ok,,115.79477394641762,50
stealth,dos_flood,18,llm_bo,ok,,115.79477394641762,50
stealth,dos_flood,19,random,ok,,33.01073190570466,50
stealth,dos_flood,19,grid,ok,,30.206731905704657,50
stealth,dos_flood,19,q_learning,ok,,31.499731905704664,50
stealth,dos_flood,19,es,ok,,30.206731905704657,50
stealth,dos_flood,19,bayes_opt,ok,,30.206731905704657,50
stealth,dos_flood,19,llm_bo,ok,,30.206731905704657,50
stealth,dos_flood,11,random,ok,,32.606584542097124,50
stealth,dos_flood,11,grid,ok,,31.791584542097112,50
stealth,dos_flood,11,q_learning,ok,,31.791584542097112,50
stealth,dos_flood,11,es,ok,,28.90958454209712,50
stealth,dos_flood,11,bayes_opt,ok,,29.98658454209712,50
stealth,dos_flood,11,llm_bo,ok,,28.90958454209712,50
stealth,priority_abuse,0,random,ok,,50.594677886253635,50
stealth,priority_abuse,0,grid,ok,,53.55067788625364,50
stealth,priority_abuse,0,q_learning,ok,,49.704677886253634,50
stealth,priority_abuse,0,es,ok,,49.704677886253634,50
stealth,priority_abuse,0,bayes_opt,ok,,49.704677886253634,50
stealth,priority_abuse,0,llm_bo,ok,,49.704677886253634,50
stealth,priority_abuse,1,random,ok,,41.515785067203694,50
stealth,priority_abuse,1,grid,ok,,37.84578506720371,50
stealth,priority_abuse,1,q_learning,ok,,41.2227850672037,50
stealth,priority_abuse,1,es,ok,,37.84578506720371,50
stealth,priority_abuse,1,bayes_opt,ok,,37.84578506720371,50
stealth,priority_abuse,1,llm_bo,ok,,37.84578506720371,50
stealth,priority_abuse,2,random,ok,,51.238539625037134,50
stealth,priority_abuse,2,grid,ok,,50.140539625037135,50
stealth,priority_abuse,2,q_learning,ok,,59.44053962503713,50
stealth,priority_abuse,2,es,ok,,48.34153962503713,50
stealth,priority_abuse,2,bayes_opt,ok,,49.56853962503713,50
stealth,priority_abuse,2,llm_bo,ok,,47.07053962503713,50
stealth,priority_abuse,3,random,ok,,55.80448406058268,50
stealth,priority_abuse,3,grid,ok,,52.895484060582675,50
stealth,priority_abuse,3,q_learning,ok,,56.692484060582686,50
stealth,priority_abuse,3,es,ok,,56.21248406058268,50
stealth,priority_abuse,3,bayes_opt,ok,,49.24448406058268,50
stealth,priority_abuse,3,llm_bo,ok,,49.24448406058268,50
stealth,priority_abuse,4,random,ok,,129.2829308395315,50
stealth,priority_abuse,4,grid,ok,,125.5969308395315,50
stealth,priority_abuse,4,q_learning,ok,,132.4739308395315,50
stealth,priority_abuse,4,es,ok,,127.93593083953151,50
stealth,priority_abuse,4,bayes_opt,ok,,127.93593083953151,50
stealth,priority_abuse,4,llm_bo,ok,,127.93593083953151,50
stealth,priority_abuse,6,random,ok,,54.6188845915096,50
stealth,priority_abuse,6,grid,ok,,50.667884591509605,50
stealth,priority_abuse,6,q_learning,ok,,50.9498845915096,50
stealth,priority_abuse,6,es,ok,,47.057884591509605,50
stealth,priority_abuse,6,bayes_opt,ok,,47.057884591509605,50
stealth,priority_abuse,6,llm_bo,ok,,47.057884591509605,50
stealth,priority_abuse,7,random,ok,,128.13955474916122,50
stealth,priority_abuse,7,grid,ok,,125.93655474916122,50
stealth,priority_abuse,7,q_learning,ok,,122.08055474916122,50
stealth,priority_abuse,7,es,ok,,120.77955474916122,50
stealth,priority_abuse,7,bayes_opt,ok,,122.08055474916122,50
stealth,priority_abuse,7,llm_bo,ok,,120.77955474916122,50
stealth,priority_abuse,5,random,ok,,16.523670189693945,50
stealth,priority_abuse,5,grid,ok,,14.858670189693939,50
stealth,priority_abuse,5,q_learning,ok,,14.858670189693939,50
stealth,priority_abuse,5,es,ok,,14.298670189693937,50
stealth,priority_abuse,5,bayes_opt,ok,,14.298670189693937,50
stealth,priority_abuse,5,llm_bo,ok,,14.298670189693937,50
stealth,dos_flood,16,random,ok,,67.06679958615534,50
stealth,dos_flood,16,grid,ok,,54.57479958615535,50
stealth,dos_flood,16,q_learning,ok,,63.12079958615534,50
stealth,dos_flood,16,es,ok,,63.12079958615534,50
stealth,dos_flood,16,bayes_opt,ok,,59.51279958615534,50
stealth,dos_flood,16,llm_bo,ok,,54.57479958615535,50
stealth,priority_abuse,8,random,ok,,89.42318862175463,50
stealth,priority_abuse,8,grid,ok,,88.66118862175463,50
stealth,priority_abuse,8,q_learning,ok,,86.76318862175464,50
stealth,priority_abuse,8,es,ok,,81.79618862175464,50
stealth,priority_abuse,8,bayes_opt,ok,,81.79618862175464,50
stealth,priority_abuse,8,llm_bo,ok,,81.79618862175464,50
stealth,priority_abuse,9,random,ok,,128.0248448569798,50
stealth,priority_abuse,9,grid,ok,,128.0248448569798,50
stealth,priority_abuse,9,q_learning,ok,,128.5608448569798,50
stealth,priority_abuse,9,es,ok,,122.7928448569798,50
stealth,priority_abuse,9,bayes_opt,ok,,120.3668448569798,50
stealth,priority_abuse,9,llm_bo,ok,,117.3668448569798,50
stealth,priority_abuse,17,random,ok,19,-0.5006019786443829,19
stealth,priority_abuse,17,grid,ok,19,-0.5006019786443829,19
stealth,priority_abuse,17,q_learning,ok,,1.0543980213556239,50
stealth,priority_abuse,17,es,ok,16,-0.47160197864437237,16
stealth,priority_abuse,17,bayes_opt,ok,16,-0.47160197864437237,16
stealth,priority_abuse,17,llm_bo,ok,16,-0.47160197864437237,16
stealth,priority_abuse,10,random,ok,,28.125012689111173,50
stealth,priority_abuse,10,grid,ok,,36.435012689111176,50
stealth,priority_abuse,10,q_learning,ok,,28.94501268911118,50
stealth,priority_abuse,10,es,ok,,28.125012689111173,50
stealth,priority_abuse,10,bayes_opt,ok,,35.03401268911118,50
stealth,priority_abuse,10,llm_bo,ok,,28.125012689111173,50
stealth,priority_abuse,11,random,ok,,32.606584542097124,50
stealth,priority_abuse,11,grid,ok,,31.791584542097112,50
stealth,priority_abuse,11,q_learning,ok,,31.791584542097112,50
stealth,priority_abuse,11,es,ok,,28.90958454209712,50
stealth,priority_abuse,11,bayes_opt,ok,,29.98658454209712,50
stealth,priority_abuse,11,llm_bo,ok,,28.90958454209712,50
stealth,priority_abuse,12,random,ok,,29.37761720902968,50
stealth,priority_abuse,12,grid,ok,,22.069617209029673,50
stealth,priority_abuse,12,q_learning,ok,,13.780617209029671,50
stealth,priority_abuse,12,es,ok,,13.780617209029671,50
stealth,priority_abuse,12,bayes_opt,ok,,13.780617209029671,50
stealth,priority_abuse,12,llm_bo,ok,,13.780617209029671,50
stealth,priority_abuse,13,random,ok,,76.489440960172,50
stealth,priority_abuse,13,grid,ok,,81.60144096017201,50
stealth,priority_abuse,13,q_learning,ok,,90.09144096017201,50
stealth,priority_abuse,13,es,ok,,77.04444096017201,50
stealth,priority_abuse,13,bayes_opt,ok,,83.99344096017201,50
stealth,priority_abuse,13,llm_bo,ok,,76.489440960172,50
stealth,priority_abuse,14,random,ok,,105.27983585674308,50
stealth,priority_abuse,14,grid,ok,,105.77283585674307,50
stealth,priority_abuse,14,q_learning,ok,,106.07683585674307,50
stealth,priority_abuse,14,es,ok,,105.27983585674308,50
stealth,priority_abuse,14,bayes_opt,ok,,106.07683585674307,50
stealth,priority_abuse,14,llm_bo,ok,,106.07683585674307,50
stealth,priority_abuse,15,random,ok,,104.20052811870346,50
stealth,priority_abuse,15,grid,ok,,109.20752811870346,50
stealth,priority_abuse,15,q_learning,ok,,103.11052811870346,50
stealth,priority_abuse,15,es,ok,,103.11052811870346,50
stealth,priority_abuse,15,bayes_opt,ok,,109.20752811870346,50
stealth,priority_abuse,15,llm_bo,ok,,103.11052811870346,50
stealth,priority_abuse,16,random,ok,,67.06679958615534,50
stealth,priority_abuse,16,grid,ok,,54.57479958615535,50
stealth,priority_abuse,16,q_learning,ok,,63.12079958615534,50
stealth,priority_abuse,16,es,ok,,63.12079958615534,50
stealth,priority_abuse,16,bayes_opt,ok,,59.51279958615534,50
stealth,priority_abuse,16,llm_bo,ok,,54.57479958615535,50
stealth,priority_abuse,18,random,ok,,123.93177394641762,50
stealth,priority_abuse,18,grid,ok,,103.54377394641762,50
stealth,priority_abuse,18,q_learning,ok,,120.29277394641761,50
stealth,priority_abuse,18,es,ok,,119.62077394641761,50
stealth,priority_abuse,18,bayes_opt,ok,,113.14477394641762,50
stealth,priority_abuse,18,llm_bo,ok,,103.54377394641762,50
stealth,priority_abuse,19,random,ok,,33.01073190570466,50
stealth,priority_abuse,19,grid,ok,,30.206731905704657,50
stealth,priority_abuse,19,q_learning,ok,,31.499731905704664,50
stealth,priority_abuse,19,es,ok,,30.206731905704657,50
stealth,priority_abuse,19,bayes_opt,ok,,30.206731905704657,50
stealth,priority_abuse,19,llm_bo,ok,,30.206731905704657,50
stealth,low_slow_dos,0,random,ok,,53.847677886253635,50
stealth,low_slow_dos,0,grid,ok,,50.594677886253635,50
stealth,low_slow_dos,0,q_learning,ok,,52.89867788625364,50
stealth,low_slow_dos,0,es,ok,,49.704677886253634,50
stealth,low_slow_dos,0,bayes_opt,ok,,49.704677886253634,50
stealth,low_slow_dos,0,llm_bo,ok,,49.704677886253634,50
stealth,low_slow_dos,1,random,ok,,35.60778506720369,50
stealth,low_slow_dos,1,grid,ok,,37.10778506720369,50
stealth,low_slow_dos,1,q_learning,ok,,41.515785067203694,50
stealth,low_slow_dos,1,es,ok,,37.84578506720371,50
stealth,low_slow_dos,1,bayes_opt,ok,,37.84578506720371,50
stealth,low_slow_dos,1,llm_bo,ok,,37.84578506720371,50
stealth,low_slow_dos,2,random,ok,,53.515539625037135,50
stealth,low_slow_dos,2,grid,ok,,58.474539625037124,50
stealth,low_slow_dos,2,q_learning,ok,,55.70053962503714,50
stealth,low_slow_dos,2,es,ok,,47.07053962503713,50
stealth,low_slow_dos,2,bayes_opt,ok,,47.07053962503713,50
stealth,low_slow_dos,2,llm_bo,ok,,47.07053962503713,50
stealth,low_slow_dos,4,random,ok,,129.2829308395315,50
stealth,low_slow_dos,4,grid,ok,,125.5969308395315,50
stealth,low_slow_dos,4,q_learning,ok,,127.93593083953151,50
stealth,low_slow_dos,4,es,ok,,127.93593083953151,50
stealth,low_slow_dos,4,bayes_opt,ok,,127.9849308395315,50
stealth,low_slow_dos,4,llm_bo,ok,,127.93593083953151,50
stealth,low_slow_dos,3,random,ok,,54.60048406058269,50
stealth,low_slow_dos,3,grid,ok,,61.002484060582674,50
stealth,low_slow_dos,3,q_learning,ok,,56.50948406058268,50
stealth,low_slow_dos,3,es,ok,,49.24448406058268,50
stealth,low_slow_dos,3,bayes_opt,ok,,49.24448406058268,50
stealth,low_slow_dos,3,llm_bo,ok,,52.895484060582675,50
stealth,low_slow_dos,5,random,ok,,14.858670189693939,50
stealth,low_slow_dos,5,grid,ok,,18.29167018969393,50
stealth,low_slow_dos,5,q_learning,ok,,21.00467018969394,50
stealth,low_slow_dos,5,es,ok,,14.298670189693937,50
stealth,low_slow_dos,5,bayes_opt,ok,,17.93367018969394,50
stealth,low_slow_dos,5,llm_bo,ok,,15.77267018969394,50
stealth,low_slow_dos,6,random,ok,,54.668884591509595,50
stealth,low_slow_dos,6,grid,ok,,50.667884591509605,50
stealth,low_slow_dos,6,q_learning,ok,,58.692884591509596,50
stealth,low_slow_dos,6,es,ok,,47.057884591509605,50
stealth,low_slow_dos,6,bayes_opt,ok,,50.9498845915096,50
stealth,low_slow_dos,6,llm_bo,ok,,50.667884591509605,50
stealth,low_slow_dos,7,random,ok,,123.94655474916122,50
stealth,low_slow_dos,7,grid,ok,,128.13955474916122,50
stealth,low_slow_dos,7,q_learning,ok,,128.18455474916124,50
stealth,low_slow_dos,7,es,ok,,122.08055474916122,50
stealth,low_slow_dos,7,bayes_opt,ok,,120.77955474916122,50
stealth,low_slow_dos,7,llm_bo,ok,,120.77955474916122,50
stealth,low_slow_dos,8,random,ok,,83.16318862175464,50
stealth,low_slow_dos,8,grid,ok,,90.69618862175463,50
stealth,low_slow_dos,8,q_learning,ok,,73.57618862175464,50
stealth,low_slow_dos,8,es,ok,,81.79618862175464,50
stealth,low_slow_dos,8,bayes_opt,ok,,72.18918862175464,50
stealth,low_slow_dos,8,llm_bo,ok,,80.19418862175463,50
stealth,low_slow_dos,9,random,ok,,122.3258448569798,50
stealth,low_slow_dos,9,grid,ok,,128.5608448569798,50
stealth,low_slow_dos,9,q_learning,ok,,128.5608448569798,50
stealth,low_slow_dos,9,es,ok,,117.3668448569798,50
stealth,low_slow_dos,9,bayes_opt,ok,,122.3258448569798,50
stealth,low_slow_dos,9,llm_bo,ok,,117.3668448569798,50
stealth,low_slow_dos,10,random,ok,,37.26301268911118,50
stealth,low_slow_dos,10,grid,ok,,44.64201268911117,50
stealth,low_slow_dos,10,q_learning,ok,,36.33001268911117,50
stealth,low_slow_dos,10,es,ok,,28.125012689111173,50
stealth,low_slow_dos,10,bayes_opt,ok,,34.20201268911117,50
stealth,low_slow_dos,10,llm_bo,ok,,28.125012689111173,50
stealth,low_slow_dos,17,random,ok,16,-0.47160197864437237,16
stealth,low_slow_dos,17,grid,ok,,8.796398021355614,50
stealth,low_slow_dos,17,q_learning,ok,,0.1543980213556182,50
stealth,low_slow_dos,17,es,ok,16,-0.47160197864437237,16
stealth,low_slow_dos,17,bayes_opt,ok,16,-0.47160197864437237,16
stealth,low_slow_dos,17,llm_bo,ok,16,-0.47160197864437237,16
stealth,low_slow_dos,11,random,ok,,33.767584542097126,50
stealth,low_slow_dos,11,grid,ok,,38.39958454209712,50
stealth,low_slow_dos,11,q_learning,ok,,28.90958454209712,50
stealth,low_slow_dos,11,es,ok,,29.98658454209712,50
stealth,low_slow_dos,11,bayes_opt,ok,,28.90958454209712,50
stealth,low_slow_dos,11,llm_bo,ok,,28.90958454209712,50
stealth,low_slow_dos,13,random,ok,,90.09144096017201,50
stealth,low_slow_dos,13,grid,ok,,91.176440960172,50
stealth,low_slow_dos,13,q_learning,ok,,82.840440960172,50
stealth,low_slow_dos,13,es,ok,,81.60144096017201,50
stealth,low_slow_dos,13,bayes_opt,ok,,76.489440960172,50
stealth,low_slow_dos,13,llm_bo,ok,,76.489440960172,50
stealth,low_slow_dos,14,random,ok,,107.54583585674308,50
stealth,low_slow_dos,14,grid,ok,,114.19383585674308,50
stealth,low_slow_dos,14,q_learning,ok,,105.64983585674308,50
stealth,low_slow_dos,14,es,ok,,105.27983585674308,50
stealth,low_slow_dos,14,bayes_opt,ok,,106.07683585674307,50
stealth,low_slow_dos,14,llm_bo,ok,,106.07683585674307,50
stealth,low_slow_dos,12,random,ok,,21.358617209029674,50
stealth,low_slow_dos,12,grid,ok,,27.727617209029674,50
stealth,low_slow_dos,12,q_learning,ok,,32.24061720902968,50
stealth,low_slow_dos,12,es,ok,,14.686617209029677,50
stealth,low_slow_dos,12,bayes_opt,ok,,21.358617209029674,50
stealth,low_slow_dos,12,llm_bo,ok,,13.780617209029671,50
stealth,low_slow_dos,15,random,ok,,115.50152811870346,50
stealth,low_slow_dos,15,grid,ok,,106.01352811870346,50
stealth,low_slow_dos,15,q_learning,ok,,104.20052811870346,50
stealth,low_slow_dos,15,es,ok,,103.11052811870346,50
stealth,low_slow_dos,15,bayes_opt,ok,,103.11052811870346,50
stealth,low_slow_dos,15,llm_bo,ok,,103.11052811870346,50
stealth,low_slow_dos,16,random,ok,,60.74779958615534,50
stealth,low_slow_dos,16,grid,ok,,58.10879958615534,50
stealth,low_slow_dos,16,q_learning,ok,,63.12079958615534,50
stealth,low_slow_dos,16,es,ok,,54.57479958615535,50
stealth,low_slow_dos,16,bayes_opt,ok,,54.57479958615535,50
stealth,low_slow_dos,16,llm_bo,ok,,59.51279958615534,50
stealth,low_slow_dos,18,random,ok,,103.54377394641762,50
stealth,low_slow_dos,18,grid,ok,,117.44877394641762,50
stealth,low_slow_dos,18,q_learning,ok,,123.44877394641762,50
stealth,low_slow_dos,18,es,ok,,103.54377394641762,50
stealth,low_slow_dos,18,bayes_opt,ok,,103.54377394641762,50
stealth,low_slow_dos,18,llm_bo,ok,,103.54377394641762,50
stealth,selective_suppression,0,random,ok,,50.594677886253635,50
stealth,selective_suppression,0,grid,ok,,52.89867788625364,50
stealth,selective_suppression,0,q_learning,ok,,52.54767788625364,50
stealth,selective_suppression,0,es,ok,,49.704677886253634,50
stealth,selective_suppression,0,bayes_opt,ok,,49.704677886253634,50
stealth,selective_suppression,0,llm_bo,ok,,49.704677886253634,50
stealth,low_slow_dos,19,random,ok,,31.499731905704664,50
stealth,low_slow_dos,19,grid,ok,,31.968731905704658,50
stealth,low_slow_dos,19,q_learning,ok,,31.968731905704658,50
stealth,low_slow_dos,19,es,ok,,30.206731905704657,50
stealth,low_slow_dos,19,bayes_opt,ok,,30.206731905704657,50
stealth,low_slow_dos,19,llm_bo,ok,,30.206731905704657,50
stealth,selective_suppression,1,random,ok,,41.515785067203694,50
stealth,selective_suppression,1,grid,ok,,37.84578506720371,50
stealth,selective_suppression,1,q_learning,ok,,41.2227850672037,50
stealth,selective_suppression,1,es,ok,,37.84578506720371,50
stealth,selective_suppression,1,bayes_opt,ok,,37.84578506720371,50
stealth,selective_suppression,1,llm_bo,ok,,37.84578506720371,50
stealth,selective_suppression,2,random,ok,,47.07053962503713,50
stealth,selective_suppression,2,grid,ok,,47.07053962503713,50
stealth,selective_suppression,2,q_learning,ok,,48.34153962503713,50
stealth,selective_suppression,2,es,ok,,47.07053962503713,50
stealth,selective_suppression,2,bayes_opt,ok,,47.07053962503713,50
stealth,selective_suppression,2,llm_bo,ok,,47.07053962503713,50
stealth,selective_suppression,3,random,ok,,52.895484060582675,50
stealth,selective_suppression,3,grid,ok,,52.895484060582675,50
stealth,selective_suppression,3,q_learning,ok,,49.24448406058268,50
stealth,selective_suppression,3,es,ok,,49.24448406058268,50
stealth,selective_suppression,3,bayes_opt,ok,,49.24448406058268,50
stealth,selective_suppression,3,llm_bo,ok,,49.24448406058268,50
stealth,selective_suppression,5,random,ok,,14.298670189693937,50
stealth,selective_suppression,5,grid,ok,,14.858670189693939,50
stealth,selective_suppression,5,q_learning,ok,,14.858670189693939,50
stealth,selective_suppression,5,es,ok,,14.298670189693937,50
stealth,selective_suppression,5,bayes_opt,ok,,14.298670189693937,50
stealth,selective_suppression,5,llm_bo,ok,,14.298670189693937,50
stealth,selective_suppression,4,random,ok,,125.5969308395315,50
stealth,selective_suppression,4,grid,ok,,125.5969308395315,50
stealth,selective_suppression,4,q_learning,ok,,129.2829308395315,50
stealth,selective_suppression,4,es,ok,,127.93593083953151,50
stealth,selective_suppression,4,bayes_opt,ok,,127.93593083953151,50
stealth,selective_suppression,4,llm_bo,ok,,125.5969308395315,50
stealth,selective_suppression,6,random,ok,,54.6188845915096,50
stealth,selective_suppression,6,grid,ok,,50.667884591509605,50
stealth,selective_suppression,6,q_learning,ok,,50.9498845915096,50
stealth,selective_suppression,6,es,ok,,47.057884591509605,50
stealth,selective_suppression,6,bayes_opt,ok,,47.057884591509605,50
stealth,selective_suppression,6,llm_bo,ok,,47.057884591509605,50
stealth,selective_suppression,7,random,ok,,122.08055474916122,50
stealth,selective_suppression,7,grid,ok,,122.08055474916122,50
stealth,selective_suppression,7,q_learning,ok,,120.77955474916122,50
stealth,selective_suppression,7,es,ok,,122.08055474916122,50
stealth,selective_suppression,7,bayes_opt,ok,,120.77955474916122,50
stealth,selective_suppression,7,llm_bo,ok,,120.77955474916122,50
stealth,selective_suppression,8,random,ok,,72.18918862175464,50
stealth,selective_suppression,8,grid,ok,,83.20818862175463,50
stealth,selective_suppression,8,q_learning,ok,,88.66118862175463,50
stealth,selective_suppression,8,es,ok,,81.79618862175464,50
stealth,selective_suppression,8,bayes_opt,ok,,80.19418862175463,50
stealth,selective_suppression,8,llm_bo,ok,,81.79618862175464,50
stealth,selective_suppression,9,random,ok,,122.3488448569798,50
stealth,selective_suppression,9,grid,ok,,122.3258448569798,50
stealth,selective_suppression,9,q_learning,ok,,117.3668448569798,50
stealth,selective_suppression,9,es,ok,,122.3258448569798,50
stealth,selective_suppression,9,bayes_opt,ok,,117.3668448569798,50
stealth,selective_suppression,9,llm_bo,ok,,122.3258448569798,50
stealth,selective_suppression,10,random,ok,,28.125012689111173,50
stealth,selective_suppression,10,grid,ok,,36.435012689111176,50
stealth,selective_suppression,10,q_learning,ok,,28.94501268911118,50
stealth,selective_suppression,10,es,ok,,28.125012689111173,50
stealth,selective_suppression,10,bayes_opt,ok,,28.94501268911118,50
stealth,selective_suppression,10,llm_bo,ok,,28.125012689111173,50
stealth,selective_suppression,17,random,ok,19,-0.5006019786443829,19
stealth,selective_suppression,17,grid,ok,19,-0.5006019786443829,19
stealth,selective_suppression,17,q_learning,ok,16,-0.47160197864437237,16
stealth,selective_suppression,17,es,ok,16,-0.47160197864437237,16
stealth,selective_suppression,17,bayes_opt,ok,16,-0.47160197864437237,16
stealth,selective_suppression,17,llm_bo,ok,16,-0.47160197864437237,16
stealth,selective_suppression,11,random,ok,,29.014584542097126,50
stealth,selective_suppression,11,grid,ok,,31.791584542097112,50
stealth,selective_suppression,11,q_learning,ok,,29.98658454209712,50
stealth,selective_suppression,11,es,ok,,28.90958454209712,50
stealth,selective_suppression,11,bayes_opt,ok,,28.90958454209712,50
stealth,selective_suppression,11,llm_bo,ok,,28.90958454209712,50
stealth,selective_suppression,12,random,ok,,27.298617209029672,50
stealth,selective_suppression,12,grid,ok,,22.069617209029673,50
stealth,selective_suppression,12,q_learning,ok,,13.780617209029671,50
stealth,selective_suppression,12,es,ok,,13.780617209029671,50
stealth,selective_suppression,12,bayes_opt,ok,,13.780617209029671,50
stealth,selective_suppression,12,llm_bo,ok,,13.780617209029671,50
stealth,selective_suppression,13,random,ok,,76.489440960172,50
stealth,selective_suppression,13,grid,ok,,81.60144096017201,50
stealth,selective_suppression,13,q_learning,ok,,88.843440960172,50
stealth,selective_suppression,13,es,ok,,76.489440960172,50
stealth,selective_suppression,13,bayes_opt,ok,,76.489440960172,50
stealth,selective_suppression,13,llm_bo,ok,,81.60144096017201,50
stealth,selective_suppression,14,random,ok,,105.27983585674308,50
stealth,selective_suppression,14,grid,ok,,105.27983585674308,50
stealth,selective_suppression,14,q_learning,ok,,105.27983585674308,50
stealth,selective_suppression,14,es,ok,,105.27983585674308,50
stealth,selective_suppression,14,bayes_opt,ok,,105.27983585674308,50
stealth,selective_suppression,14,llm_bo,ok,,105.27983585674308,50
stealth,selective_suppression,15,random,ok,,104.20052811870346,50
stealth,selective_suppression,15,grid,ok,,109.20752811870346,50
stealth,selective_suppression,15,q_learning,ok,,103.11052811870346,50
stealth,selective_suppression,15,es,ok,,103.11052811870346,50
stealth,selective_suppression,15,bayes_opt,ok,,103.11052811870346,50
stealth,selective_suppression,15,llm_bo,ok,,103.11052811870346,50
stealth,selective_suppression,16,random,ok,,59.51279958615534,50
stealth,selective_suppression,16,grid,ok,,54.57479958615535,50
stealth,selective_suppression,16,q_learning,ok,,58.37879958615534,50
stealth,selective_suppression,16,es,ok,,63.12079958615534,50
stealth,selective_suppression,16,bayes_opt,ok,,54.57479958615535,50
stealth,selective_suppression,16,llm_bo,ok,,54.57479958615535,50
stealth,selective_suppression,18,random,ok,,120.29277394641761,50
stealth,selective_suppression,18,grid,ok,,103.54377394641762,50
stealth,selective_suppression,18,q_learning,ok,,103.54377394641762,50
stealth,selective_suppression,18,es,ok,,103.54377394641762,50
stealth,selective_suppression,18,bayes_opt,ok,,115.79477394641762,50
stealth,selective_suppression,18,llm_bo,ok,,103.54377394641762,50
stealth,selective_suppression,19,random,ok,,30.206731905704657,50
stealth,selective_suppression,19,grid,ok,,30.206731905704657,50
stealth,selective_suppression,19,q_learning,ok,,30.206731905704657,50
stealth,selective_suppression,19,es,ok,,30.206731905704657,50
stealth,selective_suppression,19,bayes_opt,ok,,30.206731905704657,50
stealth,selective_suppression,19,llm_bo,ok,,30.206731905704657,50
stealth,sensor_drift_spoof,0,random,ok,,49.704677886253634,50
stealth,sensor_drift_spoof,0,grid,ok,,49.704677886253634,50
stealth,sensor_drift_spoof,0,q_learning,ok,,49.704677886253634,50
stealth,sensor_drift_spoof,0,es,ok,,49.704677886253634,50
stealth,sensor_drift_spoof,0,bayes_opt,ok,,49.704677886253634,50
stealth,sensor_drift_spoof,0,llm_bo,ok,,49.704677886253634,50
stealth,sensor_drift_spoof,1,random,ok,,35.60778506720369,50
stealth,sensor_drift_spoof,1,grid,ok,,35.60778506720369,50
stealth,sensor_drift_spoof,1,q_learning,ok,,35.60778506720369,50
stealth,sensor_drift_spoof,1,es,ok,,35.60778506720369,50
stealth,sensor_drift_spoof,1,bayes_opt,ok,,35.60778506720369,50
stealth,sensor_drift_spoof,1,llm_bo,ok,,35.60778506720369,50
stealth,sensor_drift_spoof,2,random,ok,,47.07053962503713,50
stealth,sensor_drift_spoof,2,grid,ok,,47.07053962503713,50
stealth,sensor_drift_spoof,2,q_learning,ok,,47.07053962503713,50
stealth,sensor_drift_spoof,2,es,ok,,47.07053962503713,50
stealth,sensor_drift_spoof,2,bayes_opt,ok,,47.07053962503713,50
stealth,sensor_drift_spoof,2,llm_bo,ok,,47.07053962503713,50
stealth,sensor_drift_spoof,3,random,ok,,49.24448406058268,50
stealth,sensor_drift_spoof,3,grid,ok,,49.24448406058268,50
stealth,sensor_drift_spoof,3,q_learning,ok,,49.24448406058268,50
stealth,sensor_drift_spoof,3,es,ok,,49.24448406058268,50
stealth,sensor_drift_spoof,3,bayes_opt,ok,,49.24448406058268,50
stealth,sensor_drift_spoof,3,llm_bo,ok,,49.24448406058268,50
stealth,sensor_drift_spoof,4,random,ok,,125.5969308395315,50
stealth,sensor_drift_spoof,4,grid,ok,,125.5969308395315,50
stealth,sensor_drift_spoof,4,q_learning,ok,,125.5969308395315,50
stealth,sensor_drift_spoof,4,es,ok,,125.5969308395315,50
stealth,sensor_drift_spoof,4,bayes_opt,ok,,125.5969308395315,50
stealth,sensor_drift_spoof,4,llm_bo,ok,,125.5969308395315,50
stealth,sensor_drift_spoof,5,random,ok,,14.298670189693937,50
stealth,sensor_drift_spoof,5,grid,ok,,14.298670189693937,50
stealth,sensor_drift_spoof,5,q_learning,ok,,14.298670189693937,50
stealth,sensor_drift_spoof,5,es,ok,,14.298670189693937,50
stealth,sensor_drift_spoof,5,bayes_opt,ok,,14.298670189693937,50
stealth,sensor_drift_spoof,5,llm_bo,ok,,14.298670189693937,50
stealth,sensor_drift_spoof,6,random,ok,,47.057884591509605,50
stealth,sensor_drift_spoof,6,grid,ok,,47.057884591509605,50
stealth,sensor_drift_spoof,6,q_learning,ok,,47.057884591509605,50
stealth,sensor_drift_spoof,6,es,ok,,47.057884591509605,50
stealth,sensor_drift_spoof,6,bayes_opt,ok,,47.057884591509605,50
stealth,sensor_drift_spoof,6,llm_bo,ok,,47.057884591509605,50
stealth,sensor_drift_spoof,7,random,ok,,120.77955474916122,50
stealth,sensor_drift_spoof,7,grid,ok,,120.77955474916122,50
stealth,sensor_drift_spoof,7,q_learning,ok,,120.77955474916122,50
stealth,sensor_drift_spoof,7,es,ok,,120.77955474916122,50
stealth,sensor_drift_spoof,7,bayes_opt,ok,,120.77955474916122,50
stealth,sensor_drift_spoof,7,llm_bo,ok,,78.32455474916122,50
stealth,sensor_drift_spoof,8,random,ok,,72.18918862175464,50
stealth,sensor_drift_spoof,8,grid,ok,,72.18918862175464,50
stealth,sensor_drift_spoof,8,q_learning,ok,,72.18918862175464,50
stealth,sensor_drift_spoof,8,es,ok,,72.18918862175464,50
stealth,sensor_drift_spoof,8,bayes_opt,ok,,72.18918862175464,50
stealth,sensor_drift_spoof,8,llm_bo,ok,,72.18918862175464,50
stealth,sensor_drift_spoof,17,random,ok,16,-0.47160197864437237,16
stealth,sensor_drift_spoof,17,grid,ok,16,-0.47160197864437237,16
stealth,sensor_drift_spoof,17,q_learning,ok,16,-0.47160197864437237,16
stealth,sensor_drift_spoof,17,es,ok,16,-0.47160197864437237,16
stealth,sensor_drift_spoof,17,bayes_opt,ok,16,-0.47160197864437237,16
stealth,sensor_drift_spoof,17,llm_bo,ok,16,-0.47160197864437237,16
stealth,sensor_drift_spoof,9,random,ok,,117.3668448569798,50
stealth,sensor_drift_spoof,9,grid,ok,,117.3668448569798,50
stealth,sensor_drift_spoof,9,q_learning,ok,,117.3668448569798,50
stealth,sensor_drift_spoof,9,es,ok,,117.3668448569798,50
stealth,sensor_drift_spoof,9,bayes_opt,ok,,82.83884485697982,50
stealth,sensor_drift_spoof,9,llm_bo,ok,,117.3668448569798,50
stealth,sensor_drift_spoof,10,random,ok,,28.125012689111173,50
stealth,sensor_drift_spoof,10,grid,ok,,28.125012689111173,50
stealth,sensor_drift_spoof,10,q_learning,ok,,28.125012689111173,50
stealth,sensor_drift_spoof,10,es,ok,,28.125012689111173,50
stealth,sensor_drift_spoof,10,bayes_opt,ok,,28.125012689111173,50
stealth,sensor_drift_spoof,10,llm_bo,ok,,28.125012689111173,50
stealth,sensor_drift_spoof,11,random,ok,,28.90958454209712,50
stealth,sensor_drift_spoof,11,grid,ok,,28.90958454209712,50
stealth,sensor_drift_spoof,11,q_learning,ok,,28.90958454209712,50
stealth,sensor_drift_spoof,11,es,ok,,28.90958454209712,50
stealth,sensor_drift_spoof,11,bayes_opt,ok,,28.90958454209712,50
stealth,sensor_drift_spoof,11,llm_bo,ok,,28.90958454209712,50
stealth,masquerade,0,random,ok,2,-5.063322113746352,2
stealth,masquerade,0,grid,ok,3,-290.36432211374637,3
stealth,masquerade,0,q_learning,ok,3,-60.36432211374637,3
stealth,masquerade,0,es,ok,8,-101.12032211374637,8
stealth,masquerade,0,bayes_opt,ok,3,-300.36432211374637,3
stealth,masquerade,0,llm_bo,ok,2,-66.69532211374636,2
stealth,masquerade,1,random,ok,1,-3.5492149327963034,1
stealth,masquerade,1,grid,ok,2,-47.8722149327963,2
stealth,masquerade,1,q_learning,ok,1,-463.54921493279625,1
stealth,masquerade,1,es,ok,13,-10.715214932796286,13
stealth,masquerade,1,bayes_opt,ok,3,-91.51821493279631,3
stealth,masquerade,1,llm_bo,ok,1,-3.5492149327963034,1
stealth,masquerade,2,random,ok,6,-10.75846037496288,6
stealth,masquerade,2,grid,ok,4,-381.4824603749629,4
stealth,masquerade,2,q_learning,ok,3,-13.398460374962866,3
stealth,masquerade,2,es,ok,1,-70.91346037496288,1
stealth,masquerade,2,bayes_opt,ok,2,-241.5234603749629,2
stealth,masquerade,2,llm_bo,ok,2,-57.35546037496286,2
stealth,masquerade,3,random,ok,2,-177.14051593941733,2
stealth,masquerade,3,grid,ok,1,-280.6205159394174,1
stealth,masquerade,3,q_learning,ok,4,-43.73651593941733,4
stealth,masquerade,3,es,ok,1,-203.97151593941734,1
stealth,masquerade,3,bayes_opt,ok,3,-69.08951593941731,3
stealth,masquerade,3,llm_bo,ok,2,-60.49051593941732,2
stealth,masquerade,5,random,ok,1,-162.95132981030605,1
stealth,masquerade,5,grid,ok,1,-420.477329810306,1
stealth,masquerade,5,q_learning,ok,3,-181.48832981030608,3
stealth,masquerade,5,es,ok,5,-271.5053298103061,5
stealth,masquerade,5,bayes_opt,ok,1,-165.08832981030605,1
stealth,masquerade,5,llm_bo,ok,1,-20.416329810306067,1
stealth,sensor_drift_spoof,12,random,ok,,13.780617209029671,50
stealth,sensor_drift_spoof,12,grid,ok,,13.780617209029671,50
stealth,sensor_drift_spoof,12,q_learning,ok,,13.780617209029671,50
stealth,sensor_drift_spoof,12,es,ok,,13.780617209029671,50
stealth,sensor_drift_spoof,12,bayes_opt,ok,,13.780617209029671,50
stealth,sensor_drift_spoof,12,llm_bo,ok,,13.780617209029671,50
stealth,masquerade,6,random,ok,5,-171.74011540849037,5
stealth,masquerade,6,grid,ok,4,-40.466115408490396,4
stealth,masquerade,6,q_learning,ok,1,-463.1791154084905,1
stealth,masquerade,6,es,ok,1,-260.30411540849036,1
stealth,masquerade,6,bayes_opt,ok,1,-43.17911540849039,1
stealth,masquerade,6,llm_bo,ok,2,-44.26111540849038,2
stealth,masquerade,4,random,ok,1,-190.9080691604685,1
stealth,masquerade,4,grid,ok,1,-214.8210691604685,1
stealth,masquerade,4,q_learning,ok,4,-312.5370691604685,4
stealth,masquerade,4,es,ok,13,-118.78106916046849,13
stealth,masquerade,4,bayes_opt,ok,1,-54.84406916046848,1
stealth,masquerade,4,llm_bo,ok,2,-38.820069160468506,2
stealth,masquerade,7,random,ok,1,-100.77644525083878,1
stealth,masquerade,7,grid,ok,3,-169.7754452508388,3
stealth,masquerade,7,q_learning,ok,2,-491.13344525083875,2
stealth,masquerade,7,es,ok,1,-164.67844525083876,1
stealth,masquerade,7,bayes_opt,ok,4,-39.55144525083878,4
stealth,masquerade,7,llm_bo,ok,2,-67.82244525083877,2
stealth,masquerade,8,random,ok,1,-175.79581137824536,1
stealth,masquerade,8,grid,ok,2,-411.97981137824536,2
stealth,masquerade,8,q_learning,ok,4,-197.01281137824535,4
stealth,masquerade,8,es,ok,4,-157.01281137824535,4
stealth,masquerade,8,bayes_opt,ok,3,-177.26881137824537,3
stealth,masquerade,8,llm_bo,ok,2,-62.82381137824535,2
stealth,masquerade,10,random,ok,2,-324.91398731088884,2
stealth,masquerade,10,grid,ok,2,-44.913987310888814,2
stealth,masquerade,10,q_learning,ok,1,-371.2739873108888,1
stealth,masquerade,10,es,ok,3,-125.05098731088884,3
stealth,masquerade,10,bayes_opt,ok,1,-191.2739873108888,1
stealth,masquerade,10,llm_bo,ok,2,-76.21498731088883,2
stealth,sensor_drift_spoof,13,random,ok,,76.489440960172,50
stealth,sensor_drift_spoof,13,grid,ok,,76.489440960172,50
stealth,sensor_drift_spoof,13,q_learning,ok,,76.489440960172,50
stealth,sensor_drift_spoof,13,es,ok,,76.489440960172,50
stealth,sensor_drift_spoof,13,bayes_opt,ok,,76.489440960172,50
stealth,sensor_drift_spoof,13,llm_bo,ok,,76.489440960172,50
stealth,masquerade,12,random,ok,2,-214.00338279097036,2
stealth,masquerade,12,grid,ok,1,-420.5443827909703,1
stealth,masquerade,12,q_learning,ok,1,-425.4933827909704,1
stealth,masquerade,12,es,ok,1,-175.49338279097032,1
stealth,masquerade,12,bayes_opt,ok,3,-16.081382790970324,3
stealth,masquerade,12,llm_bo,ok,1,-15.49338279097033,1
stealth,masquerade,11,random,ok,2,-29.99541545790288,2
stealth,masquerade,11,grid,ok,5,-53.20741545790287,5
stealth,masquerade,11,q_learning,ok,2,-89.99541545790288,2
stealth,masquerade,11,es,ok,3,-64.52841545790287,3
stealth,masquerade,11,bayes_opt,ok,2,-139.9954154579029,2
stealth,masquerade,11,llm_bo,ok,2,-110.12841545790289,2
stealth,masquerade,14,random,ok,1,-222.0471641432569,1
stealth,masquerade,14,grid,ok,2,-473.371164143257,2
stealth,masquerade,14,q_learning,ok,1,-132.0471641432569,1
stealth,masquerade,14,es,ok,3,-91.28416414325693,3
stealth,masquerade,14,bayes_opt,ok,2,-233.37116414325692,2
stealth,masquerade,14,llm_bo,ok,2,-65.3601641432569,2
stealth,masquerade,13,random,ok,4,-44.422559039828,4
stealth,masquerade,13,grid,ok,3,-351.73755903982806,3
stealth,masquerade,13,q_learning,ok,3,-91.712559039828,3
stealth,masquerade,13,es,ok,1,-41.34855903982799,1
stealth,masquerade,13,bayes_opt,ok,4,-174.42255903982797,4
stealth,masquerade,13,llm_bo,ok,2,-60.827559039828,2
stealth,masquerade,9,random,ok,4,-360.13015514302015,4
stealth,masquerade,9,grid,ok,5,-465.53415514302014,5
stealth,masquerade,9,q_learning,ok,2,-128.4661551430202,2
stealth,masquerade,9,es,ok,18,-279.2291551430202,18
stealth,masquerade,9,bayes_opt,ok,3,-35.4751551430202,3
stealth,masquerade,9,llm_bo,ok,2,-60.51515514302022,2
stealth,masquerade,16,random,ok,2,-235.81420041384465,2
stealth,masquerade,16,grid,ok,1,-375.96020041384463,1
stealth,masquerade,16,q_learning,ok,1,-325.96020041384463,1
stealth,masquerade,16,es,ok,1,-105.96020041384466,1
stealth,masquerade,16,bayes_opt,ok,1,-285.96020041384463,1
stealth,masquerade,16,llm_bo,ok,2,-91.85220041384466,2
stealth,masquerade,17,random,ok,1,-124.25560197864438,1
stealth,masquerade,17,grid,ok,2,-431.44660197864437,2
stealth,masquerade,17,q_learning,ok,2,-91.44660197864438,2
stealth,masquerade,17,es,ok,1,-234.2556019786444,1
stealth,masquerade,17,bayes_opt,ok,1,-287.1296019786444,1
stealth,masquerade,17,llm_bo,ok,1,-34.25560197864438,1
stealth,masquerade,19,random,ok,1,-113.80526809429534,1
stealth,masquerade,19,grid,ok,2,-468.2722680942953,2
stealth,masquerade,19,q_learning,ok,3,-37.131268094295336,3
stealth,masquerade,19,es,ok,2,-154.62926809429533,2
stealth,masquerade,19,bayes_opt,ok,3,-127.13126809429534,3
stealth,masquerade,19,llm_bo,ok,1,-13.805268094295343,1
stealth,sensor_drift_spoof,14,random,ok,,105.27983585674308,50
stealth,sensor_drift_spoof,14,grid,ok,,105.27983585674308,50
stealth,sensor_drift_spoof,14,q_learning,ok,,105.27983585674308,50
stealth,sensor_drift_spoof,14,es,ok,,105.27983585674308,50
stealth,sensor_drift_spoof,14,bayes_opt,ok,,105.27983585674308,50
stealth,sensor_drift_spoof,14,llm_bo,ok,,105.27983585674308,50
stealth,sensor_drift_spoof,15,random,ok,,103.11052811870346,50
stealth,sensor_drift_spoof,15,grid,ok,,103.11052811870346,50
stealth,sensor_drift_spoof,15,q_learning,ok,,103.11052811870346,50
stealth,sensor_drift_spoof,15,es,ok,,103.11052811870346,50
stealth,sensor_drift_spoof,15,bayes_opt,ok,,103.11052811870346,50
stealth,sensor_drift_spoof,15,llm_bo,ok,,103.11052811870346,50
stealth,masquerade,18,random,ok,2,-171.8302260535824,2
stealth,masquerade,18,grid,ok,1,-224.57722605358236,1
stealth,masquerade,18,q_learning,ok,10,-169.3692260535824,10
stealth,masquerade,18,es,ok,5,-100.73622605358236,5
stealth,masquerade,18,bayes_opt,ok,3,-515.6592260535824,3
stealth,masquerade,18,llm_bo,ok,2,-85.86222605358239,2
stealth,masquerade,15,random,ok,2,-211.74647188129651,2
stealth,masquerade,15,grid,ok,2,-331.85747188129653,2
stealth,masquerade,15,q_learning,ok,1,-48.250471881296534,1
stealth,masquerade,15,es,ok,29,-6.581471881296551,29
stealth,masquerade,15,bayes_opt,ok,3,-151.79947188129657,3
stealth,masquerade,15,llm_bo,ok,2,-58.296471881296554,2
stealth,sensor_drift_spoof,16,random,ok,,54.57479958615535,50
stealth,sensor_drift_spoof,16,grid,ok,,54.57479958615535,50
stealth,sensor_drift_spoof,16,q_learning,ok,,54.57479958615535,50
stealth,sensor_drift_spoof,16,es,ok,,15.406799586155358,50
stealth,sensor_drift_spoof,16,bayes_opt,ok,,15.254799586155343,50
stealth,sensor_drift_spoof,16,llm_bo,ok,,54.57479958615535,50
stealth,sensor_drift_spoof,18,random,ok,,103.54377394641762,50
stealth,sensor_drift_spoof,18,grid,ok,,103.54377394641762,50
stealth,sensor_drift_spoof,18,q_learning,ok,,103.54377394641762,50
stealth,sensor_drift_spoof,18,es,ok,,103.54377394641762,50
stealth,sensor_drift_spoof,18,bayes_opt,ok,,103.54377394641762,50
stealth,sensor_drift_spoof,18,llm_bo,ok,,103.54377394641762,50
stealth,sensor_drift_spoof,19,random,ok,,30.206731905704657,50
stealth,sensor_drift_spoof,19,grid,ok,,30.206731905704657,50
stealth,sensor_drift_spoof,19,q_learning,ok,,30.206731905704657,50
stealth,sensor_drift_spoof,19,es,ok,,30.206731905704657,50
stealth,sensor_drift_spoof,19,bayes_opt,ok,,30.206731905704657,50
stealth,sensor_drift_spoof,19,llm_bo,ok,,30.206731905704657,50
stealth,gateway_delay,1,random,ok,,41.515785067203694,50
stealth,gateway_delay,1,grid,ok,,37.84578506720371,50
stealth,gateway_delay,1,q_learning,ok,,32.8677850672037,50
stealth,gateway_delay,1,es,ok,,25.128785067203694,50
stealth,gateway_delay,1,bayes_opt,ok,,37.84578506720371,50
stealth,gateway_delay,1,llm_bo,ok,,37.84578506720371,50
stealth,gateway_delay,0,random,ok,,43.55667788625364,50
stealth,gateway_delay,0,grid,ok,,53.55067788625364,50
stealth,gateway_delay,0,q_learning,ok,,43.16767788625364,50
stealth,gateway_delay,0,es,ok,,49.704677886253634,50
stealth,gateway_delay,0,bayes_opt,ok,,49.704677886253634,50
stealth,gateway_delay,0,llm_bo,ok,,49.704677886253634,50
stealth,gateway_delay,4,random,ok,,125.6989308395315,50
stealth,gateway_delay,4,grid,ok,,125.5969308395315,50
stealth,gateway_delay,4,q_learning,ok,,121.6669308395315,50
stealth,gateway_delay,4,es,ok,,127.93593083953151,50
stealth,gateway_delay,4,bayes_opt,ok,,127.80493083953151,50
stealth,gateway_delay,4,llm_bo,ok,,127.93593083953151,50
stealth,gateway_delay,3,random,ok,,51.769484060582684,50
stealth,gateway_delay,3,grid,ok,,52.895484060582675,50
stealth,gateway_delay,3,q_learning,ok,,56.692484060582686,50
stealth,gateway_delay,3,es,ok,,49.24448406058268,50
stealth,gateway_delay,3,bayes_opt,ok,,49.24448406058268,50
stealth,gateway_delay,3,llm_bo,ok,,49.24448406058268,50
stealth,gateway_delay,2,random,ok,,51.238539625037134,50
stealth,gateway_delay,2,grid,ok,,47.07053962503713,50
stealth,gateway_delay,2,q_learning,ok,,58.07253962503714,50
stealth,gateway_delay,2,es,ok,,47.07053962503713,50
stealth,gateway_delay,2,bayes_opt,ok,,43.05153962503714,50
stealth,gateway_delay,2,llm_bo,ok,,47.07053962503713,50
stealth,gateway_delay,5,random,ok,,3.560670189693937,50
stealth,gateway_delay,5,grid,ok,,14.858670189693939,50
stealth,gateway_delay,5,q_learning,ok,,14.298670189693937,50
stealth,gateway_delay,5,es,ok,,5.192670189693942,50
stealth,gateway_delay,5,bayes_opt,ok,,14.858670189693939,50
stealth,gateway_delay,5,llm_bo,ok,,14.298670189693937,50
stealth,gateway_delay,6,random,ok,,54.6188845915096,50
stealth,gateway_delay,6,grid,ok,,50.667884591509605,50
stealth,gateway_delay,6,q_learning,ok,,47.057884591509605,50
stealth,gateway_delay,6,es,ok,,47.057884591509605,50
stealth,gateway_delay,6,bayes_opt,ok,,37.6158845915096,50
stealth,gateway_delay,6,llm_bo,ok,,47.057884591509605,50
stealth,gateway_delay,7,random,ok,,123.87455474916122,50
stealth,gateway_delay,7,grid,ok,,125.93655474916122,50
stealth,gateway_delay,7,q_learning,ok,,120.69355474916122,50
stealth,gateway_delay,7,es,ok,,120.77955474916122,50
stealth,gateway_delay,7,bayes_opt,ok,,122.74555474916122,50
stealth,gateway_delay,7,llm_bo,ok,,121.72855474916122,50
stealth,gateway_delay,8,random,ok,,82.83118862175463,50
stealth,gateway_delay,8,grid,ok,,88.66118862175463,50
stealth,gateway_delay,8,q_learning,ok,,86.76318862175464,50
stealth,gateway_delay,8,es,ok,,81.79618862175464,50
stealth,gateway_delay,8,bayes_opt,ok,,75.85518862175464,50
stealth,gateway_delay,8,llm_bo,ok,,81.79618862175464,50
stealth,gateway_delay,9,random,ok,,122.3488448569798,50
stealth,gateway_delay,9,grid,ok,,128.0248448569798,50
stealth,gateway_delay,9,q_learning,ok,,117.6368448569798,50
stealth,gateway_delay,9,es,ok,,117.3668448569798,50
stealth,gateway_delay,9,bayes_opt,ok,,120.7998448569798,50
stealth,gateway_delay,9,llm_bo,ok,,117.3668448569798,50
stealth,gateway_delay,17,random,ok,19,-0.5006019786443829,19
stealth,gateway_delay,17,grid,ok,19,-0.5006019786443829,19
stealth,gateway_delay,17,q_learning,ok,,1.0543980213556239,50
stealth,gateway_delay,17,es,ok,16,-0.47160197864437237,16
stealth,gateway_delay,17,bayes_opt,ok,16,-0.47160197864437237,16
stealth,gateway_delay,17,llm_bo,ok,19,-0.5006019786443829,19
stealth,gateway_delay,11,random,ok,,29.98658454209712,50
stealth,gateway_delay,11,grid,ok,,31.791584542097112,50
stealth,gateway_delay,11,q_learning,ok,,29.014584542097126,50
stealth,gateway_delay,11,es,ok,,28.90958454209712,50
stealth,gateway_delay,11,bayes_opt,ok,,24.15658454209712,50
stealth,gateway_delay,11,llm_bo,ok,,28.90958454209712,50
stealth,gateway_delay,13,random,ok,,76.489440960172,50
stealth,gateway_delay,13,grid,ok,,81.60144096017201,50
stealth,gateway_delay,13,q_learning,ok,,88.843440960172,50
stealth,gateway_delay,13,es,ok,,76.489440960172,50
stealth,gateway_delay,13,bayes_opt,ok,,81.60144096017201,50
stealth,gateway_delay,13,llm_bo,ok,,81.60144096017201,50
stealth,gateway_delay,12,random,ok,,29.37761720902968,50
stealth,gateway_delay,12,grid,ok,,22.069617209029673,50
stealth,gateway_delay,12,q_learning,ok,,13.780617209029671,50
stealth,gateway_delay,12,es,ok,,13.780617209029671,50
stealth,gateway_delay,12,bayes_opt,ok,,20.99961720902968,50
stealth,gateway_delay,12,llm_bo,ok,,13.780617209029671,50
stealth,gateway_delay,10,random,ok,,28.125012689111173,50
stealth,gateway_delay,10,grid,ok,,36.435012689111176,50
stealth,gateway_delay,10,q_learning,ok,,28.94501268911118,50
stealth,gateway_delay,10,es,ok,,28.125012689111173,50
stealth,gateway_delay,10,bayes_opt,ok,,26.728012689111182,50
stealth,gateway_delay,10,llm_bo,ok,,28.125012689111173,50
stealth,gateway_delay,15,random,ok,,104.20052811870346,50
stealth,gateway_delay,15,grid,ok,,109.20752811870346,50
stealth,gateway_delay,15,q_learning,ok,,103.11052811870346,50
stealth,gateway_delay,15,es,ok,,103.11052811870346,50
stealth,gateway_delay,15,bayes_opt,ok,,103.11052811870346,50
stealth,gateway_delay,15,llm_bo,ok,,103.11052811870346,50
stealth,gateway_delay,14,random,ok,,105.27983585674308,50
stealth,gateway_delay,14,grid,ok,,105.27983585674308,50
stealth,gateway_delay,14,q_learning,ok,,104.80883585674307,50
stealth,gateway_delay,14,es,ok,,91.87183585674308,50
stealth,gateway_delay,14,bayes_opt,ok,,106.07683585674307,50
stealth,gateway_delay,14,llm_bo,ok,,106.88583585674307,50
stealth,gateway_delay,16,random,ok,,53.278799586155344,50
stealth,gateway_delay,16,grid,ok,,54.57479958615535,50
stealth,gateway_delay,16,q_learning,ok,,53.18579958615534,50
stealth,gateway_delay,16,es,ok,,63.12079958615534,50
stealth,gateway_delay,16,bayes_opt,ok,,59.51279958615534,50
stealth,gateway_delay,16,llm_bo,ok,,54.57479958615535,50
stealth,gateway_delay,18,random,ok,,101.58277394641762,50
stealth,gateway_delay,18,grid,ok,,103.54377394641762,50
stealth,gateway_delay,18,q_learning,ok,,116.60877394641761,50
stealth,gateway_delay,18,es,ok,,106.75777394641761,50
stealth,gateway_delay,18,bayes_opt,ok,,115.79477394641762,50
stealth,gateway_delay,18,llm_bo,ok,,103.54377394641762,50
stealth,gateway_delay,19,random,ok,,22.211731905704667,50
stealth,gateway_delay,19,grid,ok,,30.206731905704657,50
stealth,gateway_delay,19,q_learning,ok,,12.05773190570467,50
stealth,gateway_delay,19,es,ok,,31.499731905704664,50
stealth,gateway_delay,19,bayes_opt,ok,,28.92473190570466,50
stealth,gateway_delay,19,llm_bo,ok,,30.206731905704657,50
stealth,jitter_injection,0,random,ok,,50.594677886253635,50
stealth,jitter_injection,0,grid,ok,,53.55067788625364,50
stealth,jitter_injection,0,q_learning,ok,,51.84567788625364,50
stealth,jitter_injection,0,es,ok,,49.704677886253634,50
stealth,jitter_injection,0,bayes_opt,ok,,43.67667788625364,50
stealth,jitter_injection,0,llm_bo,ok,,47.91667788625364,50
stealth,jitter_injection,1,random,ok,,41.515785067203694,50
stealth,jitter_injection,1,grid,ok,,37.84578506720371,50
stealth,jitter_injection,1,q_learning,ok,,29.276785067203704,50
stealth,jitter_injection,1,es,ok,,29.3917850672037,50
stealth,jitter_injection,1,bayes_opt,ok,,37.84578506720371,50
stealth,jitter_injection,1,llm_bo,ok,,36.9897850672037,50
stealth,jitter_injection,4,random,ok,,123.1869308395315,50
stealth,jitter_injection,4,grid,ok,,125.5969308395315,50
stealth,jitter_injection,4,q_learning,ok,,132.4739308395315,50
stealth,jitter_injection,4,es,ok,,127.93593083953151,50
stealth,jitter_injection,4,bayes_opt,ok,,126.5259308395315,50
stealth,jitter_injection,4,llm_bo,ok,,123.8599308395315,50
stealth,jitter_injection,2,random,ok,,51.238539625037134,50
stealth,jitter_injection,2,grid,ok,,47.07053962503713,50
stealth,jitter_injection,2,q_learning,ok,,58.07253962503714,50
stealth,jitter_injection,2,es,ok,,47.256539625037135,50
stealth,jitter_injection,2,bayes_opt,ok,,44.93253962503714,50
stealth,jitter_injection,2,llm_bo,ok,,48.34153962503713,50
stealth,jitter_injection,3,random,ok,,52.895484060582675,50
stealth,jitter_injection,3,grid,ok,,52.895484060582675,50
stealth,jitter_injection,3,q_learning,ok,,56.692484060582686,50
stealth,jitter_injection,3,es,ok,,52.939484060582686,50
stealth,jitter_injection,3,bayes_opt,ok,,49.24448406058268,50
stealth,jitter_injection,3,llm_bo,ok,,48.09048406058268,50
stealth,jitter_injection,5,random,ok,,15.77267018969394,50
stealth,jitter_injection,5,grid,ok,,14.858670189693939,50
stealth,jitter_injection,5,q_learning,ok,,14.298670189693937,50
stealth,jitter_injection,5,es,ok,,5.195670189693942,50
stealth,jitter_injection,5,bayes_opt,ok,,14.858670189693939,50
stealth,jitter_injection,5,llm_bo,ok,,6.2176701896939335,50
stealth,jitter_injection,6,random,ok,,51.55588459150961,50
stealth,jitter_injection,6,grid,ok,,50.667884591509605,50
stealth,jitter_injection,6,q_learning,ok,,47.057884591509605,50
stealth,jitter_injection,6,es,ok,,47.057884591509605,50
stealth,jitter_injection,6,bayes_opt,ok,,46.1158845915096,50
stealth,jitter_injection,6,llm_bo,ok,,45.405884591509604,50
stealth,jitter_injection,7,random,ok,,123.87455474916122,50
stealth,jitter_injection,7,grid,ok,,125.93655474916122,50
stealth,jitter_injection,7,q_learning,ok,,120.77955474916122,50
stealth,jitter_injection,7,es,ok,,120.77955474916122,50
stealth,jitter_injection,7,bayes_opt,ok,,122.90155474916122,50
stealth,jitter_injection,7,llm_bo,ok,,120.77955474916122,50
stealth,jitter_injection,8,random,ok,,82.83118862175463,50
stealth,jitter_injection,8,grid,ok,,88.66118862175463,50
stealth,jitter_injection,8,q_learning,ok,,86.76318862175464,50
stealth,jitter_injection,8,es,ok,,81.79618862175464,50
stealth,jitter_injection,8,bayes_opt,ok,,77.97518862175464,50
stealth,jitter_injection,8,llm_bo,ok,,80.19418862175463,50
stealth,jitter_injection,17,random,ok,19,-0.5006019786443829,19
stealth,jitter_injection,17,grid,ok,19,-0.5006019786443829,19
stealth,jitter_injection,17,q_learning,ok,,1.0543980213556239,50
stealth,jitter_injection,17,es,ok,16,-0.47160197864437237,16
stealth,jitter_injection,17,bayes_opt,ok,16,-0.47160197864437237,16
stealth,jitter_injection,17,llm_bo,ok,16,-0.47160197864437237,16
stealth,jitter_injection,9,random,ok,,122.3488448569798,50
stealth,jitter_injection,9,grid,ok,,128.0248448569798,50
stealth,jitter_injection,9,q_learning,ok,,117.6368448569798,50
stealth,jitter_injection,9,es,ok,,117.3668448569798,50
stealth,jitter_injection,9,bayes_opt,ok,,122.3258448569798,50
stealth,jitter_injection,9,llm_bo,ok,,117.3668448569798,50
stealth,jitter_injection,10,random,ok,,28.125012689111173,50
stealth,jitter_injection,10,grid,ok,,36.435012689111176,50
stealth,jitter_injection,10,q_learning,ok,,28.94501268911118,50
stealth,jitter_injection,10,es,ok,,28.125012689111173,50
stealth,jitter_injection,10,bayes_opt,ok,,28.39501268911117,50
stealth,jitter_injection,10,llm_bo,ok,,28.125012689111173,50
stealth,jitter_injection,16,random,ok,,63.83079958615535,50
stealth,jitter_injection,16,grid,ok,,54.57479958615535,50
stealth,jitter_injection,16,q_learning,ok,,59.51279958615534,50
stealth,jitter_injection,16,es,ok,,63.12079958615534,50
stealth,jitter_injection,16,bayes_opt,ok,,53.799799586155345,50
stealth,jitter_injection,16,llm_bo,ok,,57.12379958615534,50
stealth,jitter_injection,15,random,ok,,104.20052811870346,50
stealth,jitter_injection,15,grid,ok,,109.20752811870346,50
stealth,jitter_injection,15,q_learning,ok,,99.16052811870345,50
stealth,jitter_injection,15,es,ok,,103.11052811870346,50
stealth,jitter_injection,15,bayes_opt,ok,,103.11052811870346,50
stealth,jitter_injection,15,llm_bo,ok,,103.11052811870346,50
stealth,jitter_injection,11,random,ok,,29.98658454209712,50
stealth,jitter_injection,11,grid,ok,,31.791584542097112,50
stealth,jitter_injection,11,q_learning,ok,,29.014584542097126,50
stealth,jitter_injection,11,es,ok,,21.46558454209712,50
stealth,jitter_injection,11,bayes_opt,ok,,28.997584542097115,50
stealth,jitter_injection,11,llm_bo,ok,,25.988584542097115,50
stealth,jitter_injection,12,random,ok,,29.37761720902968,50
stealth,jitter_injection,12,grid,ok,,22.069617209029673,50
stealth,jitter_injection,12,q_learning,ok,,13.780617209029671,50
stealth,jitter_injection,12,es,ok,,13.780617209029671,50
stealth,jitter_injection,12,bayes_opt,ok,,13.780617209029671,50
stealth,jitter_injection,12,llm_bo,ok,,13.780617209029671,50
stealth,jitter_injection,13,random,ok,,76.489440960172,50
stealth,jitter_injection,13,grid,ok,,81.60144096017201,50
stealth,jitter_injection,13,q_learning,ok,,76.40144096017201,50
stealth,jitter_injection,13,es,ok,,76.489440960172,50
stealth,jitter_injection,13,bayes_opt,ok,,69.212440960172,50
stealth,jitter_injection,13,llm_bo,ok,,76.489440960172,50
stealth,jitter_injection,14,random,ok,,105.27983585674308,50
stealth,jitter_injection,14,grid,ok,,105.27983585674308,50
stealth,jitter_injection,14,q_learning,ok,,104.80883585674307,50
stealth,jitter_injection,14,es,ok,,104.10083585674307,50
stealth,jitter_injection,14,bayes_opt,ok,,82.44483585674308,50
stealth,jitter_injection,14,llm_bo,ok,,106.07683585674307,50
stealth,jitter_injection,18,random,ok,,118.38777394641762,50
stealth,jitter_injection,18,grid,ok,,103.54377394641762,50
stealth,jitter_injection,18,q_learning,ok,,106.93977394641762,50
stealth,jitter_injection,18,es,ok,,109.43177394641762,50
stealth,jitter_injection,18,bayes_opt,ok,,115.66777394641761,50
stealth,jitter_injection,18,llm_bo,ok,,103.54377394641762,50
stealth,jitter_injection,19,random,ok,,31.598731905704668,50
stealth,jitter_injection,19,grid,ok,,30.206731905704657,50
stealth,jitter_injection,19,q_learning,ok,,31.499731905704664,50
stealth,jitter_injection,19,es,ok,,31.499731905704664,50
stealth,jitter_injection,19,bayes_opt,ok,,29.86773190570466,50
stealth,jitter_injection,19,llm_bo,ok,,29.508731905704664,50
