id,tag,parsed,deadline_ok,unresolved_ok,component_ok,exact,formula_ok,vss_tp,vss_fp,vss_fn,can_tp,can_fp,can_fn,invalid_vss,invalid_can,predicted_vss,predicted_can,condition,repairs,llm_calls,valid_first_try,valid_final,errors_initial,spec
R001,explicit,True,True,True,True,True,True,0,0,1,0,0,0,0,0,0,0,baseline,0,1,True,True,,"{""deadline_ms"": 100.0, ""unresolved"": false, ""component"": ""braking_system"", ""trigger"": ""obstacle_detected"", ""response"": ""brake_applied"", ""vss_signals"": [], ""can_ids"": [], ""formula"": ""G(obstacle_detected -> F[0,100 ms] brake_applied)""}"
R002,explicit,True,True,True,True,True,True,0,0,1,0,0,1,0,0,0,0,baseline,0,1,True,True,,"{""deadline_ms"": 100.0, ""unresolved"": false, ""component"": ""braking_system"", ""trigger"": ""obstacle_warning_raised"", ""response"": ""brake_command_sent"", ""vss_signals"": [], ""can_ids"": [], ""formula"": ""G(obstacle_warning_raised -> F[0,100 ms] brake_command_sent)""}"
R003,explicit,True,True,True,True,True,True,0,0,1,0,0,0,0,0,0,0,baseline,0,1,True,True,,"{""deadline_ms"": 100.0, ""unresolved"": false, ""component"": ""braking_system"", ""trigger"": ""pedestrian_detected"", ""response"": ""brake_applied"", ""vss_signals"": [], ""can_ids"": [], ""formula"": ""G(pedestrian_detected -> F[0,100 ms] brake_applied)""}"
R004,explicit,True,True,True,True,True,True,0,0,1,0,0,0,0,0,0,0,baseline,0,1,True,True,,"{""deadline_ms"": 100.0, ""unresolved"": false, ""component"": ""braking_system"", ""trigger"": ""pedestrian_detected"", ""response"": ""brake_applied"", ""vss_signals"": [], ""can_ids"": [], ""formula"": ""G(pedestrian_detected -> F[0,100 ms] brake_applied)""}"
R005,explicit,True,True,True,True,True,True,0,0,1,0,0,0,0,0,0,0,baseline,0,1,True,True,,"{""deadline_ms"": 200.0, ""unresolved"": false, ""component"": ""lane_departure_system"", ""trigger"": ""lane_departure_detected"", ""response"": ""lane_departure_warning_issued"", ""vss_signals"": [], ""can_ids"": [], ""formula"": ""G(lane_departure_detected -> F[0,200 ms] lane_departure_warning_issued)""}"
R006,explicit,True,True,True,True,True,True,0,0,1,0,0,0,0,0,0,0,baseline,0,1,True,True,,"{""deadline_ms"": 200.0, ""unresolved"": false, ""component"": ""lane_departure_system"", ""trigger"": ""lane_departure_detected"", ""response"": ""warning_delivered"", ""vss_signals"": [], ""can_ids"": [], ""formula"": ""G(lane_departure_detected -> F[0,200 ms] warning_delivered)""}"
R007,explicit,True,True,True,True,True,True,0,0,0,0,0,0,0,0,0,0,baseline,0,1,True,True,,"{""deadline_ms"": 300.0, ""unresolved"": false, ""component"": ""acc_system"", ""trigger"": ""lead_vehicle_speed_change"", ""response"": ""acc_response"", ""vss_signals"": [], ""can_ids"": [], ""formula"": ""G(lead_vehicle_speed_change -> F[0,300 ms] acc_response)""}"
R008,explicit,True,True,True,True,True,True,0,0,1,0,0,0,0,0,0,0,baseline,0,1,True,True,,"{""deadline_ms"": 300.0, ""unresolved"": false, ""component"": ""acc_system"", ""trigger"": ""driver_request"", ""response"": ""speed_adjusted"", ""vss_signals"": [], ""can_ids"": [], ""formula"": ""G(driver_request -> F[0,300 ms] speed_adjusted)""}"
R009,explicit,True,True,True,True,True,True,0,0,0,0,0,0,0,0,0,0,baseline,0,1,True,True,,"{""deadline_ms"": 50.0, ""unresolved"": false, ""component"": ""alert_module"", ""trigger"": ""critical_fault_flagged"", ""response"": ""driver_alert_presented"", ""vss_signals"": [], ""can_ids"": [], ""formula"": ""G(critical_fault_flagged -> F[0,50 ms] driver_alert_presented)""}"
R010,explicit,True,True,True,True,True,True,0,0,0,0,0,0,0,0,0,0,baseline,0,1,True,True,,"{""deadline_ms"": 50.0, ""unresolved"": false, ""component"": ""alert_module"", ""trigger"": ""hazard_detected"", ""response"": ""driver_alert_displayed"", ""vss_signals"": [], ""can_ids"": [], ""formula"": ""G(hazard_detected -> F[0,50 ms] driver_alert_displayed)""}"
R011,explicit,True,True,True,True,True,True,0,0,0,0,0,0,0,0,0,0,baseline,0,1,True,True,,"{""deadline_ms"": 50.0, ""unresolved"": false, ""component"": ""safety_monitor"", ""trigger"": ""fault_detected"", ""response"": ""safety_mechanism_activated"", ""vss_signals"": [], ""can_ids"": [], ""formula"": ""G(fault_detected -> F[0,50 ms] safety_mechanism_activated)""}"
R012,explicit,True,True,True,True,True,True,0,0,0,0,0,0,0,0,0,0,baseline,0,1,True,True,,"{""deadline_ms"": 50.0, ""unresolved"": false, ""component"": ""safety_monitor"", ""trigger"": ""fault_detection"", ""response"": ""safety_mechanism_activation"", ""vss_signals"": [], ""can_ids"": [], ""formula"": ""G(fault_detection -> F[0,50 ms] safety_mechanism_activation)""}"
R013,explicit,True,True,True,True,True,True,0,0,0,0,0,1,0,0,0,0,baseline,0,1,True,True,,"{""deadline_ms"": 500.0, ""unresolved"": false, ""component"": ""ecu_watchdog"", ""trigger"": ""heartbeat_missing"", ""response"": ""watchdog_timeout"", ""vss_signals"": [], ""can_ids"": [], ""formula"": ""G(heartbeat_missing -> F[0,500 ms] watchdog_timeout)""}"
R014,explicit,True,True,True,True,True,True,0,0,0,0,0,1,0,0,0,0,baseline,0,1,True,True,,"{""deadline_ms"": 500.0, ""unresolved"": false, ""component"": ""ecu_watchdog"", ""trigger"": ""zone_ecu_heartbeat_missing"", ""response"": ""reset_triggered"", ""vss_signals"": [], ""can_ids"": [], ""formula"": ""G(zone_ecu_heartbeat_missing -> F[0,500 ms] reset_triggered)""}"
R015,explicit,True,True,True,True,True,True,0,0,0,0,0,0,0,0,0,0,baseline,0,1,True,True,,"{""deadline_ms"": 200.0, ""unresolved"": false, ""component"": ""steering_ecu"", ""trigger"": ""steering_override_requested"", ""response"": ""steering_override_completed"", ""vss_signals"": [], ""can_ids"": [], ""formula"": ""G(steering_override_requested -> F[0,200 ms] steering_override_completed)""}"
R016,explicit,True,True,True,True,True,True,0,0,1,0,0,1,0,0,0,0,baseline,0,1,True,True,,"{""deadline_ms"": 200.0, ""unresolved"": false, ""component"": ""steering_ecu"", ""trigger"": ""emergency_steering_request"", ""response"": ""steering_angle_command_applied"", ""vss_signals"": [], ""can_ids"": [], ""formula"": ""G(emergency_steering_request -> F[0,200 ms] steering_angle_command_applied)""}"
R017,explicit,True,True,True,True,True,True,0,0,1,0,0,0,0,0,0,0,baseline,0,1,True,True,,"{""deadline_ms"": 20.0, ""unresolved"": false, ""component"": ""braking_system"", ""trigger"": ""wheel_lock_up_detected"", ""response"": ""brake_pressure_control_started"", ""vss_signals"": [], ""can_ids"": [], ""formula"": ""G(wheel_lock_up_detected -> F[0,20 ms] brake_pressure_control_started)""}"
R018,explicit,True,True,True,False,False,True,0,0,1,0,0,0,0,0,0,0,baseline,0,1,True,True,,"{""deadline_ms"": 50.0, ""unresolved"": false, ""component"": ""steering_ecu"", ""trigger"": ""skid_detected"", ""response"": ""esc_intervention"", ""vss_signals"": [], ""can_ids"": [], ""formula"": ""G(skid_detected -> F[0,50 ms] esc_intervention)""}"
R019,explicit,True,True,True,True,True,True,0,0,0,0,0,1,0,0,0,0,baseline,0,1,True,True,,"{""deadline_ms"": 30.0, ""unresolved"": false, ""component"": ""other"", ""trigger"": ""wheel_slip_detected"", ""response"": ""torque_reduced"", ""vss_signals"": [], ""can_ids"": [], ""formula"": ""G(wheel_slip_detected -> F[0,30 ms] torque_reduced)""}"
R020,explicit,True,True,True,True,True,True,0,0,0,0,0,0,0,0,0,0,baseline,0,1,True,True,,"{""deadline_ms"": 15.0, ""unresolved"": false, ""component"": ""other"", ""trigger"": ""crash_detected"", ""response"": ""airbag_deployed"", ""vss_signals"": [], ""can_ids"": [], ""formula"": ""G(crash_detected -> F[0,15 ms] airbag_deployed)""}"
R021,explicit,True,True,True,False,False,True,0,0,2,0,0,0,0,0,0,0,baseline,0,1,True,True,,"{""deadline_ms"": 100.0, ""unresolved"": false, ""component"": ""braking_system"", ""trigger"": ""brake_pedal_pressed"", ""response"": ""brake_lights_illuminated"", ""vss_signals"": [], ""can_ids"": [], ""formula"": ""G(brake_pedal_pressed -> F[0,100 ms] brake_lights_illuminated)""}"
R022,explicit,True,True,True,True,True,True,0,0,2,0,0,0,0,0,0,0,baseline,0,1,True,True,,"{""deadline_ms"": 100.0, ""unresolved"": false, ""component"": ""braking_system"", ""trigger"": ""driver_emergency_braking_detection"", ""response"": ""emergency_brake_assist_raised"", ""vss_signals"": [], ""can_ids"": [], ""formula"": ""G(driver_emergency_braking_detection -> F[0,100 ms] emergency_brake_assist_raised)""}"
R023,explicit,True,True,True,False,False,True,0,0,0,0,0,2,0,0,0,0,baseline,0,1,True,True,,"{""deadline_ms"": 33.0, ""unresolved"": false, ""component"": ""safety_monitor"", ""trigger"": ""camera_detection_result"", ""response"": ""sensor_fusion_received"", ""vss_signals"": [], ""can_ids"": [], ""formula"": ""G(camera_detection_result -> F[0,33 ms] sensor_fusion_received)""}"
R024,explicit,True,True,True,True,True,True,0,0,0,0,0,2,0,0,0,0,baseline,0,1,True,True,,"{""deadline_ms"": 33.0, ""unresolved"": false, ""component"": ""other"", ""trigger"": ""lidar_data_generated"", ""response"": ""lidar_data_delivered"", ""vss_signals"": [], ""can_ids"": [], ""formula"": ""G(lidar_data_generated -> F[0,33 ms] lidar_data_delivered)""}"
R025,explicit,True,True,True,False,False,True,0,0,1,0,0,0,0,0,0,0,baseline,0,1,True,True,,"{""deadline_ms"": 100.0, ""unresolved"": false, ""component"": ""alert_module"", ""trigger"": ""new_image_data"", ""response"": ""detection_confidence_updated"", ""vss_signals"": [], ""can_ids"": [], ""formula"": ""G(new_image_data -> F[0,100 ms] detection_confidence_updated)""}"
R026,explicit,True,True,True,True,True,True,0,0,0,0,0,2,0,0,0,0,baseline,0,1,True,True,,"{""deadline_ms"": 20.0, ""unresolved"": false, ""component"": ""braking_system"", ""trigger"": ""brake_command"", ""response"": ""brake_pressure_feedback_received"", ""vss_signals"": [], ""can_ids"": [], ""formula"": ""G(brake_command -> F[0,20 ms] brake_pressure_feedback_received)""}"
R027,explicit,True,True,True,True,True,True,0,0,1,0,0,0,0,0,0,0,baseline,0,1,True,True,,"{""deadline_ms"": 50.0, ""unresolved"": false, ""component"": ""alert_module"", ""trigger"": ""driver_inattentive_detected"", ""response"": ""warning_displayed"", ""vss_signals"": [], ""can_ids"": [], ""formula"": ""G(driver_inattentive_detected -> F[0,50 ms] warning_displayed)""}"
R028,explicit,True,True,True,True,True,True,0,0,2,0,0,0,0,0,0,0,baseline,0,1,True,True,,"{""deadline_ms"": 100.0, ""unresolved"": false, ""component"": ""acc_system"", ""trigger"": ""brake_pedal_pressed"", ""response"": ""cruise_control_disengaged"", ""vss_signals"": [], ""can_ids"": [], ""formula"": ""G(brake_pedal_pressed -> F[0,100 ms] cruise_control_disengaged)""}"
R029,explicit,True,True,True,False,False,True,0,1,1,0,0,0,1,0,1,0,baseline,0,1,False,False,"VSS signals ['Vehicle.Speed.BrakePedalPosition'] are not in the knowledge base; list only signals that exist there, or leave the list empty","{""deadline_ms"": 10.0, ""unresolved"": false, ""component"": ""other"", ""trigger"": ""brake_pedal_position_changed"", ""response"": ""brake_pedal_position_reported"", ""vss_signals"": [""Vehicle.Speed.BrakePedalPosition""], ""can_ids"": [], ""formula"": ""G(brake_pedal_position_changed -> F[0,10 ms] brake_pedal_position_reported)""}"
R030,explicit,True,True,True,True,True,True,0,0,1,0,0,0,0,0,0,0,baseline,0,1,True,True,,"{""deadline_ms"": 50.0, ""unresolved"": false, ""component"": ""alert_module"", ""trigger"": ""obstacle_detected"", ""response"": ""warning_displayed"", ""vss_signals"": [], ""can_ids"": [], ""formula"": ""G(obstacle_detected -> F[0,50 ms] warning_displayed)""}"
R031,units,True,True,True,True,True,True,0,0,1,0,0,0,0,0,0,0,baseline,0,1,True,True,,"{""deadline_ms"": 100.0, ""unresolved"": false, ""component"": ""braking_system"", ""trigger"": ""obstacle_detected"", ""response"": ""brake_applied"", ""vss_signals"": [], ""can_ids"": [], ""formula"": ""G(obstacle_detected -> F[0,100 ms] brake_applied)""}"
R032,units,True,True,True,True,True,True,0,0,1,0,0,0,0,0,0,0,baseline,0,1,True,True,,"{""deadline_ms"": 100.0, ""unresolved"": false, ""component"": ""braking_system"", ""trigger"": ""obstacle_detected"", ""response"": ""brake_started"", ""vss_signals"": [], ""can_ids"": [], ""formula"": ""G(obstacle_detected -> F[0,100 ms] brake_started)""}"
R033,units,True,True,True,True,True,True,0,0,1,0,0,0,0,0,0,0,baseline,0,1,True,True,,"{""deadline_ms"": 200.0, ""unresolved"": false, ""component"": ""lane_departure_system"", ""trigger"": ""lane_departure_detected"", ""response"": ""lane_departure_warning_issued"", ""vss_signals"": [], ""can_ids"": [], ""formula"": ""G(lane_departure_detected -> F[0,200 ms] lane_departure_warning_issued)""}"
R034,units,True,True,True,True,True,True,0,0,0,0,0,0,0,0,0,0,baseline,0,1,True,True,,"{""deadline_ms"": 200.0, ""unresolved"": false, ""component"": ""steering_ecu"", ""trigger"": ""steering_override_requested"", ""response"": ""steering_override_completed"", ""vss_signals"": [], ""can_ids"": [], ""formula"": ""G(steering_override_requested -> F[0,200 ms] steering_override_completed)""}"
R035,units,True,True,True,True,True,True,0,0,0,0,0,0,0,0,0,0,baseline,0,1,True,True,,"{""deadline_ms"": 50.0, ""unresolved"": false, ""component"": ""alert_module"", ""trigger"": ""fault_detected"", ""response"": ""driver_alert"", ""vss_signals"": [], ""can_ids"": [], ""formula"": ""G(fault_detected -> F[0,50 ms] driver_alert)""}"
R036,units,True,True,True,True,True,True,0,0,0,0,0,1,0,0,0,0,baseline,0,1,True,True,,"{""deadline_ms"": 500.0, ""unresolved"": false, ""component"": ""ecu_watchdog"", ""trigger"": ""heartbeat_missing"", ""response"": ""watchdog_expired"", ""vss_signals"": [], ""can_ids"": [], ""formula"": ""G(heartbeat_missing -> F[0,500 ms] watchdog_expired)""}"
R037,units,True,True,True,True,True,True,0,0,0,0,0,0,0,0,0,0,baseline,0,1,True,True,,"{""deadline_ms"": 300.0, ""unresolved"": false, ""component"": ""acc_system"", ""trigger"": ""lead_vehicle_closing"", ""response"": ""acc_adjusted"", ""vss_signals"": [], ""can_ids"": [], ""formula"": ""G(lead_vehicle_closing -> F[0,300 ms] acc_adjusted)""}"
R038,units,True,True,True,True,True,True,0,0,0,0,0,0,0,0,0,0,baseline,0,1,True,True,,"{""deadline_ms"": 50.0, ""unresolved"": false, ""component"": ""safety_monitor"", ""trigger"": ""fault_detected"", ""response"": ""safety_mechanism_active"", ""vss_signals"": [], ""can_ids"": [], ""formula"": ""G(fault_detected -> F[0,50 ms] safety_mechanism_active)""}"
R039,units,True,True,True,True,True,True,0,0,1,0,0,0,0,0,0,0,baseline,0,1,True,True,,"{""deadline_ms"": 100.0, ""unresolved"": false, ""component"": ""braking_system"", ""trigger"": ""pedestrian_detected"", ""response"": ""brake_applied"", ""vss_signals"": [], ""can_ids"": [], ""formula"": ""G(pedestrian_detected -> F[0,100 ms] brake_applied)""}"
R040,units,True,True,True,False,False,True,0,0,0,0,0,0,0,0,0,0,baseline,0,1,True,True,,"{""deadline_ms"": 15.0, ""unresolved"": false, ""component"": ""safety_monitor"", ""trigger"": ""impact_detection"", ""response"": ""airbag_deployed"", ""vss_signals"": [], ""can_ids"": [], ""formula"": ""G(impact_detection -> F[0,15 ms] airbag_deployed)""}"
R041,units,True,True,True,True,True,True,0,0,1,0,0,0,0,0,0,0,baseline,0,1,True,True,,"{""deadline_ms"": 150.0, ""unresolved"": false, ""component"": ""braking_system"", ""trigger"": ""obstacle_detected"", ""response"": ""full_braking_applied"", ""vss_signals"": [], ""can_ids"": [], ""formula"": ""G(obstacle_detected -> F[0,150 ms] full_braking_applied)""}"
R042,units,True,True,True,True,True,True,0,0,0,0,0,1,0,0,0,0,baseline,0,1,True,True,,"{""deadline_ms"": 100.0, ""unresolved"": false, ""component"": ""braking_system"", ""trigger"": ""obstacle_detected"", ""response"": ""emergency_brake_command_issued"", ""vss_signals"": [], ""can_ids"": [], ""formula"": ""G(obstacle_detected -> F[0,100 ms] emergency_brake_command_issued)""}"
R043,units,True,True,True,False,False,True,0,0,1,0,0,0,0,0,0,0,baseline,0,1,True,True,,"{""deadline_ms"": 50.0, ""unresolved"": false, ""component"": ""alert_module"", ""trigger"": ""lane_departure"", ""response"": ""warning_sound"", ""vss_signals"": [], ""can_ids"": [], ""formula"": ""G(lane_departure -> F[0,50 ms] warning_sound)""}"
R044,units,True,True,True,True,True,True,0,0,0,0,0,0,0,0,0,0,baseline,0,1,True,True,,"{""deadline_ms"": 2000.0, ""unresolved"": false, ""component"": ""safety_monitor"", ""trigger"": ""fault_detected"", ""response"": ""fault_reaction_complete"", ""vss_signals"": [], ""can_ids"": [], ""formula"": ""G(fault_detected -> F[0,2000 ms] fault_reaction_complete)""}"
R045,units,True,True,True,True,True,True,0,0,0,0,0,1,0,0,0,0,baseline,0,1,True,True,,"{""deadline_ms"": 250.0, ""unresolved"": false, ""component"": ""steering_ecu"", ""trigger"": ""steering_command_requested"", ""response"": ""steering_command_output"", ""vss_signals"": [], ""can_ids"": [], ""formula"": ""G(steering_command_requested -> F[0,250 ms] steering_command_output)""}"
R046,distractor,True,True,True,True,True,True,0,0,1,0,0,0,0,0,0,0,baseline,0,1,True,True,,"{""deadline_ms"": 120.0, ""unresolved"": false, ""component"": ""braking_system"", ""trigger"": ""obstacle_detected"", ""response"": ""emergency_brake_engaged"", ""vss_signals"": [], ""can_ids"": [], ""formula"": ""G(obstacle_detected -> F[0,120 ms] emergency_brake_engaged)""}"
R047,distractor,True,True,True,True,True,True,0,0,1,0,0,0,0,0,0,0,baseline,0,1,True,True,,"{""deadline_ms"": 100.0, ""unresolved"": false, ""component"": ""braking_system"", ""trigger"": ""obstacle_detected"", ""response"": ""brake_started"", ""vss_signals"": [], ""can_ids"": [], ""formula"": ""G(obstacle_detected -> F[0,100 ms] brake_started)""}"
R048,distractor,True,True,True,True,True,True,0,0,1,0,0,0,0,0,0,0,baseline,0,1,True,True,,"{""deadline_ms"": 200.0, ""unresolved"": false, ""component"": ""lane_departure_system"", ""trigger"": ""lane_departure_detected"", ""response"": ""lane_departure_warning_issued"", ""vss_signals"": [], ""can_ids"": [], ""formula"": ""G(lane_departure_detected -> F[0,200 ms] lane_departure_warning_issued)""}"
R049,distractor,True,True,True,True,True,True,0,0,1,0,0,0,0,0,0,0,baseline,0,1,True,True,,"{""deadline_ms"": 150.0, ""unresolved"": false, ""component"": ""braking_system"", ""trigger"": ""pedestrian_detected"", ""response"": ""brake_applied"", ""vss_signals"": [], ""can_ids"": [], ""formula"": ""G(pedestrian_detected -> F[0,150 ms] brake_applied)""}"
R050,distractor,True,True,True,True,True,True,0,0,0,1,0,0,0,0,0,1,baseline,0,1,True,True,,"{""deadline_ms"": 100.0, ""unresolved"": false, ""component"": ""braking_system"", ""trigger"": ""detection"", ""response"": ""brake_command_transmitted"", ""vss_signals"": [], ""can_ids"": [""0x1A0""], ""formula"": ""G(detection -> F[0,100 ms] brake_command_transmitted)""}"
R051,distractor,True,True,True,True,True,True,0,0,0,0,0,0,0,0,0,0,baseline,0,1,True,True,,"{""deadline_ms"": 300.0, ""unresolved"": false, ""component"": ""acc_system"", ""trigger"": ""speed_50kmh_gradient3pct"", ""response"": ""acc_react"", ""vss_signals"": [], ""can_ids"": [], ""formula"": ""G(speed_50kmh_gradient3pct -> F[0,300 ms] acc_react)""}"
R052,distractor,True,True,True,True,True,True,0,0,0,0,0,0,0,0,0,0,baseline,0,1,True,True,,"{""deadline_ms"": 50.0, ""unresolved"": false, ""component"": ""safety_monitor"", ""trigger"": ""supply_drop"", ""response"": ""safety_mechanism_activated"", ""vss_signals"": [], ""can_ids"": [], ""formula"": ""G(supply_drop -> F[0,50 ms] safety_mechanism_activated)""}"
R053,distractor,True,True,True,True,True,True,0,0,0,0,0,0,0,0,0,0,baseline,0,1,True,True,,"{""deadline_ms"": 200.0, ""unresolved"": false, ""component"": ""steering_ecu"", ""trigger"": ""steering_override_requested"", ""response"": ""steering_override_completed"", ""vss_signals"": [], ""can_ids"": [], ""formula"": ""G(steering_override_requested -> F[0,200 ms] steering_override_completed)""}"
R054,distractor,True,True,True,True,True,True,0,0,0,0,0,1,0,0,0,0,baseline,0,1,True,True,,"{""deadline_ms"": 500.0, ""unresolved"": false, ""component"": ""ecu_watchdog"", ""trigger"": ""missing_heartbeat"", ""response"": ""ecu_reset"", ""vss_signals"": [], ""can_ids"": [], ""formula"": ""G(missing_heartbeat -> F[0,500 ms] ecu_reset)""}"
R055,distractor,True,True,True,True,True,True,0,0,0,0,0,0,0,0,0,0,baseline,0,1,True,True,,"{""deadline_ms"": 50.0, ""unresolved"": false, ""component"": ""alert_module"", ""trigger"": ""diagnostic_failure_detected"", ""response"": ""driver_alert_shown"", ""vss_signals"": [], ""can_ids"": [], ""formula"": ""G(diagnostic_failure_detected -> F[0,50 ms] driver_alert_shown)""}"
R056,distractor,True,True,True,True,True,True,0,0,0,0,0,2,0,0,0,0,baseline,0,1,True,True,,"{""deadline_ms"": 33.0, ""unresolved"": false, ""component"": ""other"", ""trigger"": ""low_light_detected"", ""response"": ""fusion_ecu_received"", ""vss_signals"": [], ""can_ids"": [], ""formula"": ""G(low_light_detected -> F[0,33 ms] fusion_ecu_received)""}"
R057,distractor,True,True,True,True,True,True,0,0,1,0,0,0,0,0,0,0,baseline,0,1,True,True,,"{""deadline_ms"": 50.0, ""unresolved"": false, ""component"": ""alert_module"", ""trigger"": ""obstacle_within_40m"", ""response"": ""warning_displayed"", ""vss_signals"": [], ""can_ids"": [], ""formula"": ""G(obstacle_within_40m -> F[0,50 ms] warning_displayed)""}"
R058,distractor,True,True,True,True,True,True,0,0,1,0,0,0,0,0,0,0,baseline,0,1,True,True,,"{""deadline_ms"": 100.0, ""unresolved"": false, ""component"": ""braking_system"", ""trigger"": ""pedestrian_detected"", ""response"": ""brake_applied"", ""vss_signals"": [], ""can_ids"": [], ""formula"": ""G(pedestrian_detected -> F[0,100 ms] brake_applied)""}"
R059,distractor,True,True,True,False,False,True,0,0,1,0,0,0,0,0,0,0,baseline,0,1,True,True,,"{""deadline_ms"": 50.0, ""unresolved"": false, ""component"": ""braking_system"", ""trigger"": ""skid_detection"", ""response"": ""esc_intervention"", ""vss_signals"": [], ""can_ids"": [], ""formula"": ""G(skid_detection -> F[0,50 ms] esc_intervention)""}"
R060,distractor,True,True,True,False,False,True,0,0,0,0,0,0,0,0,0,0,baseline,0,1,True,True,,"{""deadline_ms"": 15.0, ""unresolved"": false, ""component"": ""safety_monitor"", ""trigger"": ""crash_detection"", ""response"": ""airbag_deployed"", ""vss_signals"": [], ""can_ids"": [], ""formula"": ""G(crash_detection -> F[0,15 ms] airbag_deployed)""}"
R061,multi_clause,True,True,True,True,True,True,0,0,1,0,0,0,0,0,0,0,baseline,0,1,True,True,,"{""deadline_ms"": 100.0, ""unresolved"": false, ""component"": ""braking_system"", ""trigger"": ""obstacle_detected"", ""response"": ""brake_applied"", ""vss_signals"": [], ""can_ids"": [], ""formula"": ""G(obstacle_detected -> F[0,100 ms] brake_applied)""}"
R062,multi_clause,True,True,True,True,True,True,0,0,1,0,0,0,0,0,0,0,baseline,0,1,True,True,,"{""deadline_ms"": 200.0, ""unresolved"": false, ""component"": ""lane_departure_system"", ""trigger"": ""lane_departure_detected"", ""response"": ""warning_issued"", ""vss_signals"": [], ""can_ids"": [], ""formula"": ""G(lane_departure_detected -> F[0,200 ms] warning_issued)""}"
R063,multi_clause,True,True,True,True,True,True,0,0,0,0,0,0,0,0,0,0,baseline,0,1,True,True,,"{""deadline_ms"": 200.0, ""unresolved"": false, ""component"": ""steering_ecu"", ""trigger"": ""steering_override_command_issued"", ""response"": ""steering_override_completed"", ""vss_signals"": [], ""can_ids"": [], ""formula"": ""G(steering_override_command_issued -> F[0,200 ms] steering_override_completed)""}"
R064,multi_clause,True,False,True,True,False,True,0,0,0,0,0,0,0,0,0,0,baseline,0,1,True,True,,"{""deadline_ms"": 20.0, ""unresolved"": false, ""component"": ""ecu_watchdog"", ""trigger"": ""watchdog_timeout"", ""response"": ""reset_sequence_start"", ""vss_signals"": [], ""can_ids"": [], ""formula"": ""G(watchdog_timeout -> F[0,20 ms] reset_sequence_start)""}"
R065,multi_clause,True,True,True,True,True,True,0,0,1,0,0,0,0,0,0,0,baseline,0,1,True,True,,"{""deadline_ms"": 100.0, ""unresolved"": false, ""component"": ""braking_system"", ""trigger"": ""pedestrian_detected"", ""response"": ""brake_fully_applied"", ""vss_signals"": [], ""can_ids"": [], ""formula"": ""G(pedestrian_detected -> F[0,100 ms] brake_fully_applied)""}"
R066,multi_clause,True,True,True,True,True,True,0,0,0,0,0,0,0,0,0,0,baseline,0,1,True,True,,"{""deadline_ms"": 50.0, ""unresolved"": false, ""component"": ""alert_module"", ""trigger"": ""alert_condition"", ""response"": ""driver_alert"", ""vss_signals"": [], ""can_ids"": [], ""formula"": ""G(alert_condition -> F[0,50 ms] driver_alert)""}"
R067,multi_clause,True,True,True,True,True,True,0,0,0,0,0,0,0,0,0,0,baseline,0,1,True,True,,"{""deadline_ms"": 300.0, ""unresolved"": false, ""component"": ""acc_system"", ""trigger"": ""acc_command_received"", ""response"": ""brake_request_sent"", ""vss_signals"": [], ""can_ids"": [], ""formula"": ""G(acc_command_received -> F[0,300 ms] brake_request_sent)""}"
R068,multi_clause,True,True,True,True,True,True,0,0,0,0,0,0,0,0,0,0,baseline,0,1,True,True,,"{""deadline_ms"": 50.0, ""unresolved"": false, ""component"": ""safety_monitor"", ""trigger"": ""safety_mechanism_activated"", ""response"": ""safety_mechanism_reacted"", ""vss_signals"": [], ""can_ids"": [], ""formula"": ""G(safety_mechanism_activated -> F[0,50 ms] safety_mechanism_reacted)""}"
R069,multi_clause,True,True,True,False,False,True,0,0,0,0,0,0,0,0,0,0,baseline,0,1,True,True,,"{""deadline_ms"": 15.0, ""unresolved"": false, ""component"": ""safety_monitor"", ""trigger"": ""crash_detected"", ""response"": ""airbag_deployed"", ""vss_signals"": [], ""can_ids"": [], ""formula"": ""G(crash_detected -> F[0,15 ms] airbag_deployed)""}"
R070,multi_clause,True,True,True,False,False,True,0,0,2,0,0,0,0,0,0,0,baseline,0,1,True,True,,"{""deadline_ms"": 100.0, ""unresolved"": false, ""component"": ""braking_system"", ""trigger"": ""brake_pedal_pressed"", ""response"": ""brake_light_illuminated"", ""vss_signals"": [], ""can_ids"": [], ""formula"": ""G(brake_pedal_pressed -> F[0,100 ms] brake_light_illuminated)""}"
R071,no_deadline,True,True,True,False,False,True,0,0,0,0,0,0,0,0,0,0,baseline,0,1,True,True,,"{""deadline_ms"": null, ""unresolved"": false, ""component"": ""other"", ""trigger"": ""emergency_brake_activated"", ""response"": ""activation_logged"", ""vss_signals"": [], ""can_ids"": [], ""formula"": null}"
R072,no_deadline,True,True,True,True,True,True,0,0,1,0,0,0,0,0,0,0,baseline,0,1,True,True,,"{""deadline_ms"": null, ""unresolved"": false, ""component"": ""lane_departure_system"", ""trigger"": ""lane_departure_detected"", ""response"": ""lane_departure_warning"", ""vss_signals"": [], ""can_ids"": [], ""formula"": null}"
R073,no_deadline,True,True,True,True,True,True,0,0,1,0,0,0,0,0,0,0,baseline,0,1,True,True,,"{""deadline_ms"": null, ""unresolved"": false, ""component"": ""acc_system"", ""trigger"": ""driver_disable_request"", ""response"": ""acc_deactivated"", ""vss_signals"": [], ""can_ids"": [], ""formula"": null}"
R074,no_deadline,True,True,True,True,True,True,0,0,1,0,0,0,0,0,0,0,baseline,0,1,True,True,,"{""deadline_ms"": null, ""unresolved"": false, ""component"": ""steering_ecu"", ""trigger"": """", ""response"": """", ""vss_signals"": [], ""can_ids"": [], ""formula"": null}"
R075,no_deadline,True,True,True,True,True,True,0,0,0,0,0,0,0,0,0,0,baseline,0,1,True,True,,"{""deadline_ms"": null, ""unresolved"": false, ""component"": ""braking_system"", ""trigger"": """", ""response"": """", ""vss_signals"": [], ""can_ids"": [], ""formula"": null}"
R076,no_deadline,True,True,True,True,True,True,0,0,0,0,0,0,0,0,0,0,baseline,0,1,True,True,,"{""deadline_ms"": null, ""unresolved"": false, ""component"": ""ecu_watchdog"", ""trigger"": """", ""response"": """", ""vss_signals"": [], ""can_ids"": [], ""formula"": null}"
R077,no_deadline,True,True,True,True,True,True,0,0,1,0,0,0,0,0,0,0,baseline,0,1,True,True,,"{""deadline_ms"": null, ""unresolved"": false, ""component"": ""other"", ""trigger"": """", ""response"": """", ""vss_signals"": [], ""can_ids"": [], ""formula"": null}"
R078,no_deadline,True,True,True,True,True,True,0,0,0,0,0,0,0,0,0,0,baseline,0,1,True,True,,"{""deadline_ms"": null, ""unresolved"": false, ""component"": ""other"", ""trigger"": """", ""response"": """", ""vss_signals"": [], ""can_ids"": [], ""formula"": null}"
R079,no_deadline,True,True,True,True,True,True,0,0,0,0,0,0,0,0,0,0,baseline,0,1,True,True,,"{""deadline_ms"": null, ""unresolved"": false, ""component"": ""other"", ""trigger"": """", ""response"": """", ""vss_signals"": [], ""can_ids"": [], ""formula"": null}"
R080,no_deadline,True,True,True,True,True,True,0,0,0,0,0,0,0,0,0,0,baseline,0,1,True,True,,"{""deadline_ms"": null, ""unresolved"": false, ""component"": ""safety_monitor"", ""trigger"": ""monitor_active"", ""response"": ""status_reported"", ""vss_signals"": [], ""can_ids"": [], ""formula"": null}"
R081,no_deadline,True,True,True,True,True,True,1,0,0,0,0,0,0,0,1,0,baseline,0,1,True,True,,"{""deadline_ms"": null, ""unresolved"": false, ""component"": ""other"", ""trigger"": """", ""response"": """", ""vss_signals"": [""Vehicle.Speed""], ""can_ids"": [], ""formula"": null}"
R082,no_deadline,True,True,True,True,True,True,0,0,1,0,0,0,0,0,0,0,baseline,0,1,True,True,,"{""deadline_ms"": null, ""unresolved"": false, ""component"": ""braking_system"", ""trigger"": """", ""response"": """", ""vss_signals"": [], ""can_ids"": [], ""formula"": null}"
R083,no_deadline,True,True,True,True,True,True,0,0,0,0,0,0,0,0,0,0,baseline,0,1,True,True,,"{""deadline_ms"": null, ""unresolved"": false, ""component"": ""other"", ""trigger"": """", ""response"": """", ""vss_signals"": [], ""can_ids"": [], ""formula"": null}"
R084,no_deadline,True,True,True,True,True,True,0,0,0,0,0,0,0,0,0,0,baseline,0,1,True,True,,"{""deadline_ms"": null, ""unresolved"": false, ""component"": ""ecu_watchdog"", ""trigger"": ""watchdog_reset"", ""response"": ""ecu_restart"", ""vss_signals"": [], ""can_ids"": [], ""formula"": null}"
R085,no_deadline,True,True,True,True,True,True,0,0,0,0,0,1,0,0,0,0,baseline,0,1,True,True,,"{""deadline_ms"": null, ""unresolved"": false, ""component"": ""other"", ""trigger"": """", ""response"": """", ""vss_signals"": [], ""can_ids"": [], ""formula"": null}"
R086,vague,True,True,True,True,True,True,0,0,1,0,0,0,0,0,0,0,baseline,0,1,True,True,,"{""deadline_ms"": null, ""unresolved"": true, ""component"": ""braking_system"", ""trigger"": ""obstacle_detected"", ""response"": ""brake_engaged"", ""vss_signals"": [], ""can_ids"": [], ""formula"": null}"
R087,vague,True,True,True,True,True,True,0,0,1,0,0,0,0,0,0,0,baseline,0,1,True,True,,"{""deadline_ms"": null, ""unresolved"": true, ""component"": ""lane_departure_system"", ""trigger"": ""lane_departure_detected"", ""response"": ""lane_departure_warning_issued"", ""vss_signals"": [], ""can_ids"": [], ""formula"": null}"
R088,vague,True,True,True,True,True,True,0,0,0,0,0,0,0,0,0,0,baseline,0,1,True,True,,"{""deadline_ms"": null, ""unresolved"": true, ""component"": ""alert_module"", ""trigger"": ""alert_condition"", ""response"": ""driver_alert_displayed"", ""vss_signals"": [], ""can_ids"": [], ""formula"": null}"
R089,vague,True,True,True,True,True,True,0,0,0,0,0,0,0,0,0,0,baseline,0,1,True,True,,"{""deadline_ms"": null, ""unresolved"": true, ""component"": ""acc_system"", ""trigger"": ""lead_vehicle_speed_change"", ""response"": ""acc_adjusted"", ""vss_signals"": [], ""can_ids"": [], ""formula"": null}"
R090,vague,True,True,True,True,True,True,0,0,1,0,0,0,0,0,0,0,baseline,0,1,True,True,,"{""deadline_ms"": null, ""unresolved"": true, ""component"": ""braking_system"", ""trigger"": ""pedestrian_detected"", ""response"": ""brake_applied"", ""vss_signals"": [], ""can_ids"": [], ""formula"": null}"
R091,vague,True,True,True,True,True,True,0,0,0,0,0,0,0,0,0,0,baseline,0,1,True,True,,"{""deadline_ms"": null, ""unresolved"": true, ""component"": ""steering_ecu"", ""trigger"": ""steering_override_requested"", ""response"": ""steering_override_executed"", ""vss_signals"": [], ""can_ids"": [], ""formula"": null}"
R092,vague,True,True,True,True,True,True,0,0,0,0,0,1,0,0,0,0,baseline,0,1,True,True,,"{""deadline_ms"": null, ""unresolved"": true, ""component"": ""ecu_watchdog"", ""trigger"": ""heartbeat_lost"", ""response"": ""reset_triggered"", ""vss_signals"": [], ""can_ids"": [], ""formula"": null}"
R093,vague,True,True,True,True,True,True,0,0,0,0,0,0,0,0,0,0,baseline,0,1,True,True,,"{""deadline_ms"": null, ""unresolved"": true, ""component"": ""safety_monitor"", ""trigger"": ""event_detected"", ""response"": ""mechanism_reacted"", ""vss_signals"": [], ""can_ids"": [], ""formula"": null}"
R094,vague,True,True,True,True,True,True,0,0,0,0,0,0,0,0,0,0,baseline,0,1,True,True,,"{""deadline_ms"": null, ""unresolved"": true, ""component"": ""other"", ""trigger"": ""impact_detected"", ""response"": ""airbag_deployed"", ""vss_signals"": [], ""can_ids"": [], ""formula"": null}"
R095,vague,True,True,True,True,True,True,0,0,1,0,0,0,0,0,0,0,baseline,0,1,True,True,,"{""deadline_ms"": null, ""unresolved"": true, ""component"": ""alert_module"", ""trigger"": ""obstacle_detected"", ""response"": ""warning_displayed"", ""vss_signals"": [], ""can_ids"": [], ""formula"": null}"
R096,derived,True,True,True,True,True,True,0,0,1,0,0,0,0,0,0,0,baseline,0,1,True,True,,"{""deadline_ms"": 50.0, ""unresolved"": false, ""component"": ""braking_system"", ""trigger"": ""obstacle_detected"", ""response"": ""brake_started"", ""vss_signals"": [], ""can_ids"": [], ""formula"": ""G(obstacle_detected -> F[0,50 ms] brake_started)""}"
R097,derived,True,True,True,True,True,True,0,0,1,0,0,0,0,0,0,0,baseline,0,1,True,True,,"{""deadline_ms"": 200.0, ""unresolved"": false, ""component"": ""lane_departure_system"", ""trigger"": ""lane_departure_detected"", ""response"": ""lane_departure_warning_generated"", ""vss_signals"": [], ""can_ids"": [], ""formula"": ""G(lane_departure_detected -> F[0,200 ms] lane_departure_warning_generated)""}"
R098,derived,True,True,True,True,True,True,0,0,0,0,0,1,0,0,0,0,baseline,0,1,True,True,,"{""deadline_ms"": 300.0, ""unresolved"": false, ""component"": ""ecu_watchdog"", ""trigger"": ""heartbeat_missed"", ""response"": ""watchdog_expired"", ""vss_signals"": [], ""can_ids"": [], ""formula"": ""G(heartbeat_missed -> F[0,300 ms] watchdog_expired)""}"
R099,derived,True,True,True,True,True,True,0,0,0,0,0,0,0,0,0,0,baseline,0,1,True,True,,"{""deadline_ms"": 300.0, ""unresolved"": false, ""component"": ""acc_system"", ""trigger"": ""acc_command_received"", ""response"": ""acc_response_sent"", ""vss_signals"": [], ""can_ids"": [], ""formula"": ""G(acc_command_received -> F[0,300 ms] acc_response_sent)""}"
R100,derived,True,True,True,True,True,True,0,0,0,0,0,1,0,0,0,0,baseline,0,1,True,True,,"{""deadline_ms"": 100.0, ""unresolved"": false, ""component"": ""braking_system"", ""trigger"": ""detection"", ""response"": ""brake_command_sent"", ""vss_signals"": [], ""can_ids"": [], ""formula"": ""G(detection -> F[0,100 ms] brake_command_sent)""}"
R101,derived,True,True,True,True,True,True,0,0,0,0,0,0,0,0,0,0,baseline,0,1,True,True,,"{""deadline_ms"": 50.0, ""unresolved"": false, ""component"": ""alert_module"", ""trigger"": ""sensor_tick"", ""response"": ""driver_alert_displayed"", ""vss_signals"": [], ""can_ids"": [], ""formula"": ""G(sensor_tick -> F[0,50 ms] driver_alert_displayed)""}"
R102,derived,True,True,True,True,True,True,0,0,0,0,0,0,0,0,0,0,baseline,0,1,True,True,,"{""deadline_ms"": 200.0, ""unresolved"": false, ""component"": ""steering_ecu"", ""trigger"": ""steering_override"", ""response"": ""override_finished"", ""vss_signals"": [], ""can_ids"": [], ""formula"": ""G(steering_override -> F[0,200 ms] override_finished)""}"
R103,derived,True,True,True,False,False,True,0,0,0,0,0,0,0,0,0,0,baseline,0,1,True,True,,"{""deadline_ms"": 50.0, ""unresolved"": false, ""component"": ""braking_system"", ""trigger"": ""emergency_brake_requested"", ""response"": ""safety_mechanism_activated"", ""vss_signals"": [], ""can_ids"": [], ""formula"": ""G(emergency_brake_requested -> F[0,50 ms] safety_mechanism_activated)""}"
R104,derived,True,True,True,True,True,True,0,0,1,0,0,0,0,0,0,0,baseline,0,1,True,True,,"{""deadline_ms"": 100.0, ""unresolved"": false, ""component"": ""braking_system"", ""trigger"": ""pedestrian_detected"", ""response"": ""brake_applied"", ""vss_signals"": [], ""can_ids"": [], ""formula"": ""G(pedestrian_detected -> F[0,100 ms] brake_applied)""}"
R105,derived,True,True,True,False,False,True,0,0,0,0,0,0,0,0,0,0,baseline,0,1,True,True,,"{""deadline_ms"": 15.0, ""unresolved"": false, ""component"": ""safety_monitor"", ""trigger"": ""sensor_frame_start"", ""response"": ""airbag_deployed"", ""vss_signals"": [], ""can_ids"": [], ""formula"": ""G(sensor_frame_start -> F[0,15 ms] airbag_deployed)""}"
R106,derived,True,True,True,True,True,True,0,0,0,0,0,1,0,0,0,0,baseline,0,1,True,True,,"{""deadline_ms"": 2.0, ""unresolved"": false, ""component"": ""braking_system"", ""trigger"": ""brake_actuator_update"", ""response"": ""brake_pressure_feedback"", ""vss_signals"": [], ""can_ids"": [], ""formula"": ""G(brake_actuator_update -> F[0,2 ms] brake_pressure_feedback)""}"
R107,derived,True,True,True,False,False,True,0,0,0,0,0,2,0,0,0,0,baseline,0,1,True,True,,"{""deadline_ms"": 20.0, ""unresolved"": false, ""component"": ""safety_monitor"", ""trigger"": ""camera_detection"", ""response"": ""fusion_output_available"", ""vss_signals"": [], ""can_ids"": [], ""formula"": ""G(camera_detection -> F[0,20 ms] fusion_output_available)""}"
R108,derived,True,True,True,True,True,True,0,0,1,0,0,0,0,0,0,0,baseline,0,1,True,True,,"{""deadline_ms"": 200.0, ""unresolved"": false, ""component"": ""lane_departure_system"", ""trigger"": ""lane_departure_detected"", ""response"": ""warning_issued"", ""vss_signals"": [], ""can_ids"": [], ""formula"": ""G(lane_departure_detected -> F[0,200 ms] warning_issued)""}"
R109,derived,True,True,True,True,True,True,0,0,2,0,0,0,0,0,0,0,baseline,0,1,True,True,,"{""deadline_ms"": 100.0, ""unresolved"": false, ""component"": ""acc_system"", ""trigger"": ""brake_applied"", ""response"": ""cruise_control_disengaged"", ""vss_signals"": [], ""can_ids"": [], ""formula"": ""G(brake_applied -> F[0,100 ms] cruise_control_disengaged)""}"
R110,derived,True,True,True,True,True,True,0,0,0,0,0,0,0,0,0,0,baseline,0,1,True,True,,"{""deadline_ms"": 200.0, ""unresolved"": false, ""component"": ""steering_ecu"", ""trigger"": ""steering_command_requested"", ""response"": ""steering_angle_set"", ""vss_signals"": [], ""can_ids"": [], ""formula"": ""G(steering_command_requested -> F[0,200 ms] steering_angle_set)""}"
R111,format,True,True,True,True,True,True,0,0,1,0,0,0,0,0,0,0,baseline,0,1,True,True,,"{""deadline_ms"": 100.0, ""unresolved"": false, ""component"": ""braking_system"", ""trigger"": ""obstacle_detected"", ""response"": ""brake_applied"", ""vss_signals"": [], ""can_ids"": [], ""formula"": ""G(obstacle_detected -> F[0,100 ms] brake_applied)""}"
R112,format,True,True,True,True,True,True,0,0,1,0,0,0,0,0,0,0,baseline,0,1,True,True,,"{""deadline_ms"": 100.0, ""unresolved"": false, ""component"": ""braking_system"", ""trigger"": ""obstacle_detected"", ""response"": ""brake_applied"", ""vss_signals"": [], ""can_ids"": [], ""formula"": ""G(obstacle_detected -> F[0,100 ms] brake_applied)""}"
R113,format,True,True,True,True,True,True,0,0,1,0,0,0,0,0,0,0,baseline,0,1,True,True,,"{""deadline_ms"": 100.0, ""unresolved"": false, ""component"": ""braking_system"", ""trigger"": ""obstacle_detected"", ""response"": ""brake_applied"", ""vss_signals"": [], ""can_ids"": [], ""formula"": ""G(obstacle_detected -> F[0,100 ms] brake_applied)""}"
R114,format,True,True,True,True,True,True,0,0,1,0,0,0,0,0,0,0,baseline,0,1,True,True,,"{""deadline_ms"": 100.0, ""unresolved"": false, ""component"": ""braking_system"", ""trigger"": ""obstacle_detected"", ""response"": ""brake_applied"", ""vss_signals"": [], ""can_ids"": [], ""formula"": ""G(obstacle_detected -> F[0,100 ms] brake_applied)""}"
R115,format,True,True,True,True,True,True,0,0,1,0,0,0,0,0,0,0,baseline,0,1,True,True,,"{""deadline_ms"": 200.0, ""unresolved"": false, ""component"": ""lane_departure_system"", ""trigger"": ""lane_crossing_detected"", ""response"": ""ldw_alert"", ""vss_signals"": [], ""can_ids"": [], ""formula"": ""G(lane_crossing_detected -> F[0,200 ms] ldw_alert)""}"
R116,format,True,True,True,True,True,True,0,0,0,0,0,1,0,0,0,0,baseline,0,1,True,True,,"{""deadline_ms"": 500.0, ""unresolved"": false, ""component"": ""ecu_watchdog"", ""trigger"": ""heartbeat_missed"", ""response"": ""system_reset"", ""vss_signals"": [], ""can_ids"": [], ""formula"": ""G(heartbeat_missed -> F[0,500 ms] system_reset)""}"
R117,format,True,True,True,True,True,True,0,0,1,0,0,0,0,0,0,0,baseline,0,1,True,True,,"{""deadline_ms"": 100.0, ""unresolved"": false, ""component"": ""braking_system"", ""trigger"": ""pedestrian_detection"", ""response"": ""brake_applied"", ""vss_signals"": [], ""can_ids"": [], ""formula"": ""G(pedestrian_detection -> F[0,100 ms] brake_applied)""}"
R118,format,True,True,True,True,True,True,0,0,0,0,0,0,0,0,0,0,baseline,0,1,True,True,,"{""deadline_ms"": 300.0, ""unresolved"": false, ""component"": ""acc_system"", ""trigger"": ""acc_command"", ""response"": ""acc_response"", ""vss_signals"": [], ""can_ids"": [], ""formula"": ""G(acc_command -> F[0,300 ms] acc_response)""}"
R119,format,True,True,True,True,True,True,0,0,0,0,0,0,0,0,0,0,baseline,0,1,True,True,,"{""deadline_ms"": 50.0, ""unresolved"": false, ""component"": ""alert_module"", ""trigger"": ""alert_condition"", ""response"": ""driver_alert"", ""vss_signals"": [], ""can_ids"": [], ""formula"": ""G(alert_condition -> F[0,50 ms] driver_alert)""}"
R120,format,True,True,True,True,True,True,0,0,1,0,0,0,0,0,0,0,baseline,0,1,True,True,,"{""deadline_ms"": 100.0, ""unresolved"": false, ""component"": ""braking_system"", ""trigger"": ""obstacle_detected"", ""response"": ""aeb_engaged"", ""vss_signals"": [], ""can_ids"": [], ""formula"": ""G(obstacle_detected -> F[0,100 ms] aeb_engaged)""}"
R001,explicit,True,True,True,True,True,True,0,2,1,0,2,0,2,2,2,2,eager,0,1,False,False,"VSS signals ['Vehicle.Chassis.Sensors.ObstacleDetected', 'Vehicle.Chassis.Brake.Actuator.RequestedTorque'] are not in the knowledge base; list only signals that exist there, or leave the list empty | CAN IDs ['0x260', '0x250'] are not in the knowledge base; list only IDs that exist there, or leave t","{""deadline_ms"": 100.0, ""unresolved"": false, ""component"": ""braking_system"", ""trigger"": ""obstacle_detected"", ""response"": ""brake_applied"", ""vss_signals"": [""Vehicle.Chassis.Sensors.ObstacleDetected"", ""Vehicle.Chassis.Brake.Actuator.RequestedTorque""], ""can_ids"": [""0x260"", ""0x250""], ""formula"": ""G(obstacle_detected -> F[0,100 ms] brake_applied)""}"
R002,explicit,True,True,True,True,True,True,0,1,1,1,0,0,1,0,1,1,eager,0,1,False,False,"VSS signals ['Vehicle.Cabin.Brake.Command'] are not in the knowledge base; list only signals that exist there, or leave the list empty","{""deadline_ms"": 100.0, ""unresolved"": false, ""component"": ""braking_system"", ""trigger"": ""obstacle_warning_raised"", ""response"": ""brake_command_sent"", ""vss_signals"": [""Vehicle.Cabin.Brake.Command""], ""can_ids"": [""0x1A0""], ""formula"": ""G(obstacle_warning_raised -> F[0,100 ms] brake_command_sent)""}"
R003,explicit,True,True,True,True,True,True,0,1,1,0,1,0,1,1,1,1,eager,0,1,False,False,"VSS signals ['Vehicle.Body.PedestrianDetection'] are not in the knowledge base; list only signals that exist there, or leave the list empty | CAN IDs ['0x250'] are not in the knowledge base; list only IDs that exist there, or leave the list empty","{""deadline_ms"": 100.0, ""unresolved"": false, ""component"": ""braking_system"", ""trigger"": ""pedestrian_detected"", ""response"": ""brake_applied"", ""vss_signals"": [""Vehicle.Body.PedestrianDetection""], ""can_ids"": [""0x250""], ""formula"": ""G(pedestrian_detected -> F[0,100 ms] brake_applied)""}"
R004,explicit,True,True,True,True,True,True,0,2,1,0,1,0,1,1,2,1,eager,0,1,False,False,"VSS signals ['Vehicle.Cabin.PedestrianDetection'] are not in the knowledge base; list only signals that exist there, or leave the list empty | CAN IDs ['0x0A0'] are not in the knowledge base; list only IDs that exist there, or leave the list empty","{""deadline_ms"": 100.0, ""unresolved"": false, ""component"": ""braking_system"", ""trigger"": ""pedestrian_detected"", ""response"": ""brake_applied"", ""vss_signals"": [""Vehicle.Cabin.PedestrianDetection"", ""Vehicle.Chassis.Brake.PedalPosition""], ""can_ids"": [""0x0A0""], ""formula"": ""G(pedestrian_detected -> F[0,100 ms] brake_applied)""}"
R005,explicit,True,True,True,True,True,True,0,2,1,0,1,0,2,1,2,1,eager,0,1,False,False,"VSS signals ['Vehicle.Body.LaneDepartureWarningActive', 'Vehicle.Body.LaneDepartureDetected'] are not in the knowledge base; list only signals that exist there, or leave the list empty | CAN IDs ['0x5A0'] are not in the knowledge base; list only IDs that exist there, or leave the list empty","{""deadline_ms"": 200.0, ""unresolved"": false, ""component"": ""lane_departure_system"", ""trigger"": ""lane_departure_detected"", ""response"": ""lane_departure_warning_issued"", ""vss_signals"": [""Vehicle.Body.LaneDepartureWarningActive"", ""Vehicle.Body.LaneDepartureDetected""], ""can_ids"": [""0x5A0""], ""formula"": ""G(lane_departure_detected -> F[0,200 ms] lane_departure_warning_issued)""}"
R006,explicit,True,True,True,True,True,True,0,1,1,0,1,0,1,1,1,1,eager,0,1,False,False,"VSS signals ['Vehicle.Cabin.Seat.Row1.Driver.Warnings.LaneDepartureWarning'] are not in the knowledge base; list only signals that exist there, or leave the list empty | CAN IDs ['0x5A0'] are not in the knowledge base; list only IDs that exist there, or leave the list empty","{""deadline_ms"": 200.0, ""unresolved"": false, ""component"": ""lane_departure_system"", ""trigger"": ""lane_departure_detected"", ""response"": ""lane_departure_warning"", ""vss_signals"": [""Vehicle.Cabin.Seat.Row1.Driver.Warnings.LaneDepartureWarning""], ""can_ids"": [""0x5A0""], ""formula"": ""G(lane_departure_detected -> F[0,200 ms] lane_departure_warning)""}"
R007,explicit,True,True,True,True,True,True,0,2,0,0,1,0,2,1,2,1,eager,0,1,False,False,"VSS signals ['Vehicle.AdaptiveCruiseControl.LeadVehicleSpeed', 'Vehicle.AdaptiveCruiseControl.TargetSpeed'] are not in the knowledge base; list only signals that exist there, or leave the list empty | CAN IDs ['0x2A0'] are not in the knowledge base; list only IDs that exist there, or leave the list ","{""deadline_ms"": 300.0, ""unresolved"": false, ""component"": ""acc_system"", ""trigger"": ""lead_vehicle_speed_change"", ""response"": ""acc_speed_adjusted"", ""vss_signals"": [""Vehicle.AdaptiveCruiseControl.LeadVehicleSpeed"", ""Vehicle.AdaptiveCruiseControl.TargetSpeed""], ""can_ids"": [""0x2A0""], ""formula"": ""G(lead_vehicle_speed_change -> F[0,300 ms] acc_speed_adjusted)""}"
R008,explicit,True,True,True,True,True,True,0,2,1,0,1,0,1,1,2,1,eager,0,1,False,False,"VSS signals ['Vehicle.Cabin.DriverSeat.SetSpeed'] are not in the knowledge base; list only signals that exist there, or leave the list empty | CAN IDs ['0x5A0'] are not in the knowledge base; list only IDs that exist there, or leave the list empty","{""deadline_ms"": 300.0, ""unresolved"": false, ""component"": ""acc_system"", ""trigger"": ""driver_set_speed_requested"", ""response"": ""acc_set_speed_adjusted"", ""vss_signals"": [""Vehicle.Cabin.DriverSeat.SetSpeed"", ""Vehicle.Speed""], ""can_ids"": [""0x5A0""], ""formula"": ""G(driver_set_speed_requested -> F[0,300 ms] acc_set_speed_adjusted)""}"
R009,explicit,True,True,True,True,True,True,0,2,0,0,1,0,2,0,2,1,eager,0,1,False,False,"VSS signals ['Vehicle.Cabin.DriverAlert', 'Vehicle.Diagnostic.FaultFlag'] are not in the knowledge base; list only signals that exist there, or leave the list empty","{""deadline_ms"": 50.0, ""unresolved"": false, ""component"": ""alert_module"", ""trigger"": ""critical_fault_flagged"", ""response"": ""driver_alert_presented"", ""vss_signals"": [""Vehicle.Cabin.DriverAlert"", ""Vehicle.Diagnostic.FaultFlag""], ""can_ids"": [""0x200""], ""formula"": ""G(critical_fault_flagged -> F[0,50 ms] driver_alert_presented)""}"
R010,explicit,True,True,True,True,True,True,0,1,0,0,0,0,1,0,1,0,eager,0,1,False,False,"VSS signals ['Vehicle.Cabin.Seat.Row1.Driver.AlertDisplay'] are not in the knowledge base; list only signals that exist there, or leave the list empty","{""deadline_ms"": 50.0, ""unresolved"": false, ""component"": ""alert_module"", ""trigger"": ""hazard_detected"", ""response"": ""driver_alert_displayed"", ""vss_signals"": [""Vehicle.Cabin.Seat.Row1.Driver.AlertDisplay""], ""can_ids"": [], ""formula"": ""G(hazard_detected -> F[0,50 ms] driver_alert_displayed)""}"
R011,explicit,True,True,True,True,True,True,0,2,0,0,1,0,2,0,2,1,eager,0,1,False,False,"VSS signals ['Vehicle.Cabin.SafetySystem.FaultDetected', 'Vehicle.Cabin.SafetySystem.MechanismActive'] are not in the knowledge base; list only signals that exist there, or leave the list empty","{""deadline_ms"": 50.0, ""unresolved"": false, ""component"": ""safety_monitor"", ""trigger"": ""fault_detected"", ""response"": ""safety_mechanism_activated"", ""vss_signals"": [""Vehicle.Cabin.SafetySystem.FaultDetected"", ""Vehicle.Cabin.SafetySystem.MechanismActive""], ""can_ids"": [""0x300""], ""formula"": ""G(fault_detected -> F[0,50 ms] safety_mechanism_activated)""}"
R012,explicit,True,True,True,True,True,True,0,2,0,0,0,0,2,0,2,0,eager,0,1,False,False,"VSS signals ['Vehicle.FaultDetection.FaultDetected', 'Vehicle.SafetyMechanism.ActivationStatus'] are not in the knowledge base; list only signals that exist there, or leave the list empty","{""deadline_ms"": 50.0, ""unresolved"": false, ""component"": ""safety_monitor"", ""trigger"": ""fault_detected"", ""response"": ""safety_mechanism_activated"", ""vss_signals"": [""Vehicle.FaultDetection.FaultDetected"", ""Vehicle.SafetyMechanism.ActivationStatus""], ""can_ids"": [], ""formula"": ""G(fault_detected -> F[0,50 ms] safety_mechanism_activated)""}"
R013,explicit,True,True,True,True,True,True,0,1,0,0,1,1,1,0,1,1,eager,0,1,False,False,"VSS signals ['Vehicle.CAN.Heartbeat'] are not in the knowledge base; list only signals that exist there, or leave the list empty","{""deadline_ms"": 500.0, ""unresolved"": false, ""component"": ""ecu_watchdog"", ""trigger"": ""heartbeat_missing"", ""response"": ""watchdog_timeout"", ""vss_signals"": [""Vehicle.CAN.Heartbeat""], ""can_ids"": [""0x700""], ""formula"": ""G(heartbeat_missing -> F[0,500 ms] watchdog_timeout)""}"
R014,explicit,True,True,True,True,True,True,0,1,0,0,1,1,1,1,1,1,eager,0,1,False,False,"VSS signals ['Vehicle.Cabin.ECU.Zone.Heartbeat'] are not in the knowledge base; list only signals that exist there, or leave the list empty | CAN IDs ['0x7E0'] are not in the knowledge base; list only IDs that exist there, or leave the list empty","{""deadline_ms"": 500.0, ""unresolved"": false, ""component"": ""ecu_watchdog"", ""trigger"": ""zone_ecu_heartbeat_missing"", ""response"": ""reset_triggered"", ""vss_signals"": [""Vehicle.Cabin.ECU.Zone.Heartbeat""], ""can_ids"": [""0x7E0""], ""formula"": ""G(zone_ecu_heartbeat_missing -> F[0,500 ms] reset_triggered)""}"
R015,explicit,True,True,True,True,True,True,0,2,0,0,1,0,2,1,2,1,eager,0,1,False,False,"VSS signals ['Vehicle.Cabin.SteeringWheel.OverrideRequest', 'Vehicle.Cabin.SteeringWheel.OverrideStatus'] are not in the knowledge base; list only signals that exist there, or leave the list empty | CAN IDs ['0x2A0'] are not in the knowledge base; list only IDs that exist there, or leave the list em","{""deadline_ms"": 200.0, ""unresolved"": false, ""component"": ""steering_ecu"", ""trigger"": ""steering_override_requested"", ""response"": ""steering_override_completed"", ""vss_signals"": [""Vehicle.Cabin.SteeringWheel.OverrideRequest"", ""Vehicle.Cabin.SteeringWheel.OverrideStatus""], ""can_ids"": [""0x2A0""], ""formula"": ""G(steering_override_requested -> F[0,200 ms] steering_override_completed)""}"
R016,explicit,True,True,True,True,True,True,0,2,1,0,1,1,2,1,2,1,eager,0,1,False,False,"VSS signals ['Vehicle.Cabin.SteeringWheel.AngleCommand', 'Vehicle.Cabin.SteeringWheel.Angle'] are not in the knowledge base; list only signals that exist there, or leave the list empty | CAN IDs ['0x2A0'] are not in the knowledge base; list only IDs that exist there, or leave the list empty","{""deadline_ms"": 200.0, ""unresolved"": false, ""component"": ""steering_ecu"", ""trigger"": ""emergency_steering_request"", ""response"": ""steering_angle_applied"", ""vss_signals"": [""Vehicle.Cabin.SteeringWheel.AngleCommand"", ""Vehicle.Cabin.SteeringWheel.Angle""], ""can_ids"": [""0x2A0""], ""formula"": ""G(emergency_steering_request -> F[0,200 ms] steering_angle_applied)""}"
R017,explicit,True,True,True,True,True,True,0,2,1,0,1,0,2,1,2,1,eager,0,1,False,False,"VSS signals ['Vehicle.Brake.ABS.LockupDetected', 'Vehicle.Brake.ABS.ControlActive'] are not in the knowledge base; list only signals that exist there, or leave the list empty | CAN IDs ['0x0A0'] are not in the knowledge base; list only IDs that exist there, or leave the list empty","{""deadline_ms"": 20.0, ""unresolved"": false, ""component"": ""braking_system"", ""trigger"": ""wheel_lock_up_detected"", ""response"": ""abs_brake_pressure_control_started"", ""vss_signals"": [""Vehicle.Brake.ABS.LockupDetected"", ""Vehicle.Brake.ABS.ControlActive""], ""can_ids"": [""0x0A0""], ""formula"": ""G(wheel_lock_up_detected -> F[0,20 ms] abs_brake_pressure_control_started)""}"
R018,explicit,True,True,True,False,False,True,0,3,1,0,1,0,3,1,3,1,eager,0,1,False,False,"VSS signals ['Vehicle.Chassis.Dynamics.YawRate', 'Vehicle.Chassis.Dynamics.LateralAcceleration', 'Vehicle.Chassis.Brake.ActuatorCommand'] are not in the knowledge base; list only signals that exist there, or leave the list empty | CAN IDs ['0x0A0'] are not in the knowledge base; list only IDs that e","{""deadline_ms"": 50.0, ""unresolved"": false, ""component"": ""braking_system"", ""trigger"": ""skid_detected"", ""response"": ""esc_intervention"", ""vss_signals"": [""Vehicle.Chassis.Dynamics.YawRate"", ""Vehicle.Chassis.Dynamics.LateralAcceleration"", ""Vehicle.Chassis.Brake.ActuatorCommand""], ""can_ids"": [""0x0A0""], ""formula"": ""G(skid_detected -> F[0,50 ms] esc_intervention)""}"
R019,explicit,True,True,True,True,True,True,0,2,0,0,1,1,2,1,2,1,eager,0,1,False,False,"VSS signals ['Vehicle.Chassis.WheelSlip', 'Vehicle.Powertrain.EngineTorqueActual'] are not in the knowledge base; list only signals that exist there, or leave the list empty | CAN IDs ['0x250'] are not in the knowledge base; list only IDs that exist there, or leave the list empty","{""deadline_ms"": 30.0, ""unresolved"": false, ""component"": ""other"", ""trigger"": ""wheel_slip_detected"", ""response"": ""engine_torque_reduced"", ""vss_signals"": [""Vehicle.Chassis.WheelSlip"", ""Vehicle.Powertrain.EngineTorqueActual""], ""can_ids"": [""0x250""], ""formula"": ""G(wheel_slip_detected -> F[0,30 ms] engine_torque_reduced)""}"
R020,explicit,True,True,True,False,False,True,0,1,0,0,1,0,1,0,1,1,eager,0,1,False,False,"VSS signals ['Vehicle.Body.Airbag.Deployment'] are not in the knowledge base; list only signals that exist there, or leave the list empty","{""deadline_ms"": 15.0, ""unresolved"": false, ""component"": ""safety_monitor"", ""trigger"": ""crash_detected"", ""response"": ""airbag_deployed"", ""vss_signals"": [""Vehicle.Body.Airbag.Deployment""], ""can_ids"": [""0x1A0""], ""formula"": ""G(crash_detected -> F[0,15 ms] airbag_deployed)""}"
R021,explicit,True,True,True,False,False,True,0,2,2,0,2,0,2,2,2,2,eager,0,1,False,False,"VSS signals ['Vehicle.Cabin.DriverSeat.BrakePedal.Pressed', 'Vehicle.Body.Lights.BrakeLight'] are not in the knowledge base; list only signals that exist there, or leave the list empty | CAN IDs ['0x120', '0x121'] are not in the knowledge base; list only IDs that exist there, or leave the list empty","{""deadline_ms"": 100.0, ""unresolved"": false, ""component"": ""braking_system"", ""trigger"": ""brake_pedal_pressed"", ""response"": ""brake_lights_illuminated"", ""vss_signals"": [""Vehicle.Cabin.DriverSeat.BrakePedal.Pressed"", ""Vehicle.Body.Lights.BrakeLight""], ""can_ids"": [""0x120"", ""0x121""], ""formula"": ""G(brake_pedal_pressed -> F[0,100 ms] brake_lights_illuminated)""}"
R022,explicit,True,True,True,True,True,True,0,2,2,0,2,0,2,2,2,2,eager,0,1,False,False,"VSS signals ['Vehicle.Cabin.DriverControls.EmergencyBrakeButton', 'Vehicle.Chassis.BrakeSystem.EmergencyBrakeAssist'] are not in the knowledge base; list only signals that exist there, or leave the list empty | CAN IDs ['0x0A0', '0x0A1'] are not in the knowledge base; list only IDs that exist there,","{""deadline_ms"": 100.0, ""unresolved"": false, ""component"": ""braking_system"", ""trigger"": ""emergency_brake_detected"", ""response"": ""emergency_brake_assist_activated"", ""vss_signals"": [""Vehicle.Cabin.DriverControls.EmergencyBrakeButton"", ""Vehicle.Chassis.BrakeSystem.EmergencyBrakeAssist""], ""can_ids"": [""0x0A0"", ""0x0A1""], ""formula"": ""G(emergency_brake_detected -> F[0,100 ms] emergency_brake_assist_activated)""}"
R023,explicit,True,True,True,False,False,True,0,2,0,0,2,2,2,1,2,2,eager,0,1,False,False,"VSS signals ['Vehicle.Cabin.Camera.DetectionResult', 'Vehicle.SensorFusion.DetectionInput'] are not in the knowledge base; list only signals that exist there, or leave the list empty | CAN IDs ['0x220'] are not in the knowledge base; list only IDs that exist there, or leave the list empty","{""deadline_ms"": 33.0, ""unresolved"": false, ""component"": ""safety_monitor"", ""trigger"": ""camera_detection_result"", ""response"": ""fusion_detection_result_received"", ""vss_signals"": [""Vehicle.Cabin.Camera.DetectionResult"", ""Vehicle.SensorFusion.DetectionInput""], ""can_ids"": [""0x210"", ""0x220""], ""formula"": ""G(camera_detection_result -> F[0,33 ms] fusion_detection_result_received)""}"
R024,explicit,True,True,True,True,True,True,0,1,0,0,1,2,1,0,1,1,eager,0,1,False,False,"VSS signals ['Vehicle.Sensor.Lidar.Data'] are not in the knowledge base; list only signals that exist there, or leave the list empty","{""deadline_ms"": 33.0, ""unresolved"": false, ""component"": ""other"", ""trigger"": ""lidar_data_generated"", ""response"": ""lidar_data_delivered"", ""vss_signals"": [""Vehicle.Sensor.Lidar.Data""], ""can_ids"": [""0x500""], ""formula"": ""G(lidar_data_generated -> F[0,33 ms] lidar_data_delivered)""}"
R025,explicit,True,True,True,False,False,True,0,1,1,0,1,0,1,0,1,1,eager,0,1,False,False,"VSS signals ['Vehicle.Cameras.PedestrianDetection.Confidence'] are not in the knowledge base; list only signals that exist there, or leave the list empty","{""deadline_ms"": 100.0, ""unresolved"": false, ""component"": ""alert_module"", ""trigger"": ""new_image_data"", ""response"": ""pedestrian_detection_confidence_updated"", ""vss_signals"": [""Vehicle.Cameras.PedestrianDetection.Confidence""], ""can_ids"": [""0x500""], ""formula"": ""G(new_image_data -> F[0,100 ms] pedestrian_detection_confidence_updated)""}"
R026,explicit,True,True,True,True,True,True,0,2,0,0,2,2,2,2,2,2,eager,0,1,False,False,"VSS signals ['Vehicle.Brake.BrakePedalCommand', 'Vehicle.Brake.BrakePressureFeedback'] are not in the knowledge base; list only signals that exist there, or leave the list empty | CAN IDs ['0x250', '0x251'] are not in the knowledge base; list only IDs that exist there, or leave the list empty","{""deadline_ms"": 20.0, ""unresolved"": false, ""component"": ""braking_system"", ""trigger"": ""brake_command"", ""response"": ""brake_pressure_feedback_received"", ""vss_signals"": [""Vehicle.Brake.BrakePedalCommand"", ""Vehicle.Brake.BrakePressureFeedback""], ""can_ids"": [""0x250"", ""0x251""], ""formula"": ""G(brake_command -> F[0,20 ms] brake_pressure_feedback_received)""}"
R027,explicit,True,True,True,True,True,True,0,2,1,0,1,0,2,1,2,1,eager,0,1,False,False,"VSS signals ['Vehicle.Cabin.DriverSeat.DriverAttention', 'Vehicle.Cabin.Infotainment.Display.Warning'] are not in the knowledge base; list only signals that exist there, or leave the list empty | CAN IDs ['0x250'] are not in the knowledge base; list only IDs that exist there, or leave the list empty","{""deadline_ms"": 50.0, ""unresolved"": false, ""component"": ""alert_module"", ""trigger"": ""driver_inattentive_detected"", ""response"": ""warning_displayed"", ""vss_signals"": [""Vehicle.Cabin.DriverSeat.DriverAttention"", ""Vehicle.Cabin.Infotainment.Display.Warning""], ""can_ids"": [""0x250""], ""formula"": ""G(driver_inattentive_detected -> F[0,50 ms] warning_displayed)""}"
R028,explicit,True,True,True,True,True,True,0,2,2,0,2,0,2,2,2,2,eager,0,1,False,False,"VSS signals ['Vehicle.Cabin.Seat.Row1.Driver.Brake.PedalPosition', 'Vehicle.Cabin.CruiseControl.IsActive'] are not in the knowledge base; list only signals that exist there, or leave the list empty | CAN IDs ['0x130', '0x150'] are not in the knowledge base; list only IDs that exist there, or leave t","{""deadline_ms"": 100.0, ""unresolved"": false, ""component"": ""acc_system"", ""trigger"": ""brake_pedal_pressed"", ""response"": ""cruise_control_disengaged"", ""vss_signals"": [""Vehicle.Cabin.Seat.Row1.Driver.Brake.PedalPosition"", ""Vehicle.Cabin.CruiseControl.IsActive""], ""can_ids"": [""0x130"", ""0x150""], ""formula"": ""G(brake_pedal_pressed -> F[0,100 ms] cruise_control_disengaged)""}"
R029,explicit,True,True,True,True,True,True,0,1,1,0,1,0,1,1,1,1,eager,0,1,False,False,"VSS signals ['Vehicle.Cabin.BrakePedal.Position'] are not in the knowledge base; list only signals that exist there, or leave the list empty | CAN IDs ['0x0A0'] are not in the knowledge base; list only IDs that exist there, or leave the list empty","{""deadline_ms"": 10.0, ""unresolved"": false, ""component"": ""braking_system"", ""trigger"": ""brake_pedal_position_changed"", ""response"": ""brake_pedal_position_reported"", ""vss_signals"": [""Vehicle.Cabin.BrakePedal.Position""], ""can_ids"": [""0x0A0""], ""formula"": ""G(brake_pedal_position_changed -> F[0,10 ms] brake_pedal_position_reported)""}"
R030,explicit,True,True,True,True,True,True,0,1,1,0,1,0,1,1,1,1,eager,0,1,False,False,"VSS signals ['Vehicle.Cabin.Infotainment.HMI.Alert.ObstacleWarning'] are not in the knowledge base; list only signals that exist there, or leave the list empty | CAN IDs ['0x250'] are not in the knowledge base; list only IDs that exist there, or leave the list empty","{""deadline_ms"": 50.0, ""unresolved"": false, ""component"": ""alert_module"", ""trigger"": ""obstacle_detected"", ""response"": ""obstacle_warning_displayed"", ""vss_signals"": [""Vehicle.Cabin.Infotainment.HMI.Alert.ObstacleWarning""], ""can_ids"": [""0x250""], ""formula"": ""G(obstacle_detected -> F[0,50 ms] obstacle_warning_displayed)""}"
R031,units,True,True,True,True,True,True,0,2,1,0,2,0,2,1,2,2,eager,0,1,False,False,"VSS signals ['Vehicle.ObstacleDetection.Status', 'Vehicle.Brake.ActualPressure'] are not in the knowledge base; list only signals that exist there, or leave the list empty | CAN IDs ['0x250'] are not in the knowledge base; list only IDs that exist there, or leave the list empty","{""deadline_ms"": 100.0, ""unresolved"": false, ""component"": ""braking_system"", ""trigger"": ""obstacle_detected"", ""response"": ""brake_applied"", ""vss_signals"": [""Vehicle.ObstacleDetection.Status"", ""Vehicle.Brake.ActualPressure""], ""can_ids"": [""0x300"", ""0x250""], ""formula"": ""G(obstacle_detected -> F[0,100 ms] brake_applied)""}"
R032,units,True,True,True,True,True,True,0,2,1,0,2,0,2,2,2,2,eager,0,1,False,False,"VSS signals ['Vehicle.Cabin.ObstacleDetection', 'Vehicle.Chassis.Brake.ActualPedalForce'] are not in the knowledge base; list only signals that exist there, or leave the list empty | CAN IDs ['0x0A0', '0x0A1'] are not in the knowledge base; list only IDs that exist there, or leave the list empty","{""deadline_ms"": 100.0, ""unresolved"": false, ""component"": ""braking_system"", ""trigger"": ""obstacle_detected"", ""response"": ""brake_applied"", ""vss_signals"": [""Vehicle.Cabin.ObstacleDetection"", ""Vehicle.Chassis.Brake.ActualPedalForce""], ""can_ids"": [""0x0A0"", ""0x0A1""], ""formula"": ""G(obstacle_detected -> F[0,100 ms] brake_applied)""}"
R033,units,True,True,True,True,True,True,0,2,1,0,1,0,2,1,2,1,eager,0,1,False,False,"VSS signals ['Vehicle.Body.LaneDepartureWarningActive', 'Vehicle.Body.LaneDepartureWarningEnabled'] are not in the knowledge base; list only signals that exist there, or leave the list empty | CAN IDs ['0x2A0'] are not in the knowledge base; list only IDs that exist there, or leave the list empty","{""deadline_ms"": 200.0, ""unresolved"": false, ""component"": ""lane_departure_system"", ""trigger"": ""lane_departure_detected"", ""response"": ""lane_departure_warning_issued"", ""vss_signals"": [""Vehicle.Body.LaneDepartureWarningActive"", ""Vehicle.Body.LaneDepartureWarningEnabled""], ""can_ids"": [""0x2A0""], ""formula"": ""G(lane_departure_detected -> F[0,200 ms] lane_departure_warning_issued)""}"
R034,units,True,True,True,True,True,True,0,1,0,0,0,0,1,0,1,0,eager,0,1,False,False,"VSS signals ['Vehicle.Cabin.SteeringWheel.Override'] are not in the knowledge base; list only signals that exist there, or leave the list empty","{""deadline_ms"": 200.0, ""unresolved"": false, ""component"": ""steering_ecu"", ""trigger"": ""steering_override_requested"", ""response"": ""steering_override_completed"", ""vss_signals"": [""Vehicle.Cabin.SteeringWheel.Override""], ""can_ids"": [], ""formula"": ""G(steering_override_requested -> F[0,200 ms] steering_override_completed)""}"
R035,units,True,True,True,True,True,True,0,1,0,0,1,0,1,1,1,1,eager,0,1,False,False,"VSS signals ['Vehicle.Cabin.Infotainment.Alert'] are not in the knowledge base; list only signals that exist there, or leave the list empty | CAN IDs ['0x2A0'] are not in the knowledge base; list only IDs that exist there, or leave the list empty","{""deadline_ms"": 50.0, ""unresolved"": false, ""component"": ""alert_module"", ""trigger"": ""fault_detected"", ""response"": ""driver_alert_displayed"", ""vss_signals"": [""Vehicle.Cabin.Infotainment.Alert""], ""can_ids"": [""0x2A0""], ""formula"": ""G(fault_detected -> F[0,50 ms] driver_alert_displayed)""}"
R036,units,True,True,True,True,True,True,0,1,0,0,0,1,1,0,1,0,eager,0,1,False,False,"VSS signals ['Vehicle.Cabin.Watchdog.Heartbeat'] are not in the knowledge base; list only signals that exist there, or leave the list empty","{""deadline_ms"": 500.0, ""unresolved"": false, ""component"": ""ecu_watchdog"", ""trigger"": ""heartbeat_missing"", ""response"": ""watchdog_expired"", ""vss_signals"": [""Vehicle.Cabin.Watchdog.Heartbeat""], ""can_ids"": [], ""formula"": ""G(heartbeat_missing -> F[0,500 ms] watchdog_expired)""}"
R037,units,True,True,True,True,True,True,0,3,0,0,1,0,3,1,3,1,eager,0,1,False,False,"VSS signals ['Vehicle.AdaptiveCruiseControl.TargetDistance', 'Vehicle.AdaptiveCruiseControl.CurrentSpeed', 'Vehicle.AdaptiveCruiseControl.SetSpeed'] are not in the knowledge base; list only signals that exist there, or leave the list empty | CAN IDs ['0x250'] are not in the knowledge base; list only","{""deadline_ms"": 300.0, ""unresolved"": false, ""component"": ""acc_system"", ""trigger"": ""lead_vehicle_closing"", ""response"": ""acc_adjust_speed"", ""vss_signals"": [""Vehicle.AdaptiveCruiseControl.TargetDistance"", ""Vehicle.AdaptiveCruiseControl.CurrentSpeed"", ""Vehicle.AdaptiveCruiseControl.SetSpeed""], ""can_ids"": [""0x250""], ""formula"": ""G(lead_vehicle_closing -> F[0,300 ms] acc_adjust_speed)""}"
R038,units,True,True,True,True,True,True,0,1,0,0,0,0,1,0,1,0,eager,0,1,False,False,"VSS signals ['Vehicle.Faults.Active'] are not in the knowledge base; list only signals that exist there, or leave the list empty","{""deadline_ms"": 50.0, ""unresolved"": false, ""component"": ""safety_monitor"", ""trigger"": ""fault_detected"", ""response"": ""safety_mechanism_active"", ""vss_signals"": [""Vehicle.Faults.Active""], ""can_ids"": [], ""formula"": ""G(fault_detected -> F[0,50 ms] safety_mechanism_active)""}"
R039,units,True,True,True,True,True,True,0,2,1,0,1,0,1,1,2,1,eager,0,1,False,False,"VSS signals ['Vehicle.Body.PedestrianDetection'] are not in the knowledge base; list only signals that exist there, or leave the list empty | CAN IDs ['0x250'] are not in the knowledge base; list only IDs that exist there, or leave the list empty","{""deadline_ms"": 100.0, ""unresolved"": false, ""component"": ""braking_system"", ""trigger"": ""pedestrian_detected"", ""response"": ""brake_applied"", ""vss_signals"": [""Vehicle.Body.PedestrianDetection"", ""Vehicle.Chassis.Brake.PedalPosition""], ""can_ids"": [""0x250""], ""formula"": ""G(pedestrian_detected -> F[0,100 ms] brake_applied)""}"
R040,units,True,True,True,False,False,True,0,2,0,0,1,0,2,0,2,1,eager,0,1,False,False,"VSS signals ['Vehicle.Body.Crash.ImpactDetected', 'Vehicle.Body.Crash.AirbagDeployed'] are not in the knowledge base; list only signals that exist there, or leave the list empty","{""deadline_ms"": 15.0, ""unresolved"": false, ""component"": ""safety_monitor"", ""trigger"": ""impact_detection"", ""response"": ""airbag_deployed"", ""vss_signals"": [""Vehicle.Body.Crash.ImpactDetected"", ""Vehicle.Body.Crash.AirbagDeployed""], ""can_ids"": [""0x1A0""], ""formula"": ""G(impact_detection -> F[0,15 ms] airbag_deployed)""}"
R041,units,True,True,True,True,True,True,0,3,1,0,2,0,3,2,3,2,eager,0,1,False,False,"VSS signals ['Vehicle/ObstacleDetection/ObstacleDetected', 'Vehicle/Brake/Status/BrakePedalApplied', 'Vehicle/Brake/Pressure'] are not in the knowledge base; list only signals that exist there, or leave the list empty | CAN IDs ['0x0A0', '0x0A1'] are not in the knowledge base; list only IDs that exi","{""deadline_ms"": 150.0, ""unresolved"": false, ""component"": ""braking_system"", ""trigger"": ""obstacle_detected"", ""response"": ""full_braking_applied"", ""vss_signals"": [""Vehicle/ObstacleDetection/ObstacleDetected"", ""Vehicle/Brake/Status/BrakePedalApplied"", ""Vehicle/Brake/Pressure""], ""can_ids"": [""0x0A0"", ""0x0A1""], ""formula"": ""G(obstacle_detected -> F[0,150 ms] full_braking_applied)""}"
R042,units,True,True,True,True,True,True,0,2,0,0,2,1,2,2,2,2,eager,0,1,False,False,"VSS signals ['Vehicle.Sensors.ObstacleDetection', 'Vehicle.Chassis.Brake.ActuatorCommand'] are not in the knowledge base; list only signals that exist there, or leave the list empty | CAN IDs ['0x0B0', '0x0A0'] are not in the knowledge base; list only IDs that exist there, or leave the list empty","{""deadline_ms"": 100.0, ""unresolved"": false, ""component"": ""braking_system"", ""trigger"": ""obstacle_detected"", ""response"": ""emergency_brake_command"", ""vss_signals"": [""Vehicle.Sensors.ObstacleDetection"", ""Vehicle.Chassis.Brake.ActuatorCommand""], ""can_ids"": [""0x0B0"", ""0x0A0""], ""formula"": ""G(obstacle_detected -> F[0,100 ms] emergency_brake_command)""}"
R043,units,True,True,True,False,False,True,0,1,1,0,0,0,1,0,1,0,eager,0,1,False,False,"VSS signals ['Vehicle.Body.LaneDepartureWarningActive'] are not in the knowledge base; list only signals that exist there, or leave the list empty","{""deadline_ms"": 50.0, ""unresolved"": false, ""component"": ""alert_module"", ""trigger"": ""lane_departure"", ""response"": ""warning_sound"", ""vss_signals"": [""Vehicle.Body.LaneDepartureWarningActive""], ""can_ids"": [], ""formula"": ""G(lane_departure -> F[0,50 ms] warning_sound)""}"
R044,units,True,True,True,True,True,True,0,1,0,0,0,0,1,0,1,0,eager,0,1,False,False,"VSS signals ['Vehicle.Faults'] are not in the knowledge base; list only signals that exist there, or leave the list empty","{""deadline_ms"": 2000.0, ""unresolved"": false, ""component"": ""safety_monitor"", ""trigger"": ""fault_detected"", ""response"": ""fault_reaction_completed"", ""vss_signals"": [""Vehicle.Faults""], ""can_ids"": [], ""formula"": ""G(fault_detected -> F[0,2000 ms] fault_reaction_completed)""}"
R045,units,True,True,True,True,True,True,0,1,0,0,1,1,0,1,1,1,eager,0,1,False,False,"CAN IDs ['0x2A0'] are not in the knowledge base; list only IDs that exist there, or leave the list empty","{""deadline_ms"": 250.0, ""unresolved"": false, ""component"": ""steering_ecu"", ""trigger"": ""steering_command_requested"", ""response"": ""steering_command_output"", ""vss_signals"": [""Vehicle.Chassis.SteeringWheel.Angle""], ""can_ids"": [""0x2A0""], ""formula"": ""G(steering_command_requested -> F[0,250 ms] steering_command_output)""}"
R046,distractor,True,True,True,True,True,True,0,3,1,0,2,0,2,2,3,2,eager,0,1,False,False,"VSS signals ['Vehicle.Body.ObstacleDetection', 'Vehicle.Brake.Actual'] are not in the knowledge base; list only signals that exist there, or leave the list empty | CAN IDs ['0x0A0', '0x0A1'] are not in the knowledge base; list only IDs that exist there, or leave the list empty","{""deadline_ms"": 120.0, ""unresolved"": false, ""component"": ""braking_system"", ""trigger"": ""obstacle_detected"", ""response"": ""emergency_brake_engaged"", ""vss_signals"": [""Vehicle.Speed"", ""Vehicle.Body.ObstacleDetection"", ""Vehicle.Brake.Actual""], ""can_ids"": [""0x0A0"", ""0x0A1""], ""formula"": ""G(obstacle_detected -> F[0,120 ms] emergency_brake_engaged)""}"
R047,distractor,True,True,True,True,True,True,0,2,1,0,2,0,2,2,2,2,eager,0,1,False,False,"VSS signals ['Vehicle/Environment/Obstacle/Distance', 'Vehicle/Powertrain/BrakeSystem/BrakeCommand'] are not in the knowledge base; list only signals that exist there, or leave the list empty | CAN IDs ['0x0B0', '0x0A0'] are not in the knowledge base; list only IDs that exist there, or leave the lis","{""deadline_ms"": 100.0, ""unresolved"": false, ""component"": ""braking_system"", ""trigger"": ""obstacle_detected"", ""response"": ""brake_applied"", ""vss_signals"": [""Vehicle/Environment/Obstacle/Distance"", ""Vehicle/Powertrain/BrakeSystem/BrakeCommand""], ""can_ids"": [""0x0B0"", ""0x0A0""], ""formula"": ""G(obstacle_detected -> F[0,100 ms] brake_applied)""}"
R048,distractor,True,True,True,True,True,True,0,2,1,0,1,0,1,1,2,1,eager,0,1,False,False,"VSS signals ['Vehicle.Chassis.LaneDepartureWarning'] are not in the knowledge base; list only signals that exist there, or leave the list empty | CAN IDs ['0x5A0'] are not in the knowledge base; list only IDs that exist there, or leave the list empty","{""deadline_ms"": 200.0, ""unresolved"": false, ""component"": ""lane_departure_system"", ""trigger"": ""lane_departure_detected"", ""response"": ""lane_departure_warning_issued"", ""vss_signals"": [""Vehicle.Speed"", ""Vehicle.Chassis.LaneDepartureWarning""], ""can_ids"": [""0x5A0""], ""formula"": ""G(lane_departure_detected -> F[0,200 ms] lane_departure_warning_issued)""}"
R049,distractor,True,True,True,True,True,True,0,2,1,0,1,0,2,1,2,1,eager,0,1,False,False,"VSS signals ['Vehicle.Cabin.PedestrianDetection', 'Vehicle.Brake.Actuator.ActualTorque'] are not in the knowledge base; list only signals that exist there, or leave the list empty | CAN IDs ['0x250'] are not in the knowledge base; list only IDs that exist there, or leave the list empty","{""deadline_ms"": 150.0, ""unresolved"": false, ""component"": ""braking_system"", ""trigger"": ""pedestrian_detected"", ""response"": ""brake_applied"", ""vss_signals"": [""Vehicle.Cabin.PedestrianDetection"", ""Vehicle.Brake.Actuator.ActualTorque""], ""can_ids"": [""0x250""], ""formula"": ""G(pedestrian_detected -> F[0,150 ms] brake_applied)""}"
R050,distractor,True,True,True,True,True,True,0,1,0,1,0,0,1,0,1,1,eager,0,1,False,False,"VSS signals ['Vehicle.Brake.Command'] are not in the knowledge base; list only signals that exist there, or leave the list empty","{""deadline_ms"": 100.0, ""unresolved"": false, ""component"": ""braking_system"", ""trigger"": ""brake_detection"", ""response"": ""brake_command_transmitted"", ""vss_signals"": [""Vehicle.Brake.Command""], ""can_ids"": [""0x1A0""], ""formula"": ""G(brake_detection -> F[0,100 ms] brake_command_transmitted)""}"
R051,distractor,True,True,True,True,True,True,0,3,0,0,1,0,2,1,3,1,eager,0,1,False,False,"VSS signals ['Vehicle.Chassis.Slope', 'Vehicle.ADAS.ACC.Status'] are not in the knowledge base; list only signals that exist there, or leave the list empty | CAN IDs ['0x2A0'] are not in the knowledge base; list only IDs that exist there, or leave the list empty","{""deadline_ms"": 300.0, ""unresolved"": false, ""component"": ""acc_system"", ""trigger"": ""acc_react_trigger"", ""response"": ""acc_reacted"", ""vss_signals"": [""Vehicle.Speed"", ""Vehicle.Chassis.Slope"", ""Vehicle.ADAS.ACC.Status""], ""can_ids"": [""0x2A0""], ""formula"": ""G(acc_react_trigger -> F[0,300 ms] acc_reacted)""}"
R052,distractor,True,True,True,True,True,True,0,1,0,0,0,0,1,0,1,0,eager,0,1,False,False,"VSS signals ['Vehicle.Powertrain.ElectricPowerSupply.12VVoltage'] are not in the knowledge base; list only signals that exist there, or leave the list empty","{""deadline_ms"": 50.0, ""unresolved"": false, ""component"": ""safety_monitor"", ""trigger"": ""supply_voltage_drop"", ""response"": ""safety_mechanism_activated"", ""vss_signals"": [""Vehicle.Powertrain.ElectricPowerSupply.12VVoltage""], ""can_ids"": [], ""formula"": ""G(supply_voltage_drop -> F[0,50 ms] safety_mechanism_activated)""}"
R053,distractor,True,True,True,True,True,True,0,2,0,0,1,0,2,1,2,1,eager,0,1,False,False,"VSS signals ['Vehicle.Chassis.Steering.OverrideRequested', 'Vehicle.Chassis.Steering.OverrideActive'] are not in the knowledge base; list only signals that exist there, or leave the list empty | CAN IDs ['0x2A0'] are not in the knowledge base; list only IDs that exist there, or leave the list empty","{""deadline_ms"": 200.0, ""unresolved"": false, ""component"": ""steering_ecu"", ""trigger"": ""steering_override_requested"", ""response"": ""steering_override_completed"", ""vss_signals"": [""Vehicle.Chassis.Steering.OverrideRequested"", ""Vehicle.Chassis.Steering.OverrideActive""], ""can_ids"": [""0x2A0""], ""formula"": ""G(steering_override_requested -> F[0,200 ms] steering_override_completed)""}"
R054,distractor,True,True,True,True,True,True,0,1,0,0,0,1,1,0,1,0,eager,0,1,False,False,"VSS signals ['Vehicle.Cabin.ECU.heartbeat'] are not in the knowledge base; list only signals that exist there, or leave the list empty","{""deadline_ms"": 500.0, ""unresolved"": false, ""component"": ""ecu_watchdog"", ""trigger"": ""heartbeat_missing"", ""response"": ""ecu_reset"", ""vss_signals"": [""Vehicle.Cabin.ECU.heartbeat""], ""can_ids"": [], ""formula"": ""G(heartbeat_missing -> F[0,500 ms] ecu_reset)""}"
R055,distractor,True,True,True,True,True,True,0,1,0,0,1,0,1,1,1,1,eager,0,1,False,False,"VSS signals ['Vehicle.Cabin.Infotainment.Alert'] are not in the knowledge base; list only signals that exist there, or leave the list empty | CAN IDs ['0x2A0'] are not in the knowledge base; list only IDs that exist there, or leave the list empty","{""deadline_ms"": 50.0, ""unresolved"": false, ""component"": ""alert_module"", ""trigger"": ""fault_detected"", ""response"": ""driver_alert_shown"", ""vss_signals"": [""Vehicle.Cabin.Infotainment.Alert""], ""can_ids"": [""0x2A0""], ""formula"": ""G(fault_detected -> F[0,50 ms] driver_alert_shown)""}"
R056,distractor,True,True,True,True,True,True,0,2,0,0,0,2,2,0,2,0,eager,0,1,False,False,"VSS signals ['Vehicle.Cabin.LightLevel', 'Vehicle.Cameras.Front.Detection'] are not in the knowledge base; list only signals that exist there, or leave the list empty","{""deadline_ms"": 33.0, ""unresolved"": false, ""component"": ""other"", ""trigger"": ""camera_detection"", ""response"": ""fusion_ecu_receive"", ""vss_signals"": [""Vehicle.Cabin.LightLevel"", ""Vehicle.Cameras.Front.Detection""], ""can_ids"": [], ""formula"": ""G(camera_detection -> F[0,33 ms] fusion_ecu_receive)""}"
R057,distractor,True,True,True,True,True,True,0,2,1,0,2,0,2,2,2,2,eager,0,1,False,False,"VSS signals ['Vehicle.Sensors.Obstacle.Distance', 'Vehicle.Cabin.Infotainment.Display.Warning.Obstacle'] are not in the knowledge base; list only signals that exist there, or leave the list empty | CAN IDs ['0x250', '0x260'] are not in the knowledge base; list only IDs that exist there, or leave the","{""deadline_ms"": 50.0, ""unresolved"": false, ""component"": ""alert_module"", ""trigger"": ""obstacle_detected"", ""response"": ""warning_displayed"", ""vss_signals"": [""Vehicle.Sensors.Obstacle.Distance"", ""Vehicle.Cabin.Infotainment.Display.Warning.Obstacle""], ""can_ids"": [""0x250"", ""0x260""], ""formula"": ""G(obstacle_detected -> F[0,50 ms] warning_displayed)""}"
R058,distractor,True,True,True,True,True,True,0,2,1,0,2,0,2,1,2,2,eager,0,1,False,False,"VSS signals ['Vehicle.Cabin.PedestrianDetection.Confidence', 'Vehicle.Chassis.Brake.Request'] are not in the knowledge base; list only signals that exist there, or leave the list empty | CAN IDs ['0x250'] are not in the knowledge base; list only IDs that exist there, or leave the list empty","{""deadline_ms"": 100.0, ""unresolved"": false, ""component"": ""braking_system"", ""trigger"": ""pedestrian_detected"", ""response"": ""brake_applied"", ""vss_signals"": [""Vehicle.Cabin.PedestrianDetection.Confidence"", ""Vehicle.Chassis.Brake.Request""], ""can_ids"": [""0x300"", ""0x250""], ""formula"": ""G(pedestrian_detected -> F[0,100 ms] brake_applied)""}"
R059,distractor,True,True,True,False,False,True,0,1,1,0,1,0,1,1,1,1,eager,0,1,False,False,"VSS signals ['Vehicle.Chassis.Brake.WheelSlip'] are not in the knowledge base; list only signals that exist there, or leave the list empty | CAN IDs ['0x250'] are not in the knowledge base; list only IDs that exist there, or leave the list empty","{""deadline_ms"": 50.0, ""unresolved"": false, ""component"": ""braking_system"", ""trigger"": ""skid_detection"", ""response"": ""esc_intervention"", ""vss_signals"": [""Vehicle.Chassis.Brake.WheelSlip""], ""can_ids"": [""0x250""], ""formula"": ""G(skid_detection -> F[0,50 ms] esc_intervention)""}"
R060,distractor,True,True,True,False,False,True,0,3,0,0,1,0,3,0,3,1,eager,0,1,False,False,"VSS signals ['Vehicle.Body.Airbag.Deployment', 'Vehicle.Cabin.Seat.Row1.PassengerCount', 'Vehicle.Cabin.Temperature.Ambient'] are not in the knowledge base; list only signals that exist there, or leave the list empty","{""deadline_ms"": 15.0, ""unresolved"": false, ""component"": ""safety_monitor"", ""trigger"": ""crash_detected"", ""response"": ""airbag_deployed"", ""vss_signals"": [""Vehicle.Body.Airbag.Deployment"", ""Vehicle.Cabin.Seat.Row1.PassengerCount"", ""Vehicle.Cabin.Temperature.Ambient""], ""can_ids"": [""0x1A0""], ""formula"": ""G(crash_detected -> F[0,15 ms] airbag_deployed)""}"
R061,multi_clause,True,True,True,True,True,True,0,2,1,0,2,0,2,2,2,2,eager,0,1,False,False,"VSS signals ['Vehicle.Chassis.Sensors.ObstacleDetection', 'Vehicle.Chassis.Brake.ActualPressure'] are not in the knowledge base; list only signals that exist there, or leave the list empty | CAN IDs ['0x250', '0x260'] are not in the knowledge base; list only IDs that exist there, or leave the list e","{""deadline_ms"": 100.0, ""unresolved"": false, ""component"": ""braking_system"", ""trigger"": ""obstacle_detected"", ""response"": ""brake_applied"", ""vss_signals"": [""Vehicle.Chassis.Sensors.ObstacleDetection"", ""Vehicle.Chassis.Brake.ActualPressure""], ""can_ids"": [""0x250"", ""0x260""], ""formula"": ""G(obstacle_detected -> F[0,100 ms] brake_applied)""}"
R062,multi_clause,True,True,True,True,True,True,0,2,1,0,1,0,2,1,2,1,eager,0,1,False,False,"VSS signals ['Vehicle.Chassis.LaneDeparture', 'Vehicle.Cabin.Alert'] are not in the knowledge base; list only signals that exist there, or leave the list empty | CAN IDs ['0x2A0'] are not in the knowledge base; list only IDs that exist there, or leave the list empty","{""deadline_ms"": 200.0, ""unresolved"": false, ""component"": ""lane_departure_system"", ""trigger"": ""lane_departure_detected"", ""response"": ""lane_departure_warning"", ""vss_signals"": [""Vehicle.Chassis.LaneDeparture"", ""Vehicle.Cabin.Alert""], ""can_ids"": [""0x2A0""], ""formula"": ""G(lane_departure_detected -> F[0,200 ms] lane_departure_warning)""}"
R063,multi_clause,True,True,True,True,True,True,0,2,0,0,2,0,2,2,2,2,eager,0,1,False,False,"VSS signals ['Vehicle.Cabin.SteeringWheel.SteeringOverrideCommand', 'Vehicle.Cabin.SteeringWheel.SteeringOverrideStatus'] are not in the knowledge base; list only signals that exist there, or leave the list empty | CAN IDs ['0x2A0', '0x2A1'] are not in the knowledge base; list only IDs that exist th","{""deadline_ms"": 200.0, ""unresolved"": false, ""component"": ""steering_ecu"", ""trigger"": ""steering_override_command_issued"", ""response"": ""steering_override_complete"", ""vss_signals"": [""Vehicle.Cabin.SteeringWheel.SteeringOverrideCommand"", ""Vehicle.Cabin.SteeringWheel.SteeringOverrideStatus""], ""can_ids"": [""0x2A0"", ""0x2A1""], ""formula"": ""G(steering_override_command_issued -> F[0,200 ms] steering_override_complete)""}"
R064,multi_clause,True,False,True,True,False,True,0,0,0,0,0,0,0,0,0,0,eager,0,1,True,True,,"{""deadline_ms"": 20.0, ""unresolved"": false, ""component"": ""ecu_watchdog"", ""trigger"": ""watchdog_timeout"", ""response"": ""reset_sequence_start"", ""vss_signals"": [], ""can_ids"": [], ""formula"": ""G(watchdog_timeout -> F[0,20 ms] reset_sequence_start)""}"
R065,multi_clause,True,True,True,True,True,True,0,2,1,0,2,0,2,1,2,2,eager,0,1,False,False,"VSS signals ['Vehicle.Body.PedestrianDetection', 'Vehicle.Chassis.Brake.ActualPressure'] are not in the knowledge base; list only signals that exist there, or leave the list empty | CAN IDs ['0x250'] are not in the knowledge base; list only IDs that exist there, or leave the list empty","{""deadline_ms"": 100.0, ""unresolved"": false, ""component"": ""braking_system"", ""trigger"": ""pedestrian_detected"", ""response"": ""full_brake_applied"", ""vss_signals"": [""Vehicle.Body.PedestrianDetection"", ""Vehicle.Chassis.Brake.ActualPressure""], ""can_ids"": [""0x300"", ""0x250""], ""formula"": ""G(pedestrian_detected -> F[0,100 ms] full_brake_applied)""}"
R066,multi_clause,True,True,True,True,True,True,0,2,0,0,1,0,2,0,2,1,eager,0,1,False,False,"VSS signals ['Vehicle.Cabin.DriverAlert.Condition', 'Vehicle.Cabin.DriverAlert.Display'] are not in the knowledge base; list only signals that exist there, or leave the list empty","{""deadline_ms"": 50.0, ""unresolved"": false, ""component"": ""alert_module"", ""trigger"": ""driver_alert_condition"", ""response"": ""driver_alert_shown"", ""vss_signals"": [""Vehicle.Cabin.DriverAlert.Condition"", ""Vehicle.Cabin.DriverAlert.Display""], ""can_ids"": [""0x200""], ""formula"": ""G(driver_alert_condition -> F[0,50 ms] driver_alert_shown)""}"
R067,multi_clause,True,True,True,True,True,True,0,2,0,0,2,0,2,2,2,2,eager,0,1,False,False,"VSS signals ['Vehicle.Cabin.Infotainment.ACC.Requested', 'Vehicle.Chassis.Brake.Request'] are not in the knowledge base; list only signals that exist there, or leave the list empty | CAN IDs ['0x250', '0x260'] are not in the knowledge base; list only IDs that exist there, or leave the list empty","{""deadline_ms"": 300.0, ""unresolved"": false, ""component"": ""acc_system"", ""trigger"": ""acc_requested"", ""response"": ""brake_request_sent"", ""vss_signals"": [""Vehicle.Cabin.Infotainment.ACC.Requested"", ""Vehicle.Chassis.Brake.Request""], ""can_ids"": [""0x250"", ""0x260""], ""formula"": ""G(acc_requested -> F[0,300 ms] brake_request_sent)""}"
R068,multi_clause,True,True,True,True,True,True,0,2,0,0,1,0,2,0,2,1,eager,0,1,False,False,"VSS signals ['Vehicle.Body.SafetyMechanism.Activation', 'Vehicle.Diagnostic.Status'] are not in the knowledge base; list only signals that exist there, or leave the list empty","{""deadline_ms"": 50.0, ""unresolved"": false, ""component"": ""safety_monitor"", ""trigger"": ""safety_mechanism_activation_start"", ""response"": ""safety_mechanism_activated"", ""vss_signals"": [""Vehicle.Body.SafetyMechanism.Activation"", ""Vehicle.Diagnostic.Status""], ""can_ids"": [""0x200""], ""formula"": ""G(safety_mechanism_activation_start -> F[0,50 ms] safety_mechanism_activated)""}"
R069,multi_clause,True,True,True,False,False,True,0,2,0,0,2,0,2,1,2,2,eager,0,1,False,False,"VSS signals ['Vehicle.CrashDetection.Sensor', 'Vehicle.CrashDetection.Airbag.Deployment'] are not in the knowledge base; list only signals that exist there, or leave the list empty | CAN IDs ['0x201'] are not in the knowledge base; list only IDs that exist there, or leave the list empty","{""deadline_ms"": 15.0, ""unresolved"": false, ""component"": ""safety_monitor"", ""trigger"": ""crash_detected"", ""response"": ""airbag_deployed"", ""vss_signals"": [""Vehicle.CrashDetection.Sensor"", ""Vehicle.CrashDetection.Airbag.Deployment""], ""can_ids"": [""0x200"", ""0x201""], ""formula"": ""G(crash_detected -> F[0,15 ms] airbag_deployed)""}"
R070,multi_clause,True,True,True,False,False,True,0,2,2,0,2,0,2,2,2,2,eager,0,1,False,False,"VSS signals ['Vehicle.Cabin.Brake.Pedal.Position', 'Vehicle.Body.Lights.Brake'] are not in the knowledge base; list only signals that exist there, or leave the list empty | CAN IDs ['0x0B0', '0x0A0'] are not in the knowledge base; list only IDs that exist there, or leave the list empty","{""deadline_ms"": 100.0, ""unresolved"": false, ""component"": ""braking_system"", ""trigger"": ""brake_pedal_pressed"", ""response"": ""brake_light_illuminated"", ""vss_signals"": [""Vehicle.Cabin.Brake.Pedal.Position"", ""Vehicle.Body.Lights.Brake""], ""can_ids"": [""0x0B0"", ""0x0A0""], ""formula"": ""G(brake_pedal_pressed -> F[0,100 ms] brake_light_illuminated)""}"
R071,no_deadline,True,True,True,True,True,True,0,2,0,0,1,0,2,1,2,1,eager,0,1,False,False,"VSS signals ['Vehicle.Body.ControlUnit.EmergencyBrake.Activation', 'Vehicle.Cabin.Infotainment.Systems.Logging.Event'] are not in the knowledge base; list only signals that exist there, or leave the list empty | CAN IDs ['0x2A0'] are not in the knowledge base; list only IDs that exist there, or leav","{""deadline_ms"": null, ""unresolved"": false, ""component"": ""braking_system"", ""trigger"": ""emergency_brake_activated"", ""response"": ""log_written"", ""vss_signals"": [""Vehicle.Body.ControlUnit.EmergencyBrake.Activation"", ""Vehicle.Cabin.Infotainment.Systems.Logging.Event""], ""can_ids"": [""0x2A0""], ""formula"": null}"
R072,no_deadline,True,True,True,True,True,True,0,1,1,0,1,0,1,1,1,1,eager,0,1,False,False,"VSS signals ['Vehicle.Body.LaneDepartureWarning'] are not in the knowledge base; list only signals that exist there, or leave the list empty | CAN IDs ['0x5A0'] are not in the knowledge base; list only IDs that exist there, or leave the list empty","{""deadline_ms"": null, ""unresolved"": false, ""component"": ""lane_departure_system"", ""trigger"": ""lane_departure_detected"", ""response"": ""lane_departure_warning"", ""vss_signals"": [""Vehicle.Body.LaneDepartureWarning""], ""can_ids"": [""0x5A0""], ""formula"": null}"
R073,no_deadline,True,True,True,True,True,True,0,2,1,0,1,0,2,1,2,1,eager,0,1,False,False,"VSS signals ['Vehicle.AdaptiveCruiseControl.IsEnabled', 'Vehicle.DriverControls.DisableACC'] are not in the knowledge base; list only signals that exist there, or leave the list empty | CAN IDs ['0x5A0'] are not in the knowledge base; list only IDs that exist there, or leave the list empty","{""deadline_ms"": null, ""unresolved"": false, ""component"": ""acc_system"", ""trigger"": ""driver_disable_request"", ""response"": ""acc_deactivated"", ""vss_signals"": [""Vehicle.AdaptiveCruiseControl.IsEnabled"", ""Vehicle.DriverControls.DisableACC""], ""can_ids"": [""0x5A0""], ""formula"": null}"
R074,no_deadline,True,True,True,True,True,True,0,1,1,0,0,0,1,0,1,0,eager,0,1,False,False,"VSS signals ['Vehicle.Chassis.Steering.WheelAngle'] are not in the knowledge base; list only signals that exist there, or leave the list empty","{""deadline_ms"": null, ""unresolved"": false, ""component"": ""steering_ecu"", ""trigger"": """", ""response"": """", ""vss_signals"": [""Vehicle.Chassis.Steering.WheelAngle""], ""can_ids"": [], ""formula"": null}"
R075,no_deadline,True,True,True,True,True,True,0,1,0,0,1,0,1,1,1,1,eager,0,1,False,False,"VSS signals ['Vehicle.Brake.BrakePressure'] are not in the knowledge base; list only signals that exist there, or leave the list empty | CAN IDs ['0x2A0'] are not in the knowledge base; list only IDs that exist there, or leave the list empty","{""deadline_ms"": null, ""unresolved"": false, ""component"": ""braking_system"", ""trigger"": ""brake_pressure_monitor"", ""response"": ""brake_pressure_limit_enforced"", ""vss_signals"": [""Vehicle.Brake.BrakePressure""], ""can_ids"": [""0x2A0""], ""formula"": null}"
R076,no_deadline,True,True,True,True,True,True,0,0,0,0,0,0,0,0,0,0,eager,0,1,True,True,,"{""deadline_ms"": null, ""unresolved"": false, ""component"": ""ecu_watchdog"", ""trigger"": """", ""response"": """", ""vss_signals"": [], ""can_ids"": [], ""formula"": null}"
R077,no_deadline,True,True,True,True,True,True,0,0,1,0,0,0,0,0,0,0,eager,0,1,True,True,,"{""deadline_ms"": null, ""unresolved"": false, ""component"": ""other"", ""trigger"": """", ""response"": """", ""vss_signals"": [], ""can_ids"": [], ""formula"": null}"
R078,no_deadline,True,True,True,True,True,True,0,0,0,0,0,0,0,0,0,0,eager,0,1,True,True,,"{""deadline_ms"": null, ""unresolved"": false, ""component"": ""other"", ""trigger"": """", ""response"": """", ""vss_signals"": [], ""can_ids"": [], ""formula"": null}"
R079,no_deadline,True,True,True,False,False,True,0,0,0,0,0,0,0,0,0,0,eager,0,1,True,True,,"{""deadline_ms"": null, ""unresolved"": false, ""component"": ""safety_monitor"", ""trigger"": """", ""response"": """", ""vss_signals"": [], ""can_ids"": [], ""formula"": null}"
R080,no_deadline,True,True,True,True,True,True,0,1,0,0,0,0,1,0,1,0,eager,0,1,False,False,"VSS signals ['Vehicle.Status.Monitor'] are not in the knowledge base; list only signals that exist there, or leave the list empty","{""deadline_ms"": null, ""unresolved"": false, ""component"": ""safety_monitor"", ""trigger"": ""monitor_status_check"", ""response"": ""status_reported"", ""vss_signals"": [""Vehicle.Status.Monitor""], ""can_ids"": [], ""formula"": null}"
R081,no_deadline,True,True,True,True,True,True,1,0,0,0,0,0,0,0,1,0,eager,0,1,True,True,,"{""deadline_ms"": null, ""unresolved"": false, ""component"": ""other"", ""trigger"": ""speed_report_requested"", ""response"": ""speed_reported"", ""vss_signals"": [""Vehicle.Speed""], ""can_ids"": [], ""formula"": null}"
R082,no_deadline,True,True,True,True,True,True,0,2,1,0,1,0,2,1,2,1,eager,0,1,False,False,"VSS signals ['Vehicle.Cabin.DrivingMode', 'Vehicle.Chassis.Brake.ABS.Active'] are not in the knowledge base; list only signals that exist there, or leave the list empty | CAN IDs ['0x250'] are not in the knowledge base; list only IDs that exist there, or leave the list empty","{""deadline_ms"": null, ""unresolved"": false, ""component"": ""braking_system"", ""trigger"": ""driving_mode_active"", ""response"": ""abs_active"", ""vss_signals"": [""Vehicle.Cabin.DrivingMode"", ""Vehicle.Chassis.Brake.ABS.Active""], ""can_ids"": [""0x250""], ""formula"": null}"
R083,no_deadline,False,False,False,False,False,False,0,0,0,0,0,0,0,0,0,0,eager,0,1,False,False,the JSON does not match the schema: field 'trigger': Input should be a valid string; field 'response': Input should be a valid string,null
R084,no_deadline,True,True,True,True,True,True,0,0,0,0,0,0,0,0,0,0,eager,0,1,True,True,,"{""deadline_ms"": null, ""unresolved"": false, ""component"": ""ecu_watchdog"", ""trigger"": ""watchdog_reset"", ""response"": ""ecu_restart"", ""vss_signals"": [], ""can_ids"": [], ""formula"": null}"
R085,no_deadline,True,True,True,True,True,True,0,5,0,0,1,1,5,1,5,1,eager,0,1,False,False,"VSS signals ['Vehicle.Chassis.Axle.Row1.Wheel.Left.WheelSpeed', 'Vehicle.Chassis.Axle.Row1.Wheel.Right.WheelSpeed', 'Vehicle.Chassis.Axle.Row2.Wheel.Left.WheelSpeed', 'Vehicle.Chassis.Axle.Row2.Wheel.Right.WheelSpeed', 'Vehicle.Chassis.TractionControl.Status'] are not in the knowledge base; list onl","{""deadline_ms"": null, ""unresolved"": false, ""component"": ""other"", ""trigger"": ""icy_road_detected"", ""response"": ""traction_control_engaged"", ""vss_signals"": [""Vehicle.Chassis.Axle.Row1.Wheel.Left.WheelSpeed"", ""Vehicle.Chassis.Axle.Row1.Wheel.Right.WheelSpeed"", ""Vehicle.Chassis.Axle.Row2.Wheel.Left.WheelSpeed"", ""Vehicle.Chassis.Axle.Row2.Wheel.Right.WheelSpeed"", ""Vehicle.Chassis.TractionControl.Status""], ""can_ids"": [""0x250""], ""formula"": null}"
R086,vague,True,True,True,True,True,True,0,2,1,0,1,0,2,1,2,1,eager,0,1,False,False,"VSS signals ['Vehicle.Cabin.ObstacleDetected', 'Vehicle.Chassis.Brake.Activation'] are not in the knowledge base; list only signals that exist there, or leave the list empty | CAN IDs ['0x0A0'] are not in the knowledge base; list only IDs that exist there, or leave the list empty","{""deadline_ms"": null, ""unresolved"": true, ""component"": ""braking_system"", ""trigger"": ""obstacle_detected"", ""response"": ""brake_engaged"", ""vss_signals"": [""Vehicle.Cabin.ObstacleDetected"", ""Vehicle.Chassis.Brake.Activation""], ""can_ids"": [""0x0A0""], ""formula"": null}"
R087,vague,True,True,True,True,True,True,0,1,1,0,1,0,1,1,1,1,eager,0,1,False,False,"VSS signals ['Vehicle.AdaptiveDrivingAssistance.LaneDepartureWarning.WarningActive'] are not in the knowledge base; list only signals that exist there, or leave the list empty | CAN IDs ['0x5A0'] are not in the knowledge base; list only IDs that exist there, or leave the list empty","{""deadline_ms"": null, ""unresolved"": true, ""component"": ""lane_departure_system"", ""trigger"": ""lane_departure_detected"", ""response"": ""lane_departure_warning_issued"", ""vss_signals"": [""Vehicle.AdaptiveDrivingAssistance.LaneDepartureWarning.WarningActive""], ""can_ids"": [""0x5A0""], ""formula"": null}"
R088,vague,True,True,True,True,True,True,0,0,0,0,0,0,0,0,0,0,eager,0,1,True,True,,"{""deadline_ms"": null, ""unresolved"": true, ""component"": ""alert_module"", ""trigger"": ""alert_condition_detected"", ""response"": ""driver_alert_displayed"", ""vss_signals"": [], ""can_ids"": [], ""formula"": null}"
R089,vague,True,True,True,True,True,True,0,2,0,0,1,0,1,1,2,1,eager,0,1,False,False,"VSS signals ['Vehicle.Cabin.Seat.Row1.Driver.Position.LongitudinalControl.TargetSpeed'] are not in the knowledge base; list only signals that exist there, or leave the list empty | CAN IDs ['0x130'] are not in the knowledge base; list only IDs that exist there, or leave the list empty","{""deadline_ms"": null, ""unresolved"": true, ""component"": ""acc_system"", ""trigger"": ""lead_vehicle_speed_change"", ""response"": ""acc_adjust_speed"", ""vss_signals"": [""Vehicle.Speed"", ""Vehicle.Cabin.Seat.Row1.Driver.Position.LongitudinalControl.TargetSpeed""], ""can_ids"": [""0x130""], ""formula"": null}"
R090,vague,True,True,True,True,True,True,0,0,1,0,0,0,0,0,0,0,eager,0,1,True,True,,"{""deadline_ms"": null, ""unresolved"": true, ""component"": ""braking_system"", ""trigger"": ""pedestrian_detected"", ""response"": ""brake_applied"", ""vss_signals"": [], ""can_ids"": [], ""formula"": null}"
R091,vague,True,True,True,True,True,True,0,0,0,0,0,0,0,0,0,0,eager,0,1,True,True,,"{""deadline_ms"": null, ""unresolved"": true, ""component"": ""steering_ecu"", ""trigger"": ""steering_override_requested"", ""response"": ""steering_override_executed"", ""vss_signals"": [], ""can_ids"": [], ""formula"": null}"
R092,vague,True,True,True,True,True,True,0,0,0,0,0,1,0,0,0,0,eager,0,1,True,True,,"{""deadline_ms"": null, ""unresolved"": true, ""component"": ""ecu_watchdog"", ""trigger"": ""heartbeat_lost"", ""response"": ""system_reset"", ""vss_signals"": [], ""can_ids"": [], ""formula"": null}"
R093,vague,True,True,True,False,False,True,0,0,0,0,0,0,0,0,0,0,eager,0,1,True,True,,"{""deadline_ms"": null, ""unresolved"": true, ""component"": ""other"", ""trigger"": ""safety_event"", ""response"": ""safety_action"", ""vss_signals"": [], ""can_ids"": [], ""formula"": null}"
R094,vague,True,True,True,False,False,True,0,0,0,0,0,0,0,0,0,0,eager,0,1,True,True,,"{""deadline_ms"": null, ""unresolved"": true, ""component"": ""safety_monitor"", ""trigger"": ""impact_detected"", ""response"": ""airbag_deployed"", ""vss_signals"": [], ""can_ids"": [], ""formula"": null}"
R095,vague,True,True,True,True,True,True,0,0,1,0,0,0,0,0,0,0,eager,0,1,True,True,,"{""deadline_ms"": null, ""unresolved"": true, ""component"": ""alert_module"", ""trigger"": ""obstacle_detected"", ""response"": ""obstacle_warning_displayed"", ""vss_signals"": [], ""can_ids"": [], ""formula"": null}"
R096,derived,True,True,True,True,True,True,0,2,1,0,2,0,2,2,2,2,eager,0,1,False,False,"VSS signals ['Vehicle.Brake.Actuator.ActualPressure', 'Vehicle.Brake.RequestedTorque'] are not in the knowledge base; list only signals that exist there, or leave the list empty | CAN IDs ['0x0A0', '0x0A1'] are not in the knowledge base; list only IDs that exist there, or leave the list empty","{""deadline_ms"": 50.0, ""unresolved"": false, ""component"": ""braking_system"", ""trigger"": ""obstacle_detected"", ""response"": ""brake_started"", ""vss_signals"": [""Vehicle.Brake.Actuator.ActualPressure"", ""Vehicle.Brake.RequestedTorque""], ""can_ids"": [""0x0A0"", ""0x0A1""], ""formula"": ""G(obstacle_detected -> F[0,50 ms] brake_started)""}"
R097,derived,True,True,True,True,True,True,0,2,1,0,1,0,2,1,2,1,eager,0,1,False,False,"VSS signals ['Vehicle.Body.LaneDepartureDetection', 'Vehicle.Body.LaneDepartureWarning'] are not in the knowledge base; list only signals that exist there, or leave the list empty | CAN IDs ['0x5A0'] are not in the knowledge base; list only IDs that exist there, or leave the list empty","{""deadline_ms"": 200.0, ""unresolved"": false, ""component"": ""lane_departure_system"", ""trigger"": ""lane_departure_detected"", ""response"": ""lane_departure_warning_generated"", ""vss_signals"": [""Vehicle.Body.LaneDepartureDetection"", ""Vehicle.Body.LaneDepartureWarning""], ""can_ids"": [""0x5A0""], ""formula"": ""G(lane_departure_detected -> F[0,200 ms] lane_departure_warning_generated)""}"
R098,derived,True,True,True,True,True,True,0,1,0,0,1,1,1,0,1,1,eager,0,1,False,False,"VSS signals ['Vehicle.System.Watchdog.Heartbeat'] are not in the knowledge base; list only signals that exist there, or leave the list empty","{""deadline_ms"": 300.0, ""unresolved"": false, ""component"": ""ecu_watchdog"", ""trigger"": ""heartbeat_missed"", ""response"": ""watchdog_expired"", ""vss_signals"": [""Vehicle.System.Watchdog.Heartbeat""], ""can_ids"": [""0x700""], ""formula"": ""G(heartbeat_missed -> F[0,300 ms] watchdog_expired)""}"
R099,derived,True,True,True,True,True,True,0,2,0,0,1,0,1,1,2,1,eager,0,1,False,False,"VSS signals ['Vehicle.AcceleratorPedal.Position'] are not in the knowledge base; list only signals that exist there, or leave the list empty | CAN IDs ['0x130'] are not in the knowledge base; list only IDs that exist there, or leave the list empty","{""deadline_ms"": 300.0, ""unresolved"": false, ""component"": ""acc_system"", ""trigger"": ""acc_command_received"", ""response"": ""acc_response_executed"", ""vss_signals"": [""Vehicle.AcceleratorPedal.Position"", ""Vehicle.Speed""], ""can_ids"": [""0x130""], ""formula"": ""G(acc_command_received -> F[0,300 ms] acc_response_executed)""}"
R100,derived,True,True,True,True,True,True,0,2,0,0,1,1,2,1,2,1,eager,0,1,False,False,"VSS signals ['Vehicle.Chassis.Brake.ActuatorCommand', 'Vehicle.Chassis.Brake.BrakePedalPosition'] are not in the knowledge base; list only signals that exist there, or leave the list empty | CAN IDs ['0x250'] are not in the knowledge base; list only IDs that exist there, or leave the list empty","{""deadline_ms"": 100.0, ""unresolved"": false, ""component"": ""braking_system"", ""trigger"": ""detection"", ""response"": ""brake_command_sent"", ""vss_signals"": [""Vehicle.Chassis.Brake.ActuatorCommand"", ""Vehicle.Chassis.Brake.BrakePedalPosition""], ""can_ids"": [""0x250""], ""formula"": ""G(detection -> F[0,100 ms] brake_command_sent)""}"
R101,derived,True,True,True,True,True,True,0,1,0,0,1,0,1,0,1,1,eager,0,1,False,False,"VSS signals ['Vehicle.Cabin.Infotainment.Alert'] are not in the knowledge base; list only signals that exist there, or leave the list empty","{""deadline_ms"": 50.0, ""unresolved"": false, ""component"": ""alert_module"", ""trigger"": ""sensor_update"", ""response"": ""driver_alert_displayed"", ""vss_signals"": [""Vehicle.Cabin.Infotainment.Alert""], ""can_ids"": [""0x200""], ""formula"": ""G(sensor_update -> F[0,50 ms] driver_alert_displayed)""}"
R102,derived,True,True,True,True,True,True,0,1,0,0,1,0,1,1,1,1,eager,0,1,False,False,"VSS signals ['Vehicle.Chassis.Steering.Override'] are not in the knowledge base; list only signals that exist there, or leave the list empty | CAN IDs ['0x2A0'] are not in the knowledge base; list only IDs that exist there, or leave the list empty","{""deadline_ms"": 200.0, ""unresolved"": false, ""component"": ""steering_ecu"", ""trigger"": ""steering_override_requested"", ""response"": ""steering_override_completed"", ""vss_signals"": [""Vehicle.Chassis.Steering.Override""], ""can_ids"": [""0x2A0""], ""formula"": ""G(steering_override_requested -> F[0,200 ms] steering_override_completed)""}"
R103,derived,True,True,True,False,False,True,0,2,0,0,1,0,2,0,2,1,eager,0,1,False,False,"VSS signals ['Vehicle.Chassis.Brake.Activation', 'Vehicle.Cabin.Safety.Brake.Activation'] are not in the knowledge base; list only signals that exist there, or leave the list empty","{""deadline_ms"": 50.0, ""unresolved"": false, ""component"": ""braking_system"", ""trigger"": ""emergency_brake_requested"", ""response"": ""safety_mechanism_activated"", ""vss_signals"": [""Vehicle.Chassis.Brake.Activation"", ""Vehicle.Cabin.Safety.Brake.Activation""], ""can_ids"": [""0x1A0""], ""formula"": ""G(emergency_brake_requested -> F[0,50 ms] safety_mechanism_activated)""}"
R104,derived,True,True,True,True,True,True,0,2,1,0,1,0,2,1,2,1,eager,0,1,False,False,"VSS signals ['Vehicle.Chassis.Brake.Request', 'Vehicle.Chassis.Brake.Actuator.ActualPressure'] are not in the knowledge base; list only signals that exist there, or leave the list empty | CAN IDs ['0x0A0'] are not in the knowledge base; list only IDs that exist there, or leave the list empty","{""deadline_ms"": 100.0, ""unresolved"": false, ""component"": ""braking_system"", ""trigger"": ""pedestrian_detected"", ""response"": ""brake_applied"", ""vss_signals"": [""Vehicle.Chassis.Brake.Request"", ""Vehicle.Chassis.Brake.Actuator.ActualPressure""], ""can_ids"": [""0x0A0""], ""formula"": ""G(pedestrian_detected -> F[0,100 ms] brake_applied)""}"
R105,derived,True,True,True,False,False,True,0,2,0,0,1,0,2,0,2,1,eager,0,1,False,False,"VSS signals ['Vehicle.Body.Chassis.CrashSensor.CrashDetected', 'Vehicle.Cabin.Airbag.Deployment'] are not in the knowledge base; list only signals that exist there, or leave the list empty","{""deadline_ms"": 15.0, ""unresolved"": false, ""component"": ""safety_monitor"", ""trigger"": ""collision_detected"", ""response"": ""airbag_deployed"", ""vss_signals"": [""Vehicle.Body.Chassis.CrashSensor.CrashDetected"", ""Vehicle.Cabin.Airbag.Deployment""], ""can_ids"": [""0x1A0""], ""formula"": ""G(collision_detected -> F[0,15 ms] airbag_deployed)""}"
R106,derived,True,True,True,True,True,True,0,2,0,0,0,1,2,0,2,0,eager,0,1,False,False,"VSS signals ['Vehicle.Brake.Actuator.BrakePressure', 'Vehicle.Brake.Feedback.BrakePressure'] are not in the knowledge base; list only signals that exist there, or leave the list empty","{""deadline_ms"": 2.0, ""unresolved"": false, ""component"": ""braking_system"", ""trigger"": ""brake_actuator_update"", ""response"": ""brake_pressure_feedback"", ""vss_signals"": [""Vehicle.Brake.Actuator.BrakePressure"", ""Vehicle.Brake.Feedback.BrakePressure""], ""can_ids"": [], ""formula"": ""G(brake_actuator_update -> F[0,2 ms] brake_pressure_feedback)""}"
R107,derived,True,True,True,True,True,True,0,1,0,0,0,2,1,0,1,0,eager,0,1,False,False,"VSS signals ['Vehicle.Cameras.Front.Detection'] are not in the knowledge base; list only signals that exist there, or leave the list empty","{""deadline_ms"": 20.0, ""unresolved"": false, ""component"": ""other"", ""trigger"": ""camera_detection"", ""response"": ""fusion_output_available"", ""vss_signals"": [""Vehicle.Cameras.Front.Detection""], ""can_ids"": [], ""formula"": ""G(camera_detection -> F[0,20 ms] fusion_output_available)""}"
R108,derived,True,True,True,False,False,True,0,2,1,0,1,0,2,1,2,1,eager,0,1,False,False,"VSS signals ['Vehicle.Chassis.LaneDeparture', 'Vehicle.Body.Warnings.LaneDepartureWarning'] are not in the knowledge base; list only signals that exist there, or leave the list empty | CAN IDs ['0x2A0'] are not in the knowledge base; list only IDs that exist there, or leave the list empty","{""deadline_ms"": 200.0, ""unresolved"": false, ""component"": ""alert_module"", ""trigger"": ""lane_departure_detected"", ""response"": ""lane_departure_warning_issued"", ""vss_signals"": [""Vehicle.Chassis.LaneDeparture"", ""Vehicle.Body.Warnings.LaneDepartureWarning""], ""can_ids"": [""0x2A0""], ""formula"": ""G(lane_departure_detected -> F[0,200 ms] lane_departure_warning_issued)""}"
R109,derived,True,True,True,True,True,True,1,1,1,0,2,0,1,2,2,2,eager,0,1,False,False,"VSS signals ['Vehicle.Cabin.Infotainment.CruiseControl.IsActive'] are not in the knowledge base; list only signals that exist there, or leave the list empty | CAN IDs ['0x120', '0x250'] are not in the knowledge base; list only IDs that exist there, or leave the list empty","{""deadline_ms"": 100.0, ""unresolved"": false, ""component"": ""acc_system"", ""trigger"": ""brake_applied"", ""response"": ""cruise_control_disengaged"", ""vss_signals"": [""Vehicle.Chassis.Brake.PedalPosition"", ""Vehicle.Cabin.Infotainment.CruiseControl.IsActive""], ""can_ids"": [""0x120"", ""0x250""], ""formula"": ""G(brake_applied -> F[0,100 ms] cruise_control_disengaged)""}"
R110,derived,True,True,True,True,True,True,0,2,0,0,1,0,1,1,2,1,eager,0,1,False,False,"VSS signals ['Vehicle.Chassis.SteeringWheel.CommandedAngle'] are not in the knowledge base; list only signals that exist there, or leave the list empty | CAN IDs ['0x2A0'] are not in the knowledge base; list only IDs that exist there, or leave the list empty","{""deadline_ms"": 200.0, ""unresolved"": false, ""component"": ""steering_ecu"", ""trigger"": ""steering_command_received"", ""response"": ""steering_angle_applied"", ""vss_signals"": [""Vehicle.Chassis.SteeringWheel.Angle"", ""Vehicle.Chassis.SteeringWheel.CommandedAngle""], ""can_ids"": [""0x2A0""], ""formula"": ""G(steering_command_received -> F[0,200 ms] steering_angle_applied)""}"
R111,format,True,True,True,True,True,True,0,2,1,0,2,0,2,1,2,2,eager,0,1,False,False,"VSS signals ['Vehicle.Body.Sensors.ObstacleDetected', 'Vehicle.Chassis.Brake.Actuator.BrakeCommand'] are not in the knowledge base; list only signals that exist there, or leave the list empty | CAN IDs ['0x250'] are not in the knowledge base; list only IDs that exist there, or leave the list empty","{""deadline_ms"": 100.0, ""unresolved"": false, ""component"": ""braking_system"", ""trigger"": ""obstacle_detected"", ""response"": ""brake_applied"", ""vss_signals"": [""Vehicle.Body.Sensors.ObstacleDetected"", ""Vehicle.Chassis.Brake.Actuator.BrakeCommand""], ""can_ids"": [""0x300"", ""0x250""], ""formula"": ""G(obstacle_detected -> F[0,100 ms] brake_applied)""}"
R112,format,True,True,True,True,True,True,0,2,1,0,2,0,2,2,2,2,eager,0,1,False,False,"VSS signals ['Vehicle.Chassis.Sensors.ObstacleDetected', 'Vehicle.Chassis.Brake.ActualPressure'] are not in the knowledge base; list only signals that exist there, or leave the list empty | CAN IDs ['0x260', '0x250'] are not in the knowledge base; list only IDs that exist there, or leave the list em","{""deadline_ms"": 100.0, ""unresolved"": false, ""component"": ""braking_system"", ""trigger"": ""obstacle_detected"", ""response"": ""brake_applied"", ""vss_signals"": [""Vehicle.Chassis.Sensors.ObstacleDetected"", ""Vehicle.Chassis.Brake.ActualPressure""], ""can_ids"": [""0x260"", ""0x250""], ""formula"": ""G(obstacle_detected -> F[0,100 ms] brake_applied)""}"
R113,format,True,True,True,True,True,True,0,2,1,0,2,0,2,2,2,2,eager,0,1,False,False,"VSS signals ['Vehicle.Chassis.ObstacleDetection', 'Vehicle.Brake.PedalApplied'] are not in the knowledge base; list only signals that exist there, or leave the list empty | CAN IDs ['0x250', '0x260'] are not in the knowledge base; list only IDs that exist there, or leave the list empty","{""deadline_ms"": 100.0, ""unresolved"": false, ""component"": ""braking_system"", ""trigger"": ""obstacle_detected"", ""response"": ""brake_applied"", ""vss_signals"": [""Vehicle.Chassis.ObstacleDetection"", ""Vehicle.Brake.PedalApplied""], ""can_ids"": [""0x250"", ""0x260""], ""formula"": ""G(obstacle_detected -> F[0,100 ms] brake_applied)""}"
R114,format,True,True,True,True,True,True,0,2,1,0,2,0,2,2,2,2,eager,0,1,False,False,"VSS signals ['Vehicle.Sensors.ObstacleDetection', 'Vehicle.Chassis.Brake.Actuator.Actuation'] are not in the knowledge base; list only signals that exist there, or leave the list empty | CAN IDs ['0x0B0', '0x0A0'] are not in the knowledge base; list only IDs that exist there, or leave the list empty","{""deadline_ms"": 100.0, ""unresolved"": false, ""component"": ""braking_system"", ""trigger"": ""obstacle_detected"", ""response"": ""brake_applied"", ""vss_signals"": [""Vehicle.Sensors.ObstacleDetection"", ""Vehicle.Chassis.Brake.Actuator.Actuation""], ""can_ids"": [""0x0B0"", ""0x0A0""], ""formula"": ""G(obstacle_detected -> F[0,100 ms] brake_applied)""}"
R115,format,True,True,True,True,True,True,0,2,1,0,0,0,2,0,2,0,eager,0,1,False,False,"VSS signals ['Vehicle.Chassis.LaneDetection.Crossing', 'Vehicle.Body.LDW.Alert'] are not in the knowledge base; list only signals that exist there, or leave the list empty","{""deadline_ms"": 200.0, ""unresolved"": false, ""component"": ""lane_departure_system"", ""trigger"": ""lane_crossing"", ""response"": ""ldw_alert"", ""vss_signals"": [""Vehicle.Chassis.LaneDetection.Crossing"", ""Vehicle.Body.LDW.Alert""], ""can_ids"": [], ""formula"": ""G(lane_crossing -> F[0,200 ms] ldw_alert)""}"
R116,format,True,True,True,True,True,True,0,1,0,0,1,1,1,0,1,1,eager,0,1,False,False,"VSS signals ['Vehicle.Identification.Heartbeat'] are not in the knowledge base; list only signals that exist there, or leave the list empty","{""deadline_ms"": 500.0, ""unresolved"": false, ""component"": ""ecu_watchdog"", ""trigger"": ""heartbeat_missed"", ""response"": ""system_reset"", ""vss_signals"": [""Vehicle.Identification.Heartbeat""], ""can_ids"": [""0x700""], ""formula"": ""G(heartbeat_missed -> F[0,500 ms] system_reset)""}"
R117,format,True,True,True,True,True,True,0,2,1,0,2,0,2,2,2,2,eager,0,1,False,False,"VSS signals ['Vehicle.ADAS.PedestrianDetection', 'Vehicle.Brake.Actuator.ActualTorque'] are not in the knowledge base; list only signals that exist there, or leave the list empty | CAN IDs ['0x250', '0x120'] are not in the knowledge base; list only IDs that exist there, or leave the list empty","{""deadline_ms"": 100.0, ""unresolved"": false, ""component"": ""braking_system"", ""trigger"": ""pedestrian_detected"", ""response"": ""brake_applied"", ""vss_signals"": [""Vehicle.ADAS.PedestrianDetection"", ""Vehicle.Brake.Actuator.ActualTorque""], ""can_ids"": [""0x250"", ""0x120""], ""formula"": ""G(pedestrian_detected -> F[0,100 ms] brake_applied)""}"
R118,format,True,True,True,True,True,True,0,2,0,0,1,0,1,1,2,1,eager,0,1,False,False,"VSS signals ['Vehicle.CruiseControl.SetSpeed'] are not in the knowledge base; list only signals that exist there, or leave the list empty | CAN IDs ['0x5A0'] are not in the knowledge base; list only IDs that exist there, or leave the list empty","{""deadline_ms"": 300.0, ""unresolved"": false, ""component"": ""acc_system"", ""trigger"": ""acc_setpoint_changed"", ""response"": ""acc_output_updated"", ""vss_signals"": [""Vehicle.CruiseControl.SetSpeed"", ""Vehicle.Speed""], ""can_ids"": [""0x5A0""], ""formula"": ""G(acc_setpoint_changed -> F[0,300 ms] acc_output_updated)""}"
R119,format,True,True,True,True,True,True,0,0,0,0,0,0,0,0,0,0,eager,0,1,True,True,,"{""deadline_ms"": 50.0, ""unresolved"": false, ""component"": ""alert_module"", ""trigger"": ""driver_alert_requested"", ""response"": ""driver_alert_shown"", ""vss_signals"": [], ""can_ids"": [], ""formula"": ""G(driver_alert_requested -> F[0,50 ms] driver_alert_shown)""}"
R120,format,True,True,True,True,True,True,0,2,1,0,2,0,2,1,2,2,eager,0,1,False,False,"VSS signals ['Vehicle.Chassis.Brake.AEBActive', 'Vehicle.Chassis.Brake.ObstacleDetected'] are not in the knowledge base; list only signals that exist there, or leave the list empty | CAN IDs ['0x1A1'] are not in the knowledge base; list only IDs that exist there, or leave the list empty","{""deadline_ms"": 100.0, ""unresolved"": false, ""component"": ""braking_system"", ""trigger"": ""obstacle_detected"", ""response"": ""aeb_engaged"", ""vss_signals"": [""Vehicle.Chassis.Brake.AEBActive"", ""Vehicle.Chassis.Brake.ObstacleDetected""], ""can_ids"": [""0x1A0"", ""0x1A1""], ""formula"": ""G(obstacle_detected -> F[0,100 ms] aeb_engaged)""}"
